"station_id","x","y","dt_placement","culex.spp","region","dt_placement_original","year","month","indices_image_date","indices_lat","indices_lon","ndvi","ndmi","ndwi","ndbi","ndvi_mean","ndmi_mean","ndwi_mean","ndbi_mean","ndvi_std","ndmi_std","ndwi_std","ndbi_std","lst_image_date","lst_lat","lst_lon","lst_day","lst_night","monthly_lst_lat","monthly_lst_lon","lst_jan_day_mean","lst_jan_night_mean","lst_feb_day_mean","lst_feb_night_mean","lst_mar_day_mean","lst_mar_night_mean","lst_apr_day_mean","lst_apr_night_mean","indices_image_date","indices_lat","indices_lon","acc_rainfall_jan","dt_placement_minus_7","dt_placement_minus_14","dt_placement_minus_7_avail","dt_placement_minus_14_avail","acc_rainfall_1week","acc_rainfall_2week"
"SG01 Söllingen",8.072794,48.78978,2023-04-10,0,"Germany",2023-04-25,2023,4,2023-04-09,48.7897488687458,8.0736086160249,0.340400471142521,0.178663904712584,-0.17744438696327,-0.178663904712584,0.189451824518721,0.140838437052102,-0.0940569876248049,-0.140838437052102,0.0888885595175475,0.0513389404263151,0.0920317869455713,0.0513389404263151,2023-04-10,48.7897488687458,8.0736086160249,14075,13930,48.7897488687458,8.0736086160249,13718.75,13501.4285714286,13884.75,13576.0833333333,14036.6666666667,13679.2857142857,14203.5,13817.7142857143,2023-04-10,48.7502229962402,8.05003682296889,118.124936287742,2023-04-03,2023-03-27,2023-04-03,2023-03-27,0,43.9834833797067
"SG02 Stollhofen",8.026841,48.770099,2023-04-10,0,"Germany",2023-04-25,2023,4,2023-04-09,48.7717825630634,8.02869285181892,0.50474618241849,0.0985236517023199,-0.391603053435114,-0.0985236517023199,0.0932695592757089,0.0204081632653061,-0.0606562810739144,-0.0204081632653061,0,0,0,0,2023-04-10,48.7717825630634,8.02869285181892,14179,13948,48.7717825630634,8.02869285181892,13726.5,13559.7142857143,13863.7777777778,13598.7142857143,14038.8571428571,13769.2,14178.2727272727,13861.5714285714,2023-04-10,48.7502229962402,8.05003682296889,118.124936287742,2023-04-03,2023-03-27,2023-04-03,2023-03-27,0,43.9834833797067
"SG03 Greffern",7.985248,48.759098,2023-04-10,0,"Germany",2023-04-25,2023,4,2023-04-09,48.7583078338016,7.98377708761294,0.421629347308242,0.0328833506403599,-0.318021201413428,-0.0328833506403599,0.320860045414648,0.0833010965308627,-0.194074231636489,-0.0833010965308627,0.173341400935327,0.109885868750954,0.227683995020091,0.109885868750954,2023-04-10,48.7583078338016,7.98377708761294,14211,13957,48.7583078338016,7.98377708761294,13789.25,13443.8,13876.9,13607.3846153846,14054.4444444444,13788.8,14244.5,13844.25,2023-04-10,48.7502229962402,7.95003636554071,111.283943705825,2023-04-03,2023-03-27,2023-04-03,2023-03-27,0,36.2152587720193
"SG04 Grauelsbaum",7.973691,48.751194,2023-04-10,0,"Germany",2023-04-25,2023,4,2023-04-09,48.7493246809604,7.97479393477175,0.491803278688525,0.0405405405405405,-0.413841807909605,-0.0405405405405405,0.448173563459175,0.0409580289086358,-0.362646547440981,-0.0409580289086358,0.0398986154267925,0.0452167572711279,0.0438111270656213,0.0452167572711279,2023-04-10,48.7493246809604,7.97479393477175,14272,13941,48.7493246809604,7.97479393477175,13857,13441,13883.2,13583,14071.7,13791.6666666667,14281.5454545455,13786.5,2023-04-10,48.7502229962402,7.95003636554071,111.283943705825,2023-04-03,2023-03-27,2023-04-03,2023-03-27,0,36.2152587720193
"SB01 Freistett",7.934067,48.685016,2023-04-10,0,"Germany",2023-04-25,2023,4,2023-04-09,48.686442611072,7.93436974698637,0.455236486486487,0.0547903275176003,-0.354559748427673,-0.0547903275176003,0.10185255241003,0.109523855078092,-0.00566953123367718,-0.109523855078092,0.0749654009433058,0.0165040849592102,0.0965895766548271,0.0165040849592102,2023-04-10,48.686442611072,7.93436974698637,14174,14002,48.686442611072,7.93436974698637,13977.6666666667,13543.125,13890.6363636364,13647.1666666667,14052.8,13724.1666666667,14232.5555555556,13799.25,2023-04-10,48.650222538812,7.95003636554071,103.212430830499,2023-04-03,2023-03-27,2023-04-03,2023-03-27,0,42.7504234116059
"SB02 Rheinbischofsheim",7.906248,48.667697,2023-04-10,0,"Germany",2023-04-25,2023,4,2023-04-09,48.6684763053896,7.90742028846278,0.331203407880724,0.0964912280701754,-0.196744853997128,-0.0964912280701754,0.277892485632026,0.135936721189839,-0.166670957596537,-0.135936721189839,0.0636566352257924,0.0490468426346288,0.058855043634225,0.0490468426346288,2023-04-10,48.6684763053896,7.90742028846278,14096,13928,48.6684763053896,7.90742028846278,13919.6666666667,13478.1428571429,13878.7272727273,13608.9166666667,14054.6,13705.3333333333,14198.7777777778,13811.5714285714,2023-04-10,48.650222538812,7.95003636554071,103.212430830499,2023-04-03,2023-03-27,2023-04-03,2023-03-27,0,42.7504234116059
"SB03 Goldscheuer",7.804023,48.504416,2023-04-10,0,"Germany",2023-04-25,2023,4,2023-04-09,48.5022879778275,7.80411403078903,0.424299065420561,0.163951120162933,-0.251231527093596,-0.163951120162933,0.339912147590723,0.171428519206956,-0.195091173392426,-0.171428519206956,0.217606761387327,0.126138979391908,0.264032042457398,0.126138979391908,2023-04-10,48.5022879778275,7.80411403078903,14304,13966,48.5022879778275,7.80411403078903,13813.5,13410.3,13928.3333333333,13628.75,14013.5714285714,13742,14212.4444444444,13761,2023-04-10,48.5502220813838,7.85003590811252,90.6518260242155,2023-04-03,2023-03-27,2023-04-03,2023-03-27,0,34.5626401361078
"SB04 Altenheim N",7.774556,48.475482,2023-04-10,0,"Germany",2023-04-25,2023,4,2023-04-09,48.4753385193039,7.77267299584484,0.4739560912613,0.0486983154670751,-0.377867203219316,-0.0486983154670751,0.322232821700927,0.0885676699671572,-0.190768641383801,-0.0885676699671572,0.160108237774465,0.0593469707646807,0.188349286750143,0.0593469707646807,2023-04-10,48.4753385193039,7.77267299584484,14254,13933,48.4753385193039,7.77267299584484,13844.75,13366.1818181818,13929.3333333333,13649.8125,13946.5,13854.6,14191.3333333333,13842.5,2023-04-10,48.4502216239556,7.75003545068434,93.8428208939877,2023-04-03,2023-03-27,2023-04-03,2023-03-27,0,22.8581074862741
"SB05 Altenheim S",7.771718,48.459707,2023-04-10,0,"Germany",2023-04-25,2023,4,2023-04-09,48.4618637900421,7.77267299584484,0.469350411710887,0.0479608482871126,-0.360440491317238,-0.0479608482871126,0.430180309230549,0.111533660767259,-0.324008160821893,-0.111533660767259,0.119145387842335,0.0652328893001794,0.143452514653414,0.0652328893001794,2023-04-10,48.4618637900421,7.77267299584484,14276,13979,48.4618637900421,7.77267299584484,13837,13424.6363636364,13901.5,13631.5625,14002.3333333333,13807.75,14146.625,13837,2023-04-10,48.4502216239556,7.75003545068434,93.8428208939877,2023-04-03,2023-03-27,2023-04-03,2023-03-27,0,22.8581074862741
"SB06 Ichenheim",7.765352,48.439419,2023-04-10,0,"Germany",2023-04-25,2023,4,2023-04-09,48.4394059079391,7.76368984300364,0.464826357969724,0.020788085634502,-0.370262390670554,-0.020788085634502,0.315745074131278,0.0681692406313766,-0.191387028836563,-0.0681692406313766,0.204359574087427,0.0844856754833387,0.262749226660779,0.0844856754833387,2023-04-10,48.4394059079391,7.76368984300364,14262,13980,48.4394059079391,7.76368984300364,13869.3333333333,13383,13912.3636363636,13608.875,14107.375,13770.6666666667,14183.125,13807.875,2023-04-10,48.4502216239556,7.75003545068434,93.8428208939877,2023-04-03,2023-03-27,2023-04-03,2023-03-27,0,22.8581074862741
"SB07 Meißenheim",7.757027,48.408606,2023-04-10,0,"Germany",2023-04-25,2023,4,2023-04-09,48.4079648729949,7.75919826658304,0.657089898053753,0.265094339622641,-0.542709232096635,-0.265094339622641,0.53594555214022,0.151916052638195,-0.456617933954658,-0.151916052638195,0.102510218030357,0.115647647447165,0.0962095604887083,0.115647647447165,2023-04-10,48.4079648729949,7.75919826658304,14405,13916,48.4079648729949,7.75919826658304,13720,13507.8333333333,13919.9090909091,13537.6666666667,14130.9,13736.2857142857,14308.4444444444,13665.4,2023-04-10,48.4502216239556,7.75003545068434,93.8428208939877,2023-04-03,2023-03-27,2023-04-03,2023-03-27,0,22.8581074862741
"SB08 Ottenheim",7.7384,48.381404,2023-04-10,0,"Germany",2023-04-25,2023,4,2023-04-09,48.3810154144714,7.73674038448005,0.501506672406371,0.103448275862069,-0.390195296931048,-0.103448275862069,0.390350963514223,0.122732333693175,-0.256557944628257,-0.122732333693175,0.163428174227203,0.100408804729827,0.215155334661088,0.100408804729827,2023-04-10,48.3810154144714,7.73674038448005,14283,13978,48.3810154144714,7.73674038448005,13796.1428571429,13518.3333333333,13894.0909090909,13634.9285714286,14128.75,13823,14261.375,13757.1,2023-04-10,48.3502211665275,7.75003545068434,95.4426424999147,2023-04-03,2023-03-27,2023-04-03,2023-03-27,0,34.0759615348652
"SB09 Nonnenweier",7.748795,48.359666,2023-04-09,0,"Germany",2023-04-24,2023,4,2023-04-09,48.3585575323684,7.75021511374185,0.537270087124879,0.143268538516919,-0.461798097575944,-0.143268538516919,0.483151725596516,0.115107618726941,-0.42953309069616,-0.115107618726941,0.0499449200094732,0.0336950429888201,0.0265497802214931,0.0336950429888201,2023-04-09,48.3585575323684,7.75021511374185,14286,13941,48.3585575323684,7.75021511374185,13829.3333333333,13377.4285714286,13896.4545454545,13593.4615384615,14082.4,13814,14215.1428571429,13757.5555555556,2023-04-09,48.3502211665275,7.75003545068434,95.4426424999147,2023-04-02,2023-03-26,2023-04-02,2023-03-26,0,34.0759615348652
"SB10 Schuttern",7.867669,48.400243,2023-04-10,0,"Germany",2023-04-25,2023,4,2023-04-09,48.3989817201537,7.8669961006774,0.601986960571251,0.195828505214368,-0.514084507042254,-0.195828505214368,0.531245684625601,0.248098102144121,-0.409600945750852,-0.248098102144121,0.148780397131074,0.070692442792361,0.228019096392686,0.070692442792361,2023-04-10,48.3989817201537,7.8669961006774,14332,13997,48.3989817201537,7.8669961006774,13773.5,13650.5,13960.3,13582.9166666667,14243.8333333333,13737.6,14394.4,13782.1428571429,2023-04-10,48.4502216239556,7.85003590811252,112.938032238104,2023-04-03,2023-03-27,2023-04-03,2023-03-27,0,35.4053823297436
"SB11 Kappel",7.740874,48.316083,2023-04-09,0,"Germany",2023-04-24,2023,4,2023-04-09,48.318133344583,7.74123196090065,0.450192389910218,0.0357251908396946,-0.374392220421394,-0.0357251908396946,0.409929108504585,0.0903524534108893,-0.299045865336191,-0.0903524534108893,0.134777688123538,0.0655794001545604,0.159855548724923,0.0655794001545604,2023-04-09,48.318133344583,7.74123196090065,14442,13917,48.318133344583,7.74123196090065,13824.2,13413.5,13930.8,13549.3529411765,14123.3,13689,14261.4444444444,13831,2023-04-09,48.3502211665275,7.75003545068434,95.4426424999147,2023-04-02,2023-03-26,2023-04-02,2023-03-26,0,34.0759615348652
"SB12 Rust",7.722423,48.272803,2023-04-09,0,"Germany",2023-04-24,2023,4,2023-04-09,48.273217580377,7.72326565521826,0.486127864897467,0.112582781456954,-0.390519187358916,-0.112582781456954,0.469727863010694,0.141332815277686,-0.403365634891363,-0.141332815277686,0.115094196304537,0.0960373064418407,0.0919259193604613,0.0960373064418407,2023-04-09,48.273217580377,7.72326565521826,14541,13894,48.273217580377,7.72326565521826,13816.5714285714,13178.5,13906.0909090909,13542.3333333333,14193.625,13667,14405,13735.7777777778,2023-04-09,48.2502207090993,7.75003545068434,99.4115714265208,2023-04-02,2023-03-26,2023-04-02,2023-03-26,0.000339306949172169,63.0058881732402
"SB13 Niederhausen",7.692928,48.247767,2023-04-09,0,"Germany",2023-04-24,2023,4,2023-04-09,48.2462681218534,7.69182462027407,0.453427895981087,0.0287817938420348,-0.348837209302326,-0.0287817938420348,0.46979501418392,0.039758334509547,-0.375428023904578,-0.039758334509547,0.0296044672116228,0.0370640444972909,0.0238406260840646,0.0370640444972909,2023-04-09,48.2462681218534,7.69182462027407,14411,13955,48.2462681218534,7.69182462027407,13870.5,13310,13914.5384615385,13596.5714285714,14132.5714285714,13719.8,14263.8571428571,13798.8,2023-04-09,48.2502207090993,7.65003499325615,99.3631425058666,2023-04-02,2023-03-26,2023-04-02,2023-03-26,0.003569963038899,67.9855307835387
"SB14 Oberhausen",7.695708,48.219534,2023-04-09,0,"Germany",2023-04-24,2023,4,2023-04-09,48.2193186633298,7.69631619669467,0.533596837944664,0.112704330369946,-0.437569470174138,-0.112704330369946,0.526798831896449,0.123496564222118,-0.448808079487398,-0.123496564222118,0.0510656232081304,0.0760398929518108,0.04283865375129,0.0760398929518108,2023-04-09,48.2193186633298,7.69631619669467,14422,13867,48.2193186633298,7.69631619669467,13912.8,13229.5,13897.0769230769,13547.1666666667,14127.7142857143,13632.625,14248.125,13775.75,2023-04-09,48.2502207090993,7.65003499325615,99.3631425058666,2023-04-02,2023-03-26,2023-04-02,2023-03-26,0.003569963038899,67.9855307835387
"SB15 Weisweil",7.658595,48.20418,2023-04-09,1,"Germany",2023-04-24,2023,4,2023-04-09,48.205843934068,7.66038358532989,0.433997220935618,0.034413631807551,-0.344917463075586,-0.034413631807551,0.472282177002526,0.0593279436295748,-0.384522230249257,-0.0593279436295748,0.0333994440187412,0.0388436311081073,0.049613060305318,0.0388436311081073,2023-04-09,48.205843934068,7.66038358532989,14413,13933,48.205843934068,7.66038358532989,13862,13277.1666666667,13888.75,13618.6923076923,14069.6666666667,13605.6666666667,14221.5714285714,13860.5714285714,2023-04-09,48.2502207090993,7.65003499325615,99.3631425058666,2023-04-02,2023-03-26,2023-04-02,2023-03-26,0.003569963038899,67.9855307835387
"SB16 Burkheim",7.582356,48.103378,2023-04-09,0,"Germany",2023-04-24,2023,4,2023-04-09,48.1025376763943,7.58402678617972,0.469018932874355,0.0705550329256821,-0.377168212989109,-0.0705550329256821,0.361696380518341,0.090069359722074,-0.248449089548978,-0.090069359722074,0.174741808167488,0.0289384026049873,0.215430131155579,0.0289384026049873,2023-04-09,48.1025376763943,7.58402678617972,14458,13956,48.1025376763943,7.58402678617972,13909.4,13724.6666666667,13922.3333333333,13670.6363636364,14173.6666666667,13829.5,14361.1666666667,13858,2023-04-09,48.1502202516711,7.55003453582797,46.7883646744085,2023-04-02,2023-03-26,2023-04-02,2023-03-26,0.208922985941172,22.7918554712087
"SB17 Bötzingen",7.710277,48.059292,2023-04-09,0,"Germany",2023-04-24,2023,4,2023-04-09,48.0576219121883,7.70979092595647,0.561940298507463,0.0884035361414457,-0.46108202443281,-0.0884035361414457,0.559166107941223,0.130282374395647,-0.476675472785659,-0.130282374395647,0.0642344983679439,0.0477052167976749,0.0374523177128603,0.0477052167976749,2023-04-09,48.0576219121883,7.70979092595647,14695,13856,48.0576219121883,7.70979092595647,13907.4,13209,13966.2222222222,13542.8181818182,14267,13695,14534.6,13759.6,2023-04-09,48.0502197942429,7.75003545068434,76.9225149496961,2023-04-02,2023-03-26,2023-04-02,2023-03-26,0.0779899035114795,19.4611838172423
"SB18 Gottenheim",7.739779,48.057447,2023-04-09,1,"Germany",2023-04-24,2023,4,2023-04-09,48.0576219121883,7.74123196090065,0.531654676258993,0.0815341630683261,-0.450272479564033,-0.0815341630683261,0.484900746801987,0.0844293860676224,-0.429071068746932,-0.0844293860676224,0.118655563243356,0.0730691155552994,0.0697359306397843,0.0730691155552994,2023-04-09,48.0576219121883,7.74123196090065,14635,13865,48.0576219121883,7.74123196090065,13908.5,13275.3333333333,13931.3333333333,13571.1,14298.3333333333,13736.6666666667,14465.8333333333,13749,2023-04-09,48.0502197942429,7.75003545068434,76.9225149496961,2023-04-02,2023-03-26,2023-04-02,2023-03-26,0.0779899035114795,19.4611838172423
"N01 Lampertheim",8.437625,49.592503,2023-04-12,2,"Germany",2023-04-27,2023,4,2023-04-11,49.5937410480328,8.43742630609334,0.605965012905076,0.191489361702128,-0.515971846237141,-0.191489361702128,0.502297807440178,0.137241989838161,-0.448792572231553,-0.137241989838161,0.0997197685929348,0.0518226393510764,0.0690980051934305,0.0518226393510764,2023-04-12,49.5937410480328,8.43742630609334,14476,13753,49.5937410480328,8.43742630609334,13817.4,13404.7142857143,13977.7142857143,13529.1428571429,14030.25,13573,14392.8888888889,13732.8888888889,2023-04-12,49.5502266556657,8.45003865268163,146.451077798785,2023-04-05,2023-03-29,2023-04-05,2023-03-29,9.41297847870737,44.552590922307
"N03 Gernsheim",8.458288,49.738154,2023-04-12,0,"Germany",2023-04-27,2023,4,2023-04-11,49.7374714934919,8.45988418819633,0.473641524736415,0.0353276353276353,-0.388082505729564,-0.0353276353276353,0.386228489658852,0.0961674421082387,-0.321151921306615,-0.0961674421082387,0.156456480452452,0.102619585655262,0.167639244659421,0.102619585655262,2023-04-12,49.7374714934919,8.45988418819633,14323,13804,49.7374714934919,8.45988418819633,13861,13542.125,13872.8888888889,13578.8666666667,14048.4285714286,13632.7142857143,14378.6666666667,13813,2023-04-12,49.750227570522,8.45003865268163,120.603967533381,2023-04-05,2023-03-29,2023-04-05,2023-03-29,13.0749138295651,31.8884376611095
"N04 Stockstadt",8.461155,49.813561,2023-04-12,0,"Germany",2023-04-27,2023,4,2023-04-11,49.8138282926421,8.45988418819633,0.484984466689679,0.0844466851525082,-0.415131578947368,-0.0844466851525082,0.531177802224695,0.128678652834679,-0.448385275480601,-0.128678652834679,0.092240211074539,0.0849734145748727,0.0739964939084922,0.0849734145748727,2023-04-12,49.8138282926421,8.45988418819633,14461,13812,49.8138282926421,8.45988418819633,13814.5,13480.4,13887.625,13610,14090.7142857143,13846.8,14363.3333333333,13805.1428571429,2023-04-12,49.8502280279502,8.45003865268163,125.593337509752,2023-04-05,2023-03-29,2023-04-05,2023-03-29,11.0020465338603,34.666323617188
"N05 Knoblochsaue",8.41138,49.825157,2023-04-12,0,"Germany",2023-04-27,2023,4,2023-04-11,49.8273030219039,8.41047684756975,0.468651330626973,0.0226130653266331,-0.365199161425577,-0.0226130653266331,0.518467598830347,0.0980758900422588,-0.414592203365945,-0.0980758900422588,0.0764776423659844,0.104520415389434,0.0774054757369674,0.104520415389434,2023-04-12,49.8273030219039,8.41047684756975,14250,13842,49.8273030219039,8.41047684756975,13826.6666666667,13439.25,13860.75,13580.3846153846,14076.5714285714,13640,14301.875,13828.7777777778,2023-04-12,49.8502280279502,8.45003865268163,125.593337509752,2023-04-05,2023-03-29,2023-04-05,2023-03-29,11.0020465338603,34.666323617188
"N06 Wolfskehlen",8.520021,49.863317,2023-04-12,1,"Germany",2023-04-27,2023,4,2023-04-11,49.8632356332687,8.51827468166411,0.648142976822117,0.320653390020139,-0.537780093798854,-0.320653390020139,0.561270636740249,0.19973921448442,-0.475346206571876,-0.19973921448442,0.0802126819757608,0.0927226069770927,0.0677437883607288,0.0927226069770927,2023-04-12,49.8632356332687,8.51827468166411,14365,13828,49.8632356332687,8.51827468166411,13861.8,13512,13937,13587.0833333333,14100.8,13727.7142857143,14268.625,13846.1428571429,2023-04-12,49.8502280279502,8.55003911010982,126.999471004729,2023-04-05,2023-03-29,2023-04-05,2023-03-29,12.1490049473941,32.7931207604415
"N12 Oppenheim",8.363227,49.85911,2023-04-12,0,"Germany",2023-04-27,2023,4,2023-04-11,49.8587440568481,8.36106950694318,0.32051282051282,-0.0293791574279379,-0.286554004408523,0.0293791574279379,0.266983850681797,0.154623777097691,-0.188650549939531,-0.154623777097691,0.206517125580503,0.161062152297046,0.230956970432972,0.161062152297046,2023-04-12,49.8587440568481,8.36106950694318,13982,13744,49.8587440568481,8.36106950694318,13880,13426.3,13939,13623.4375,14070.4,13768,14364.1818181818,13837.3636363636,2023-04-12,49.8502280279502,8.35003819525345,123.682563303984,2023-04-05,2023-03-29,2023-04-05,2023-03-29,11.1160977929831,37.0206901300698
"N13 Eich",8.392527,49.755169,2023-04-12,4,"Germany",2023-04-27,2023,4,2023-04-11,49.7554377991744,8.39251054188736,0.271366679795195,-0.0514252130473112,-0.264890282131661,0.0514252130473112,0.343988501455183,0.0148857367650072,-0.319547698430909,-0.0148857367650072,0.11510095235577,0.104659506563392,0.115411583747337,0.104659506563392,2023-04-12,49.7554377991744,8.39251054188736,14055,13859,49.7554377991744,8.39251054188736,13777.25,13593.875,13910.6666666667,13555.625,14048.1666666667,13621.7,14410.6363636364,13791.5555555556,2023-04-12,49.750227570522,8.35003819525345,119.174068839935,2023-04-05,2023-03-29,2023-04-05,2023-03-29,11.282953500282,28.6464702303056
"N14 Hamm",8.441556,49.731548,2023-04-12,0,"Germany",2023-04-27,2023,4,2023-04-11,49.7329799170714,8.44191788251394,0.553635280095351,0.145430579964851,-0.485046995158075,-0.145430579964851,0.456718672922577,0.160498657323155,-0.387160114871991,-0.160498657323155,0.139284526394744,0.103964149779192,0.149974401737029,0.103964149779192,2023-04-12,49.7329799170714,8.44191788251394,14376,13798,49.7329799170714,8.44191788251394,13775.5,13483.5,13891.125,13547.4,14028,13636.625,14452.3333333333,13822.875,2023-04-12,49.750227570522,8.45003865268163,120.603967533381,2023-04-05,2023-03-29,2023-04-05,2023-03-29,13.0749138295651,31.8884376611095
"N15 Rheindürkheim",8.365435,49.702811,2023-04-12,0,"Germany",2023-04-27,2023,4,2023-04-11,49.7015388821272,8.36556108336377,0.648321408915795,0.26424651751794,-0.535897435897436,-0.26424651751794,0.418535091711408,0.217952817541769,-0.322970711463094,-0.217952817541769,0.228502567833138,0.0745383173388834,0.241453985490958,0.0745383173388834,2023-04-12,49.7015388821272,8.36556108336377,14348,13867,49.7015388821272,8.36556108336377,13772.6,13511.4285714286,13906.875,13586.1538461538,14106.875,13771,14390,13856.25,2023-04-12,49.750227570522,8.35003819525345,119.174068839935,2023-04-05,2023-03-29,2023-04-05,2023-03-29,11.282953500282,28.6464702303056
"N16 Bobenheim-Roxheim",8.381922,49.570168,2023-04-12,7,"Germany",2023-04-27,2023,4,2023-04-11,49.5712831659298,8.38352738904617,0.155704697986577,0.13964262078094,-0.0286738351254481,-0.13964262078094,0.263249618858767,0.113157461747071,-0.180390131981336,-0.113157461747071,0.09124499495903,0.0532482033033865,0.178214216980251,0.0532482033033865,2023-04-12,49.5712831659298,8.38352738904617,14552,13888,49.5712831659298,8.38352738904617,13976.5,13444.5555555556,13960,13532.4,13958.1666666667,13579,14467.75,13788.5714285714,2023-04-12,49.5502266556657,8.35003819525345,73.7790729440749,2023-04-05,2023-03-29,2023-04-05,2023-03-29,7.36995564121753,38.645617706512
"S01 Otterstadt",8.486561,49.37627,2023-04-11,0,"Germany",2023-04-26,2023,4,2023-04-11,49.3781453798441,8.48683364671992,0.402548371873525,-0.0764449968924798,-0.33034914950761,0.0764449968924798,0.427873313449915,-0.0209877290355798,-0.362966967730327,0.0209877290355798,0.0316815571716981,0.0419412911589713,0.0243199880603969,0.0419412911589713,2023-04-11,49.3781453798441,8.48683364671992,14345,13965,49.3781453798441,8.48683364671992,13536.6666666667,13433.8571428571,13869.7,13604.9285714286,14051.8333333333,13717.1428571429,14334.7777777778,13832.4,2023-04-11,49.3502257408093,8.45003865268163,118.236152506564,2023-04-04,2023-03-28,2023-04-04,2023-03-28,5.1242494340986,24.7932414585885
"S02 Speyer",8.472244,49.286018,2023-04-11,0,"Germany",2023-04-26,2023,4,2023-04-11,49.2838222750115,8.47335891745813,0.10790273556231,0.210963455149502,0.0501628664495114,-0.210963455149502,0.286296248178367,0.0912023334696333,-0.197394087949595,-0.0912023334696333,0.19553069391389,0.110378281358889,0.235615153704938,0.110378281358889,2023-04-11,49.2838222750116,8.47335891745813,14405,13921,49.2838222750116,8.47335891745813,13910,13559.625,13920.8888888889,13603.5384615385,14015,13763.4285714286,14363.1428571429,13778.1111111111,2023-04-11,49.2502252833811,8.45003865268163,64.4391011485393,2023-04-04,2023-03-28,2023-04-04,2023-03-28,7.56654463568702,22.5590213508951
"S03 Römerberg",8.423394,49.291796,2023-04-11,0,"Germany",2023-04-26,2023,4,2023-04-11,49.2928054278528,8.42395157683155,0.408555069046817,0.0227439471753485,-0.376110562685094,-0.0227439471753485,0.471884165025197,0.066949776218675,-0.416509675036697,-0.066949776218675,0.117129689357031,0.110392229936598,0.0840884783199048,0.110392229936598,2023-04-11,49.2928054278528,8.42395157683155,14372,13911,49.2928054278528,8.42395157683155,13917,13692.6666666667,13963.4444444444,13608.3636363636,14157,13546.3333333333,14398,13806.5,2023-04-11,49.2502252833811,8.45003865268163,64.4391011485393,2023-04-04,2023-03-28,2023-04-04,2023-03-28,7.56654463568702,22.5590213508951
"S04 Lingenfeld",8.368656,49.258329,2023-04-11,0,"Germany",2023-04-26,2023,4,2023-04-11,49.256872816488,8.37005265978437,0.505409582689335,0.143192488262911,-0.401943145016193,-0.143192488262911,0.318846424210526,0.061098855593527,-0.283404078681532,-0.061098855593527,0.141863267512828,0.0799834758233604,0.0912159427656991,0.0799834758233604,2023-04-11,49.256872816488,8.37005265978437,14360,13942,49.256872816488,8.37005265978437,13921.3333333333,13581.5,13940.8888888889,13598.1666666667,14061.1111111111,13560.4444444444,14316.4545454545,13785,2023-04-11,49.2502252833811,8.35003819525345,58.1301055263666,2023-04-04,2023-03-28,2023-04-04,2023-03-28,5.0938931023702,19.3715871463569
"S05 Sondernheim",8.361245,49.180282,2023-04-11,0,"Germany",2023-04-26,2023,4,2023-04-11,49.1805160173378,8.36106950694318,0.221351250466592,0.015518311607697,-0.193289569657185,-0.015518311607697,0.29842527011034,0.0302779622718843,-0.262478822439059,-0.0302779622718843,0.0781834292143053,0.0335052393416571,0.0729722589389116,0.0335052393416571,2023-04-11,49.1805160173378,8.36106950694318,14266,13912,49.1805160173378,8.36106950694318,13801.6,13579.75,13847.1111111111,13633.5454545455,13984.25,13733.2857142857,14303.625,13722,2023-04-11,49.1502248259529,8.35003819525345,92.0802802596372,2023-04-04,2023-03-28,2023-04-04,2023-03-28,5.47133807232603,25.6649328801941
"S06 Hördt",8.364548,49.175141,2023-04-11,0,"Germany",2023-04-26,2023,4,2023-04-11,49.1760244409172,8.36556108336377,0.468669842433126,0.071084981293426,-0.392633773453787,-0.071084981293426,0.14226205282699,0.196769890676523,-0.0163822856449911,-0.196769890676523,0.0336829643551403,0.0610247861295603,0.0744688460094558,0.0610247861295603,2023-04-11,49.1760244409172,8.36556108336377,14234,13924,49.1760244409172,8.36556108336377,13730.4,13588.6666666667,13845.8888888889,13638.75,13964.25,13750.8571428571,14282.75,13795.375,2023-04-11,49.1502248259529,8.35003819525345,92.0802802596372,2023-04-04,2023-03-28,2023-04-04,2023-03-28,5.47133807232603,25.6649328801941
"S07 Leimersheim",8.35908,49.115716,2023-04-11,0,"Germany",2023-04-26,2023,4,2023-04-11,49.1176339474494,8.36106950694318,0.392978482446206,0.0500853727945361,-0.325431034482759,-0.0500853727945361,0.290674148943441,0.072717170645005,-0.213121515605202,-0.072717170645005,0.116303447805561,0.0541998685957297,0.141943702728395,0.0541998685957297,2023-04-11,49.1176339474494,8.36106950694318,14401,13969,49.1176339474494,8.36106950694318,13881.5,13548.5,13906.625,13646.8571428571,14051.25,13826.25,14279.4,13817.5555555556,2023-04-11,49.1502248259529,8.35003819525345,92.0802802596372,2023-04-04,2023-03-28,2023-04-04,2023-03-28,5.47133807232603,25.6649328801941
"S08 Bienwald",8.164592,49.038977,2023-04-11,0,"Germany",2023-04-26,2023,4,2023-04-11,49.0367855718787,8.16344014443686,0.371814092953523,-0.101178781925344,-0.392694063926941,0.101178781925344,0.412394632508805,-0.0403178545123301,-0.393482936968149,0.0403178545123301,0.0280064823053027,0.0354659214287225,0.00771846954824041,0.0354659214287225,2023-04-11,49.0367855718787,8.16344014443686,13908,13922,49.0367855718787,8.16344014443686,13707.3333333333,13510.2,13814.5,13610.0833333333,13949,13752,14237.3333333333,13795.8571428571,2023-04-11,49.0502243685247,8.15003728039708,86.2751187188942,2023-04-04,2023-03-28,2023-04-04,2023-03-28,4.09869055837044,26.0170267509093
"S09 Wörth",8.296315,49.021501,2023-04-11,0,"Germany",2023-04-26,2023,4,2023-04-11,49.0233108426169,8.29818743705481,0.2990492653414,0.12415856394914,-0.202881152460984,-0.12415856394914,0.414974669078443,0.187480261414676,-0.312246399802044,-0.187480261414676,0.151984865417265,0.0691219336627002,0.162509174043329,0.0691219336627002,2023-04-11,49.0233108426169,8.29818743705481,14157,13986,49.0233108426169,8.29818743705481,13807,13536.8571428571,13850.375,13600.7333333333,14009.3,13848.7142857143,14278.125,13807.4444444444,2023-04-11,49.0502243685247,8.25003773782526,90.3345288269073,2023-04-04,2023-03-28,2023-04-04,2023-03-28,4.70209103974048,30.1770372525789
"S17 Ketsch",8.518836,49.369708,2023-04-11,0,"Germany",2023-04-26,2023,4,2023-04-11,49.3691622270029,8.51827468166411,0.51905487804878,0.0902625820568928,-0.420527441197434,-0.0902625820568928,0.443996052061457,0.0561338658347328,-0.365791029920048,-0.0561338658347328,0.0640748596183322,0.0614946013051913,0.0477561940795426,0.0614946013051913,2023-04-11,49.3691622270029,8.51827468166411,14335,13976,49.3691622270029,8.51827468166411,13543.3333333333,13408.4444444444,13912.1111111111,13614.7857142857,14067.1428571429,13766.4285714286,14322.4,13860.9090909091,2023-04-11,49.3502257408093,8.55003911010982,126.226194284161,2023-04-04,2023-03-28,2023-04-04,2023-03-28,8.71362839452922,25.8026365890837
"SG01 Söllingen",8.072794,48.78978,2023-04-23,0,"Germany",2023-05-08,2023,4,2023-04-21,48.7897488687458,8.0736086160249,0.340400471142521,0.178663904712584,-0.17744438696327,-0.178663904712584,0.189451824518721,0.140838437052102,-0.0940569876248049,-0.140838437052102,0.0888885595175475,0.0513389404263151,0.0920317869455713,0.0513389404263151,2023-04-23,48.7897488687458,8.0736086160249,14485,13885,48.7897488687458,8.0736086160249,13718.75,13501.4285714286,13884.75,13576.0833333333,14036.6666666667,13679.2857142857,14203.5,13817.7142857143,2023-04-23,48.7502229962402,8.05003682296889,134.377044772817,2023-04-16,2023-04-09,2023-04-16,2023-04-09,4.24993558076676,16.2521084850741
"SG02 Stollhofen",8.026841,48.770099,2023-04-23,0,"Germany",2023-05-08,2023,4,2023-04-21,48.7717825630634,8.02869285181892,0.435810810810811,0.237623762376238,-0.310514955288313,-0.237623762376238,0.24609198123732,0.198629260331584,-0.111972932243403,-0.198629260331584,0.10917861644138,0.0560489604970183,0.124679994832106,0.0560489604970183,2023-04-23,48.7717825630634,8.02869285181892,14421,13964,48.7717825630634,8.02869285181892,13726.5,13559.7142857143,13863.7777777778,13598.7142857143,14038.8571428571,13769.2,14178.2727272727,13861.5714285714,2023-04-23,48.7502229962402,8.05003682296889,134.377044772817,2023-04-16,2023-04-09,2023-04-16,2023-04-09,4.24993558076676,16.2521084850741
"SG03 Greffern",7.985248,48.759098,2023-04-23,0,"Germany",2023-05-08,2023,4,2023-04-21,48.7583078338016,7.98377708761294,0.422528283325135,0.228547153780799,-0.244941885492897,-0.228547153780799,0.274470337288588,0.189057707456784,-0.124256330782271,-0.189057707456784,0.120453309918082,0.0896862435318874,0.13553082102755,0.0896862435318874,2023-04-23,48.7583078338016,7.98377708761294,14553,13970,48.7583078338016,7.98377708761294,13789.25,13443.8,13876.9,13607.3846153846,14054.4444444444,13788.8,14244.5,13844.25,2023-04-23,48.7502229962402,7.95003636554071,125.528904765477,2023-04-16,2023-04-09,2023-04-16,2023-04-09,4.46942065458279,14.2449610596523
"SG04 Grauelsbaum",7.973691,48.751194,2023-04-23,0,"Germany",2023-05-08,2023,4,2023-04-21,48.7493246809604,7.97479393477175,0.37598944591029,0.162764771460424,-0.268856447688564,-0.162764771460424,0.351348571484464,0.186744980392512,-0.220439856477519,-0.186744980392512,0.0600683137216666,0.0452018684128426,0.0641261258594487,0.0452018684128426,2023-04-23,48.7493246809604,7.97479393477175,14565,13942,48.7493246809604,7.97479393477175,13857,13441,13883.2,13583,14071.7,13791.6666666667,14281.5454545455,13786.5,2023-04-23,48.7502229962402,7.95003636554071,125.528904765477,2023-04-16,2023-04-09,2023-04-16,2023-04-09,4.46942065458279,14.2449610596523
"SB01 Freistett",7.934067,48.685016,2023-04-23,0,"Germany",2023-05-08,2023,4,2023-04-21,48.686442611072,7.93436974698637,0.437715072264281,0.160555555555556,-0.339531901250401,-0.160555555555556,0.275252137809756,0.182673322039363,-0.17020653632513,-0.182673322039363,0.12078863861004,0.0490137503090485,0.158898222486485,0.0490137503090485,2023-04-23,48.686442611072,7.93436974698637,14615,14022,48.686442611072,7.93436974698637,13977.6666666667,13543.125,13890.6363636364,13647.1666666667,14052.8,13724.1666666667,14232.5555555556,13799.25,2023-04-23,48.650222538812,7.95003636554071,122.657479837457,2023-04-16,2023-04-09,2023-04-16,2023-04-09,4.04643405729439,19.4450490069576
"SB02 Rheinbischofsheim",7.906248,48.667697,2023-04-23,0,"Germany",2023-05-08,2023,4,2023-04-21,48.6684763053896,7.90742028846278,0.38600765750087,0.169113329418673,-0.295380611581002,-0.169113329418673,0.394794495464994,0.187061100546332,-0.307052924220086,-0.187061100546332,0.0430965458260125,0.0336750859942712,0.0396079873872393,0.0336750859942712,2023-04-23,48.6684763053896,7.90742028846278,14545,13962,48.6684763053896,7.90742028846278,13919.6666666667,13478.1428571429,13878.7272727273,13608.9166666667,14054.6,13705.3333333333,14198.7777777778,13811.5714285714,2023-04-23,48.650222538812,7.95003636554071,122.657479837457,2023-04-16,2023-04-09,2023-04-16,2023-04-09,4.04643405729439,19.4450490069576
"SB03 Goldscheuer",7.804023,48.504416,2023-04-23,1,"Germany",2023-05-08,2023,4,2023-04-21,48.5022879778275,7.80411403078903,0.424299065420561,0.163951120162933,-0.251231527093596,-0.163951120162933,0.339912147590723,0.171428519206956,-0.195091173392426,-0.171428519206956,0.217606761387327,0.126138979391908,0.264032042457398,0.126138979391908,2023-04-23,48.5022879778275,7.80411403078903,14506,13951,48.5022879778275,7.80411403078903,13813.5,13410.3,13928.3333333333,13628.75,14013.5714285714,13742,14212.4444444444,13761,2023-04-23,48.5502220813838,7.85003590811252,110.749973138023,2023-04-16,2023-04-09,2023-04-16,2023-04-09,4.70932990894653,20.0981471138075
"SB04 Altenheim N",7.774556,48.475482,2023-04-23,0,"Germany",2023-05-08,2023,4,2023-04-21,48.4753385193039,7.77267299584484,0.4739560912613,0.0486983154670751,-0.377867203219316,-0.0486983154670751,0.322232821700927,0.0885676699671572,-0.190768641383801,-0.0885676699671572,0.160108237774465,0.0593469707646807,0.188349286750143,0.0593469707646807,2023-04-23,48.4753385193039,7.77267299584484,14405,13999,48.4753385193039,7.77267299584484,13844.75,13366.1818181818,13929.3333333333,13649.8125,13946.5,13854.6,14191.3333333333,13842.5,2023-04-23,48.4502216239556,7.75003545068434,111.341659316691,2023-04-16,2023-04-09,2023-04-16,2023-04-09,4.69679909129627,17.4988384227036
"SB05 Altenheim S",7.771718,48.459707,2023-04-23,0,"Germany",2023-05-08,2023,4,2023-04-21,48.4618637900421,7.77267299584484,0.418998048145739,0.190177353342428,-0.325432999088423,-0.190177353342428,0.396631942438962,0.221778366306619,-0.317697214709151,-0.221778366306619,0.088699501531574,0.0503058890766742,0.104632656465477,0.0503058890766742,2023-04-23,48.4618637900421,7.77267299584484,14310,14030,48.4618637900421,7.77267299584484,13837,13424.6363636364,13901.5,13631.5625,14002.3333333333,13807.75,14146.625,13837,2023-04-23,48.4502216239556,7.75003545068434,111.341659316691,2023-04-16,2023-04-09,2023-04-16,2023-04-09,4.69679909129627,17.4988384227036
"SB06 Ichenheim",7.765352,48.439419,2023-04-23,0,"Germany",2023-05-08,2023,4,2023-04-21,48.4394059079391,7.76368984300364,0.464826357969724,0.020788085634502,-0.370262390670554,-0.020788085634502,0.315745074131278,0.0681692406313766,-0.191387028836563,-0.0681692406313766,0.204359574087427,0.0844856754833387,0.262749226660779,0.0844856754833387,2023-04-23,48.4394059079391,7.76368984300364,14322,13938,48.4394059079391,7.76368984300364,13869.3333333333,13383,13912.3636363636,13608.875,14107.375,13770.6666666667,14183.125,13807.875,2023-04-23,48.4502216239556,7.75003545068434,111.341659316691,2023-04-16,2023-04-09,2023-04-16,2023-04-09,4.69679909129627,17.4988384227036
"SB07 Meißenheim",7.757027,48.408606,2023-04-23,0,"Germany",2023-05-08,2023,4,2023-04-21,48.4079648729949,7.75919826658304,0.657089898053753,0.265094339622641,-0.542709232096635,-0.265094339622641,0.419471210406181,0.170797380659764,-0.364039597577241,-0.170797380659764,0.00995224883835186,0.016086459888886,0.0201143639323814,0.016086459888886,2023-04-23,48.4079648729949,7.75919826658304,14517,13884,48.4079648729949,7.75919826658304,13720,13507.8333333333,13919.9090909091,13537.6666666667,14130.9,13736.2857142857,14308.4444444444,13665.4,2023-04-23,48.4502216239556,7.75003545068434,111.341659316691,2023-04-16,2023-04-09,2023-04-16,2023-04-09,4.69679909129627,17.4988384227036
"SB08 Ottenheim",7.7384,48.381404,2023-04-23,0,"Germany",2023-05-08,2023,4,2023-04-21,48.3810154144714,7.73674038448005,0.469314079422383,0.211309523809524,-0.363027461486939,-0.211309523809524,0.394290240707445,0.204813258612768,-0.279316325415501,-0.204813258612768,0.108878902207927,0.057007617738863,0.134464718947635,0.057007617738863,2023-04-23,48.3810154144714,7.73674038448005,14465,13959,48.3810154144714,7.73674038448005,13796.1428571429,13518.3333333333,13894.0909090909,13634.9285714286,14128.75,13823,14261.375,13757.1,2023-04-23,48.3502211665275,7.75003545068434,111.095963048272,2023-04-16,2023-04-09,2023-04-16,2023-04-09,3.42508814414032,15.6533205483574
"SB10 Schuttern",7.867669,48.400243,2023-04-23,0,"Germany",2023-05-08,2023,4,2023-04-21,48.3989817201537,7.8669961006774,0.601986960571251,0.195828505214368,-0.514084507042254,-0.195828505214368,0.531245684625601,0.248098102144121,-0.409600945750852,-0.248098102144121,0.148780397131074,0.070692442792361,0.228019096392686,0.070692442792361,2023-04-23,48.3989817201537,7.8669961006774,14674,13785,48.3989817201537,7.8669961006774,13773.5,13650.5,13960.3,13582.9166666667,14243.8333333333,13737.6,14394.4,13782.1428571429,2023-04-23,48.4502216239556,7.85003590811252,130.951296814615,2023-04-16,2023-04-09,2023-04-16,2023-04-09,4.99904694454744,18.0132645765116
"SB11 Kappel",7.740874,48.316083,2023-04-25,0,"Germany",2023-05-10,2023,4,2023-04-24,48.318133344583,7.74123196090065,0.450192389910218,0.0357251908396946,-0.374392220421394,-0.0357251908396946,0.363132927811189,0.196447149870084,-0.272122928713102,-0.196447149870084,0.13568592653551,0.0383451204843767,0.146495931061079,0.0383451204843767,2023-04-25,48.318133344583,7.74123196090065,14104,13932,48.318133344583,7.74123196090065,13824.2,13413.5,13930.8,13549.3529411765,14123.3,13689,14261.4444444444,13831,2023-04-25,48.3502211665275,7.75003545068434,111.169010029978,2023-04-18,2023-04-11,2023-04-18,2023-04-11,3.4981351258466,9.48448974511121
"SB14 Oberhausen",7.695708,48.219534,2023-04-25,0,"Germany",2023-05-10,2023,4,2023-04-24,48.2193186633298,7.69631619669467,0.51523178807947,0.170332480818414,-0.41847489150651,-0.170332480818414,0.499444503538115,0.17874207012654,-0.420052565010452,-0.17874207012654,0.032453173453177,0.0530544243511713,0.0267023707359509,0.0530544243511713,2023-04-25,48.2193186633298,7.69631619669467,13956,13552,48.2193186633298,7.69631619669467,13912.8,13229.5,13897.0769230769,13547.1666666667,14127.7142857143,13632.625,14248.125,13775.75,2023-04-25,48.2502207090993,7.65003499325615,118.373240824145,2023-04-18,2023-04-11,2023-04-18,2023-04-11,3.79825543303741,11.7222088842536
"SB18 Gottenheim",7.739779,48.057447,2023-04-25,1,"Germany",2023-05-10,2023,4,2023-04-24,48.0576219121883,7.74123196090065,0.543525069209474,0.179873030801787,-0.445276497695853,-0.179873030801787,0.494628059588346,0.174955002490705,-0.419188399851512,-0.174955002490705,0.103083253012645,0.0669312817940854,0.0672890392992667,0.0669312817940854,2023-04-25,48.0576219121883,7.74123196090065,14660,13864,48.0576219121883,7.74123196090065,13908.5,13275.3333333333,13931.3333333333,13571.1,14298.3333333333,13736.6666666667,14465.8333333333,13749,2023-04-25,48.0502197942429,7.75003545068434,99.8397240396917,2023-04-18,2023-04-11,2023-04-18,2023-04-11,1.76519259301131,9.92083801658009
"SG01 Söllingen",8.072794,48.78978,2023-05-08,0,"Germany",2023-05-23,2023,5,2023-05-06,48.7897488687458,8.0736086160249,0.410404624277457,0.312370707488622,-0.244897959183673,-0.312370707488622,0.389930673460105,0.217966524590051,-0.286539436165455,-0.217966524590051,0.141282318813323,0.0867999776114706,0.161799308039356,0.0867999776114706,2023-05-08,48.7897488687458,8.0736086160249,14449,14230,48.7897488687458,8.0736086160249,13718.75,13501.4285714286,13884.75,13576.0833333333,14036.6666666667,13679.2857142857,14203.5,13817.7142857143,2023-05-08,48.7502229962402,8.05003682296889,140.052460853331,2023-05-01,2023-04-24,2023-05-01,2023-04-24,0.150849118595943,5.67541608051397
"SG02 Stollhofen",8.026841,48.770099,2023-05-08,0,"Germany",2023-05-23,2023,5,2023-05-06,48.7717825630634,8.02869285181892,0.435810810810811,0.237623762376238,-0.310514955288313,-0.237623762376238,0.519795802882889,0.286725121570438,-0.395543678509704,-0.286725121570438,0.0410742689257662,0.00604209035439402,0.0422782104140121,0.00604209035439402,2023-05-08,48.7717825630634,8.02869285181892,14228,14220,48.7717825630634,8.02869285181892,13726.5,13559.7142857143,13863.7777777778,13598.7142857143,14038.8571428571,13769.2,14178.2727272727,13861.5714285714,2023-05-08,48.7502229962402,8.05003682296889,140.052460853331,2023-05-01,2023-04-24,2023-05-01,2023-04-24,0.150849118595943,5.67541608051397
"SG03 Greffern",7.985248,48.759098,2023-05-08,2,"Germany",2023-05-23,2023,5,2023-05-06,48.7583078338016,7.98377708761294,0.578239608801956,0.309994926433282,-0.443667878110148,-0.309994926433282,0.46815005920841,0.262997322061505,-0.335446228236096,-0.262997322061505,0.134690056899273,0.0592942987411213,0.143658589473781,0.0592942987411213,2023-05-08,48.7583078338016,7.98377708761294,14686,14217,48.7583078338016,7.98377708761294,13789.25,13443.8,13876.9,13607.3846153846,14054.4444444444,13788.8,14244.5,13844.25,2023-05-08,48.7502229962402,7.95003636554071,132.85083553525,2023-05-01,2023-04-24,2023-05-01,2023-04-24,1.38353282061871,7.32193076977273
"SG04 Grauelsbaum",7.973691,48.751194,2023-05-08,0,"Germany",2023-05-23,2023,5,2023-05-06,48.7493246809604,7.97479393477175,0.37598944591029,0.162764771460424,-0.268856447688564,-0.162764771460424,0.553448856082413,0.300322964585954,-0.424409140858365,-0.300322964585954,0.0521886509550799,0.00587358369269972,0.0478046037947229,0.00587358369269972,2023-05-08,48.7493246809604,7.97479393477175,14182,14206,48.7493246809604,7.97479393477175,13857,13441,13883.2,13583,14071.7,13791.6666666667,14281.5454545455,13786.5,2023-05-08,48.7502229962402,7.95003636554071,132.85083553525,2023-05-01,2023-04-24,2023-05-01,2023-04-24,1.38353282061871,7.32193076977273
"SB01 Freistett",7.934067,48.685016,2023-05-08,0,"Germany",2023-05-23,2023,5,2023-05-06,48.686442611072,7.93436974698637,0.639050131926121,0.305316242908174,-0.493269230769231,-0.305316242908174,0.478944920293211,0.240801754836473,-0.353851204487081,-0.240801754836473,0.115539747436697,0.0775881343225221,0.112738545223362,0.0775881343225221,2023-05-08,48.686442611072,7.93436974698637,14152,14260,48.686442611072,7.93436974698637,13977.6666666667,13543.125,13890.6363636364,13647.1666666667,14052.8,13724.1666666667,14232.5555555556,13799.25,2023-05-08,48.650222538812,7.95003636554071,144.439954196139,2023-05-01,2023-04-24,2023-05-01,2023-04-24,0.435279068071395,21.743469585781
"SB02 Rheinbischofsheim",7.906248,48.667697,2023-05-08,0,"Germany",2023-05-23,2023,5,2023-05-06,48.6684763053896,7.90742028846278,0.664666877170824,0.306891422905305,-0.501138952164009,-0.306891422905305,0.567007210090375,0.30125613242783,-0.412925740229332,-0.30125613242783,0.237558219807931,0.0380640639171318,0.249742840195949,0.0380640639171318,2023-05-08,48.6684763053896,7.90742028846278,14781,14217,48.6684763053896,7.90742028846278,13919.6666666667,13478.1428571429,13878.7272727273,13608.9166666667,14054.6,13705.3333333333,14198.7777777778,13811.5714285714,2023-05-08,48.650222538812,7.95003636554071,144.439954196139,2023-05-01,2023-04-24,2023-05-01,2023-04-24,0.435279068071395,21.743469585781
"SB03 Goldscheuer",7.804023,48.504416,2023-05-08,0,"Germany",2023-05-23,2023,5,2023-05-06,48.5022879778275,7.80411403078903,0.53757225433526,0.33,-0.3646408839779,-0.33,0.46276362327711,0.273982129524571,-0.314785539602122,-0.273982129524571,0.161268748236162,0.0841794708561604,0.175516539926784,0.0841794708561604,2023-05-08,48.5022879778275,7.80411403078903,14421,14225,48.5022879778275,7.80411403078903,13813.5,13410.3,13928.3333333333,13628.75,14013.5714285714,13742,14212.4444444444,13761,2023-05-08,48.5502220813838,7.85003590811252,118.675604698059,2023-05-01,2023-04-24,2023-05-01,2023-04-24,1.28336766175926,7.64987235481385
"SB04 Altenheim N",7.774556,48.475482,2023-05-08,0,"Germany",2023-05-23,2023,5,2023-05-06,48.4753385193039,7.77267299584484,0.6517736257785,0.309856130556152,-0.507289350135903,-0.309856130556152,0.457777237008331,0.267689305779652,-0.316450210823827,-0.267689305779652,0.192775475443581,0.0273930470446255,0.19597687272118,0.0273930470446255,2023-05-08,48.4753385193039,7.77267299584484,14360,14218,48.4753385193039,7.77267299584484,13844.75,13366.1818181818,13929.3333333333,13649.8125,13946.5,13854.6,14191.3333333333,13842.5,2023-05-08,48.4502216239556,7.75003545068434,116.473096864895,2023-05-01,2023-04-24,2023-05-01,2023-04-24,1.01629536369001,4.89786251704209
"SB05 Altenheim S",7.771718,48.459707,2023-05-08,0,"Germany",2023-05-23,2023,5,2023-05-06,48.4618637900421,7.77267299584484,0.702900673893935,0.33425160697888,-0.537566137566138,-0.33425160697888,0.564638010654137,0.297278179115248,-0.431869921981971,-0.297278179115248,0.141765869452171,0.0639097144201625,0.13176925287175,0.0639097144201625,2023-05-08,48.4618637900421,7.77267299584484,14439,14208,48.4618637900421,7.77267299584484,13837,13424.6363636364,13901.5,13631.5625,14002.3333333333,13807.75,14146.625,13837,2023-05-08,48.4502216239556,7.75003545068434,116.473096864895,2023-05-01,2023-04-24,2023-05-01,2023-04-24,1.01629536369001,4.89786251704209
"SB06 Ichenheim",7.765352,48.439419,2023-05-08,1,"Germany",2023-05-23,2023,5,2023-05-06,48.4394059079391,7.76368984300364,0.699346405228758,0.286021505376344,-0.539253539253539,-0.286021505376344,0.513956561315627,0.255919062076275,-0.345739084705153,-0.255919062076275,0.20711388460237,0.0697382933448247,0.24520275868685,0.0697382933448247,2023-05-08,48.4394059079391,7.76368984300364,14456,14235,48.4394059079391,7.76368984300364,13869.3333333333,13383,13912.3636363636,13608.875,14107.375,13770.6666666667,14183.125,13807.875,2023-05-08,48.4502216239556,7.75003545068434,116.473096864895,2023-05-01,2023-04-24,2023-05-01,2023-04-24,1.01629536369001,4.89786251704209
"SB07 Meißenheim",7.757027,48.408606,2023-05-08,0,"Germany",2023-05-23,2023,5,2023-05-06,48.4079648729949,7.75919826658304,0.644954618259477,0.332324324324324,-0.523738872403561,-0.332324324324324,0.600951967033976,0.282470987648435,-0.497100163787693,-0.282470987648435,0.0844008722564137,0.0785855533738414,0.0605025242702616,0.0785855533738414,2023-05-08,48.4079648729949,7.75919826658304,14321,14147,48.4079648729949,7.75919826658304,13720,13507.8333333333,13919.9090909091,13537.6666666667,14130.9,13736.2857142857,14308.4444444444,13665.4,2023-05-08,48.4502216239556,7.75003545068434,116.473096864895,2023-05-01,2023-04-24,2023-05-01,2023-04-24,1.01629536369001,4.89786251704209
"SB08 Ottenheim",7.7384,48.381404,2023-05-08,0,"Germany",2023-05-23,2023,5,2023-05-06,48.3810154144714,7.73674038448005,0.639619473978735,0.35460009246417,-0.504106776180698,-0.35460009246417,0.542826358752547,0.314472431277871,-0.39518763366197,-0.314472431277871,0.16123412233718,0.0353475745584979,0.174580634031998,0.0353475745584979,2023-05-08,48.3810154144714,7.73674038448005,14609,14228,48.3810154144714,7.73674038448005,13796.1428571429,13518.3333333333,13894.0909090909,13634.9285714286,14128.75,13823,14261.375,13757.1,2023-05-08,48.3502211665275,7.75003545068434,118.618504956004,2023-05-01,2023-04-24,2023-05-01,2023-04-24,0.974022196605802,7.45378651202191
"SB10 Schuttern",7.867669,48.400243,2023-05-08,0,"Germany",2023-05-23,2023,5,2023-05-06,48.3989817201537,7.8669961006774,0.641076769690927,0.330638641875505,-0.541198501872659,-0.330638641875505,0.559545786135904,0.303792607425173,-0.459977535185427,-0.303792607425173,0.0942925684734601,0.0605804176411635,0.125532671684386,0.0605804176411635,2023-05-08,48.3989817201537,7.8669961006774,14670,14115,48.3989817201537,7.8669961006774,13773.5,13650.5,13960.3,13582.9166666667,14243.8333333333,13737.6,14394.4,13782.1428571429,2023-05-08,48.4502216239556,7.85003590811252,137.124358108005,2023-05-01,2023-04-24,2023-05-01,2023-04-24,1.08234254084528,5.72771337332961
"SB14 Oberhausen",7.695708,48.219534,2023-05-10,0,"Germany",2023-05-25,2023,5,2023-05-09,48.2193186633298,7.69631619669467,0.51523178807947,0.170332480818414,-0.41847489150651,-0.170332480818414,0.634408602150538,0.294770206022187,-0.50981750981751,-0.294770206022187,0,0,0,0,2023-05-10,48.2193186633298,7.69631619669467,14326,14106,48.2193186633298,7.69631619669467,13912.8,13229.5,13897.0769230769,13547.1666666667,14127.7142857143,13632.625,14248.125,13775.75,2023-05-10,48.2502207090993,7.65003499325615,128.267278780691,2023-05-03,2023-04-26,2023-05-03,2023-04-26,1.4843658444006,9.89403795654653
"SB15 Weisweil",7.658595,48.20418,2023-05-10,0,"Germany",2023-05-25,2023,5,2023-05-09,48.205843934068,7.66038358532989,0.457246376811594,0.119710467706013,-0.360162326682448,-0.119710467706013,0.47760792250271,0.140798056454643,-0.382688019511398,-0.140798056454643,0.0298453473574667,0.0311458983665558,0.0394636187653669,0.0311458983665558,2023-05-10,48.205843934068,7.66038358532989,14400,14146,48.205843934068,7.66038358532989,13862,13277.1666666667,13888.75,13618.6923076923,14069.6666666667,13605.6666666667,14221.5714285714,13860.5714285714,2023-05-10,48.2502207090993,7.65003499325615,128.267278780691,2023-05-03,2023-04-26,2023-05-03,2023-04-26,1.4843658444006,9.89403795654653
"SB18 Gottenheim",7.739779,48.057447,2023-05-10,1,"Germany",2023-05-25,2023,5,2023-05-09,48.0576219121883,7.74123196090065,0.543525069209474,0.179873030801787,-0.445276497695853,-0.179873030801787,0.494628059588346,0.174955002490705,-0.419188399851512,-0.174955002490705,0.103083253012645,0.0669312817940854,0.0672890392992667,0.0669312817940854,2023-05-10,48.0576219121883,7.74123196090065,14592,14365,48.0576219121883,7.74123196090065,13908.5,13275.3333333333,13931.3333333333,13571.1,14298.3333333333,13736.6666666667,14465.8333333333,13749,2023-05-10,48.0502197942429,7.75003545068434,114.221504050922,2023-05-03,2023-04-26,2023-05-03,2023-04-26,5.0522185198497,14.3817800112301
"N01 Lampertheim",8.437625,49.592503,2023-05-10,1,"Germany",2023-05-25,2023,5,2023-05-09,49.5937410480328,8.43742630609334,0.584481304470059,0.173922099562591,-0.510586974001608,-0.173922099562591,0.572782594792041,0.213966158230399,-0.502237663123413,-0.213966158230399,0.11415825043173,0.102679841574639,0.0695907517813636,0.102679841574639,2023-05-10,49.5937410480328,8.43742630609334,14067,14211,49.5937410480328,8.43742630609334,13817.4,13404.7142857143,13977.7142857143,13529.1428571429,14030.25,13573,14392.8888888889,13732.8888888889,2023-05-10,49.5502266556657,8.45003865268163,152.169422221337,2023-05-03,2023-04-26,2023-05-03,2023-04-26,1.56599758079392,2.7475236984028
"N02 Nordheim",8.382213,49.700655,2023-05-10,0,"Germany",2023-05-25,2023,5,2023-05-09,49.7015388821272,8.38352738904617,0.702533233007274,0.355431309904153,-0.54765161878705,-0.355431309904153,0.547260396985428,0.378476268764309,-0.391059979855201,-0.378476268764309,0.230580265758372,0.0824401914401246,0.263264276300707,0.0824401914401246,2023-05-10,49.7015388821272,8.38352738904617,14540,14176,49.7015388821272,8.38352738904617,13826.3333333333,13512.625,13896.25,13606.7692307692,14030.5555555556,13807.5714285714,14318.4545454545,13880.25,2023-05-10,49.750227570522,8.35003819525345,125.272915624611,2023-05-03,2023-04-26,2023-05-03,2023-04-26,1.5752955552307,2.44328701199265
"N03 Gernsheim",8.458288,49.738154,2023-05-10,5,"Germany",2023-05-25,2023,5,2023-05-09,49.7374714934919,8.45988418819633,0.54770848985725,0.137807235570284,-0.433542101600557,-0.137807235570284,0.464926655982198,0.177606892698826,-0.364939216494028,-0.177606892698826,0.130708213145285,0.0977640472129562,0.146993150119116,0.0977640472129562,2023-05-10,49.7374714934919,8.45988418819633,14483,14154,49.7374714934919,8.45988418819633,13861,13542.125,13872.8888888889,13578.8666666667,14048.4285714286,13632.7142857143,14378.6666666667,13813,2023-05-10,49.750227570522,8.45003865268163,127.85601605026,2023-05-03,2023-04-26,2023-05-03,2023-04-26,2.57212251168676,3.4743118401384
"N04 Stockstadt",8.461155,49.813561,2023-05-10,0,"Germany",2023-05-25,2023,5,2023-05-09,49.8138282926421,8.45988418819633,0.546701502286088,0.179282868525896,-0.451425068954949,-0.179282868525896,0.561375011019588,0.200174596905138,-0.467532073090795,-0.200174596905138,0.106647964787908,0.0934236608500054,0.0823570560614323,0.0934236608500054,2023-05-10,49.8138282926421,8.45988418819633,14450,14123,49.8138282926421,8.45988418819633,13814.5,13480.4,13887.625,13610,14090.7142857143,13846.8,14363.3333333333,13805.1428571429,2023-05-10,49.8502280279502,8.45003865268163,135.414482184657,2023-05-03,2023-04-26,2023-05-03,2023-04-26,3.51233829464763,5.21006970573217
"N05 Knoblochsaue",8.41138,49.825157,2023-05-10,0,"Germany",2023-05-25,2023,5,2023-05-09,49.8273030219039,8.41047684756975,0.561497326203209,0.197703035274816,-0.429970617042116,-0.197703035274816,0.503666046860871,0.219627664731576,-0.397169299804048,-0.219627664731576,0.0859421372305681,0.0715773602734133,0.0608142636713097,0.0715773602734133,2023-05-10,49.8273030219039,8.41047684756975,14360,14041,49.8273030219039,8.41047684756975,13826.6666666667,13439.25,13860.75,13580.3846153846,14076.5714285714,13640,14301.875,13828.7777777778,2023-05-10,49.8502280279502,8.45003865268163,135.414482184657,2023-05-03,2023-04-26,2023-05-03,2023-04-26,3.51233829464763,5.21006970573217
"N06 Wolfskehlen",8.520021,49.863317,2023-05-10,0,"Germany",2023-05-25,2023,5,2023-05-09,49.8632356332687,8.51827468166411,0.668215359387811,0.380683103370278,-0.54805985290388,-0.380683103370278,0.556348967178186,0.289497827503859,-0.455102887989258,-0.289497827503859,0.0888893576949519,0.0721357275406262,0.0752446163216035,0.0721357275406262,2023-05-10,49.8632356332687,8.51827468166411,14328,14101,49.8632356332687,8.51827468166411,13861.8,13512,13937,13587.0833333333,14100.8,13727.7142857143,14268.625,13846.1428571429,2023-05-10,49.8502280279502,8.55003911010982,136.111069234463,2023-05-03,2023-04-26,2023-05-03,2023-04-26,3.89086227538064,6.23528766992968
"N07 Trebur",8.391339,49.924997,2023-05-10,0,"Germany",2023-05-25,2023,5,2023-05-09,49.9261177031571,8.39251054188736,0.633935585231736,0.249499399279135,-0.549155908639523,-0.249499399279135,0.634238224774843,0.271503327759606,-0.540114236103863,-0.271503327759606,0.0662635732013843,0.0597690612507976,0.0460240098176506,0.0597690612507976,2023-05-10,49.9261177031571,8.39251054188736,14482,14159,49.9261177031571,8.39251054188736,13869.75,13438.4285714286,13932.6363636364,13596.0769230769,14058.8333333333,13628.3333333333,14477.7142857143,13798.8888888889,2023-05-10,49.9502284853784,8.35003819525345,123.232474727036,2023-05-03,2023-04-26,2023-05-03,2023-04-26,4.59342152858153,5.09184246370569
"N08 Ginsheim Gustavsburg",8.326382,49.977965,2023-05-10,82,"Germany",2023-05-25,2023,5,2023-05-09,49.9800166202042,8.32513689557839,0.57818620066285,0.231022326674501,-0.477990970654628,-0.231022326674501,0.470169717327683,0.211913260547024,-0.379746186495714,-0.211913260547024,0.173616145824208,0.100832896414411,0.176939419569093,0.100832896414411,2023-05-10,49.9800166202042,8.32513689557839,14430,14286,49.9800166202042,8.32513689557839,13750.5,13504.1,13949.9,13595.125,14075.5,13643.1111111111,14391.5,13902,2023-05-10,49.9502284853784,8.35003819525345,123.232474727036,2023-05-03,2023-04-26,2023-05-03,2023-04-26,4.59342152858153,5.09184246370569
"N09 Ingelheim",8.00816,49.985849,2023-05-10,0,"Germany",2023-05-25,2023,5,2023-05-09,49.9845081966249,8.00623496971594,0.401993355481728,0.249136655155402,-0.219065960519981,-0.249136655155402,0.386313356763441,0.264259344153329,-0.23876679793528,-0.264259344153329,0.244116956648536,0.0558492044089655,0.287794559148728,0.0558492044089655,2023-05-10,49.9845081966249,8.00623496971594,14596,14237,49.9845081966248,8.00623496971594,13883,13647.8571428571,13928.8333333333,13674.25,14058.6666666667,13818,14309.4545454545,13865.6,2023-05-10,49.9502284853784,8.05003682296889,124.77614639981,2023-05-03,2023-04-26,2023-05-03,2023-04-26,1.24202180589782,1.77529280661838
"N10 Mombach",8.192783,50.032849,2023-05-10,6,"Germany",2023-05-25,2023,5,2023-05-09,50.0339155372514,8.19488117938105,0.482225656877898,0.170582850167836,-0.368045649072753,-0.170582850167836,0.124849458048976,0.179789473684211,-0.0451324132786274,-0.179789473684211,0,0,0,0,2023-05-10,50.0339155372514,8.19488117938105,14330,14062,50.0339155372514,8.19488117938105,13716,13608.7142857143,13911.125,13695.8181818182,13911,13769.3333333333,14348.8,13885.7777777778,2023-05-10,50.0502289428066,8.15003728039708,125.00136476218,2023-05-03,2023-04-26,2023-05-03,2023-04-26,2.20685434732877,2.99936145539687
"N11 Nackenheim",8.344035,49.927527,2023-05-10,1,"Germany",2023-05-25,2023,5,2023-05-09,49.9261177031571,8.34310320126079,0.590023915271609,0.318413597733711,-0.454375,-0.318413597733711,0.440080004593879,0.224850332317723,-0.31624781723222,-0.224850332317723,0.182507461888105,0.0873825001741318,0.201859895763975,0.0873825001741318,2023-05-10,49.9261177031571,8.34310320126079,14342,14172,49.9261177031571,8.34310320126079,13866.2,13487.375,13934.125,13616.1666666667,14018.5,13732.75,14476.125,13806.5,2023-05-10,49.9502284853784,8.35003819525345,123.232474727036,2023-05-03,2023-04-26,2023-05-03,2023-04-26,4.59342152858153,5.09184246370569
"N12 Oppenheim",8.363227,49.85911,2023-05-10,0,"Germany",2023-05-25,2023,5,2023-05-09,49.8587440568481,8.36106950694318,0.365749016803718,0.0355109785849824,-0.3140694874441,-0.0355109785849824,0.340149217394616,0.178207269159923,-0.228936504511979,-0.178207269159923,0.173379106522735,0.12738825450475,0.212976070780101,0.12738825450475,2023-05-10,49.8587440568481,8.36106950694318,14394,14159,49.8587440568481,8.36106950694318,13880,13426.3,13939,13623.4375,14070.4,13768,14364.1818181818,13837.3636363636,2023-05-10,49.8502280279502,8.35003819525345,131.924549533178,2023-05-03,2023-04-26,2023-05-03,2023-04-26,2.89083616073913,4.15208949532098
"N13 Eich",8.392527,49.755169,2023-05-10,0,"Germany",2023-05-25,2023,5,2023-05-09,49.7554377991744,8.39251054188736,0.231643770724775,0.182893539581438,-0.126516464471404,-0.182893539581438,0.280290710078604,0.263074732119986,-0.15671124693956,-0.263074732119986,0.0954158430809974,0.061750764112244,0.116497421712867,0.061750764112244,2023-05-10,49.7554377991744,8.39251054188736,14661,14161,49.7554377991744,8.39251054188736,13777.25,13593.875,13910.6666666667,13555.625,14048.1666666667,13621.7,14410.6363636364,13791.5555555556,2023-05-10,49.750227570522,8.35003819525345,125.272915624611,2023-05-03,2023-04-26,2023-05-03,2023-04-26,1.5752955552307,2.44328701199265
"N14 Hamm",8.441556,49.731548,2023-05-10,0,"Germany",2023-05-25,2023,5,2023-05-09,49.7329799170714,8.44191788251394,0.587878787878788,0.211093990755008,-0.502457673402512,-0.211093990755008,0.529228817829139,0.244898324609633,-0.423476432627433,-0.244898324609633,0.117762491172317,0.108444715952804,0.135394118791769,0.108444715952804,2023-05-10,49.7329799170714,8.44191788251394,14581,14106,49.7329799170714,8.44191788251394,13775.5,13483.5,13891.125,13547.4,14028,13636.625,14452.3333333333,13822.875,2023-05-10,49.750227570522,8.45003865268163,127.85601605026,2023-05-03,2023-04-26,2023-05-03,2023-04-26,2.57212251168676,3.4743118401384
"N15 Rheindürkheim",8.365435,49.702811,2023-05-10,2,"Germany",2023-05-25,2023,5,2023-05-09,49.7015388821272,8.36556108336377,0.629825274278748,0.34192037470726,-0.510165662650602,-0.34192037470726,0.469957919117375,0.298444769398971,-0.332729647716352,-0.298444769398971,0.208105057853183,0.0431693950990218,0.224585370408672,0.0431693950990218,2023-05-10,49.7015388821272,8.36556108336377,14661,14126,49.7015388821272,8.36556108336377,13772.6,13511.4285714286,13906.875,13586.1538461538,14106.875,13771,14390,13856.25,2023-05-10,49.750227570522,8.35003819525345,125.272915624611,2023-05-03,2023-04-26,2023-05-03,2023-04-26,1.5752955552307,2.44328701199265
"N16 Bobenheim-Roxheim",8.381922,49.570168,2023-05-10,1,"Germany",2023-05-25,2023,5,2023-05-09,49.5712831659298,8.38352738904617,0.203467153284672,0.0598633989554038,-0.156003505696757,-0.0598633989554038,0.289079330685878,0.156179100594638,-0.214299709851515,-0.156179100594638,0.17533025359856,0.121866720197345,0.23106369734359,0.121866720197345,2023-05-10,49.5712831659298,8.38352738904617,14692,14183,49.5712831659298,8.38352738904617,13976.5,13444.5555555556,13960,13532.4,13958.1666666667,13579,14467.75,13788.5714285714,2023-05-10,49.5502266556657,8.35003819525345,79.6810125290649,2023-05-03,2023-04-26,2023-05-03,2023-04-26,1.69669926504139,2.91739043511916
"S01 Otterstadt",8.486561,49.37627,2023-05-08,0,"Germany",2023-05-23,2023,5,2023-05-06,49.3781453798441,8.48683364671992,0.402548371873525,-0.0764449968924798,-0.33034914950761,0.0764449968924798,0.427873313449915,-0.0209877290355798,-0.362966967730327,0.0209877290355798,0.0316815571716981,0.0419412911589713,0.0243199880603969,0.0419412911589713,2023-05-08,49.3781453798441,8.48683364671992,14194,14112,49.3781453798441,8.48683364671992,13536.6666666667,13433.8571428571,13869.7,13604.9285714286,14051.8333333333,13717.1428571429,14334.7777777778,13832.4,2023-05-08,49.3502257408093,8.45003865268163,129.75539087005,2023-05-01,2023-04-24,2023-05-01,2023-04-24,0.958337846212089,4.76548036187887
"S02 Speyer",8.472244,49.286018,2023-05-08,0,"Germany",2023-05-23,2023,5,2023-05-06,49.2838222750115,8.47335891745813,0.10790273556231,0.210963455149502,0.0501628664495114,-0.210963455149502,0.286296248178367,0.0912023334696333,-0.197394087949595,-0.0912023334696333,0.19553069391389,0.110378281358889,0.235615153704938,0.110378281358889,2023-05-08,49.2838222750116,8.47335891745813,14818,14140,49.2838222750116,8.47335891745813,13910,13559.625,13920.8888888889,13603.5384615385,14015,13763.4285714286,14363.1428571429,13778.1111111111,2023-05-08,49.2502252833811,8.45003865268163,74.6769137295688,2023-05-01,2023-04-24,2023-05-01,2023-04-24,0.292042918421109,2.76948714207238
"S03 Römerberg",8.423394,49.291796,2023-05-08,1,"Germany",2023-05-23,2023,5,2023-05-06,49.2928054278528,8.42395157683155,0.408555069046817,0.0227439471753485,-0.376110562685094,-0.0227439471753485,0.471884165025197,0.066949776218675,-0.416509675036697,-0.066949776218675,0.117129689357031,0.110392229936598,0.0840884783199048,0.110392229936598,2023-05-08,49.2928054278528,8.42395157683155,14920,14105,49.2928054278528,8.42395157683155,13917,13692.6666666667,13963.4444444444,13608.3636363636,14157,13546.3333333333,14398,13806.5,2023-05-08,49.2502252833811,8.45003865268163,74.6769137295688,2023-05-01,2023-04-24,2023-05-01,2023-04-24,0.292042918421109,2.76948714207238
"S04 Lingenfeld",8.368656,49.258329,2023-05-08,1,"Germany",2023-05-23,2023,5,2023-05-06,49.256872816488,8.37005265978437,0.505409582689335,0.143192488262911,-0.401943145016193,-0.143192488262911,0.318846424210526,0.061098855593527,-0.283404078681532,-0.061098855593527,0.141863267512828,0.0799834758233604,0.0912159427656991,0.0799834758233604,2023-05-08,49.256872816488,8.37005265978437,14937,14203,49.256872816488,8.37005265978437,13921.3333333333,13581.5,13940.8888888889,13598.1666666667,14061.1111111111,13560.4444444444,14316.4545454545,13785,2023-05-08,49.2502252833811,8.35003819525345,67.1864570939749,2023-05-01,2023-04-24,2023-05-01,2023-04-24,0.195339692742838,2.29528989407631
"S05 Sondernheim",8.361245,49.180282,2023-05-08,3,"Germany",2023-05-23,2023,5,2023-05-06,49.1805160173378,8.36106950694318,0.344132469402448,0.093411420204978,-0.291594603943272,-0.093411420204978,0.430944928918462,0.158492970994134,-0.359120333086496,-0.158492970994134,0.119442995575119,0.100118118826745,0.0746313275445281,0.100118118826745,2023-05-08,49.1805160173378,8.36106950694318,14736,14181,49.1805160173378,8.36106950694318,13801.6,13579.75,13847.1111111111,13633.5454545455,13984.25,13733.2857142857,14303.625,13722,2023-05-08,49.1502248259529,8.35003819525345,101.876252709342,2023-05-01,2023-04-24,2023-05-01,2023-04-24,0.701472667045891,3.88133894978091
"S06 Hördt",8.364548,49.175141,2023-05-08,0,"Germany",2023-05-23,2023,5,2023-05-06,49.1760244409172,8.36556108336377,0.6875,0.349369453526389,-0.531407368142062,-0.349369453526389,0.499989037935024,0.275875765082509,-0.359632305172078,-0.275875765082509,0.135906411140282,0.074968428513771,0.128557510524853,0.074968428513771,2023-05-08,49.1760244409172,8.36556108336377,14730,14074,49.1760244409172,8.36556108336377,13730.4,13588.6666666667,13845.8888888889,13638.75,13964.25,13750.8571428571,14282.75,13795.375,2023-05-08,49.1502248259529,8.35003819525345,101.876252709342,2023-05-01,2023-04-24,2023-05-01,2023-04-24,0.701472667045891,3.88133894978091
"S07 Leimersheim",8.35908,49.115716,2023-05-08,1,"Germany",2023-05-23,2023,5,2023-05-06,49.1176339474494,8.36106950694318,0.619484240687679,0.318712085860943,-0.487368421052632,-0.318712085860943,0.439484938628935,0.276383577927598,-0.315219628845099,-0.276383577927598,0.157664238654236,0.0416113520241183,0.157953469119322,0.0416113520241183,2023-05-08,49.1176339474494,8.36106950694318,14846,14214,49.1176339474494,8.36106950694318,13881.5,13548.5,13906.625,13646.8571428571,14051.25,13826.25,14279.4,13817.5555555556,2023-05-08,49.1502248259529,8.35003819525345,101.876252709342,2023-05-01,2023-04-24,2023-05-01,2023-04-24,0.701472667045891,3.88133894978091
"S08 Bienwald",8.164592,49.038977,2023-05-08,0,"Germany",2023-05-23,2023,5,2023-05-06,49.0367855718787,8.16344014443687,0.57556080283353,0.206327683615819,-0.454495912806539,-0.206327683615819,0.59354110972938,0.241606379033976,-0.457457325298205,-0.241606379033976,0.0322241771227321,0.0328589900500586,0.0211658855199569,0.0328589900500586,2023-05-08,49.0367855718787,8.16344014443686,14776,14085,49.0367855718787,8.16344014443686,13707.3333333333,13510.2,13814.5,13610.0833333333,13949,13752,14237.3333333333,13795.8571428571,2023-05-08,49.0502243685247,8.15003728039708,95.6348108176417,2023-05-01,2023-04-24,2023-05-01,2023-04-24,0.46899758168729,3.39904955698876
"S09 Wörth",8.296315,49.021501,2023-05-08,0,"Germany",2023-05-23,2023,5,2023-05-06,49.0233108426169,8.29818743705481,0.2990492653414,0.12415856394914,-0.202881152460984,-0.12415856394914,0.414974669078443,0.187480261414676,-0.312246399802044,-0.187480261414676,0.151984865417265,0.0691219336627002,0.162509174043329,0.0691219336627002,2023-05-08,49.0233108426169,8.29818743705481,14747,14228,49.0233108426169,8.29818743705481,13807,13536.8571428571,13850.375,13600.7333333333,14009.3,13848.7142857143,14278.125,13807.4444444444,2023-05-08,49.0502243685247,8.25003773782526,102.584373718876,2023-05-01,2023-04-24,2023-05-01,2023-04-24,3.1840829712055,5.907515242714
"S10 Hügelsheim",8.109338,48.807463,2023-05-08,0,"Germany",2023-05-23,2023,5,2023-05-06,48.8077151744282,8.10954122738969,0.626495964375174,0.31710615280595,-0.498461538461538,-0.31710615280595,0.582690016642629,0.279964341417086,-0.478779067517812,-0.279964341417086,0.0510483548965684,0.0370077473947711,0.0251907175757892,0.0370077473947711,2023-05-08,48.8077151744282,8.10954122738969,14369,14154,48.8077151744282,8.10954122738969,13767,13648.6666666667,13907.5714285714,13551.3636363636,14021.7777777778,13673.25,14295,13812.25,2023-05-08,48.8502234536684,8.15003728039708,112.556591677054,2023-05-01,2023-04-24,2023-05-01,2023-04-24,0.29288969936897,2.02995091743651
"S11 Plittersdorf",8.145248,48.875306,2023-05-08,1,"Germany",2023-05-23,2023,5,2023-05-06,48.8750888207371,8.14547383875447,0.597339782345828,0.274788902291918,-0.473097295790354,-0.274788902291918,0.619520145086342,0.294443636307419,-0.487005932294945,-0.294443636307419,0.0967054980915673,0.0712584852195142,0.0753993385379278,0.0712584852195142,2023-05-08,48.8750888207371,8.14547383875447,14609,14300,48.8750888207371,8.14547383875447,13859.5,13419.4444444444,13854.6666666667,13598.4615384615,14032,13633.7142857143,14265.2857142857,13793.5,2023-05-08,48.8502234536684,8.15003728039708,112.556591677054,2023-05-01,2023-04-24,2023-05-01,2023-04-24,0.29288969936897,2.02995091743651
"S12 Au",8.212062,48.955587,2023-05-08,0,"Germany",2023-05-23,2023,5,2023-05-06,48.9559371963079,8.21284748506344,0.432640492686682,-0.0220704151339989,-0.378518518518518,0.0220704151339989,0.563816604708798,0.365800865800866,-0.433276547416241,-0.365800865800866,0,0,0,0,2023-05-08,48.9559371963079,8.21284748506344,14642,14139,48.9559371963079,8.21284748506344,13929.8,13539.7142857143,13862.625,13572.3076923077,14090.7777777778,13591.3,14271.1428571429,13817.8888888889,2023-05-08,48.9502239110966,8.25003773782526,106.638207322831,2023-05-01,2023-04-24,2023-05-01,2023-04-24,4.63587899430422,6.70515133620938
"S13 Neuburgweier",8.270504,48.975548,2023-05-08,2,"Germany",2023-05-23,2023,5,2023-05-06,48.9739035019903,8.27123797853122,0.401782531194296,0.0306684141546527,-0.355394691485695,-0.0306684141546527,0.436485951721409,0.241025641025641,-0.305755395683453,-0.241025641025641,0,0,0,0,2023-05-08,48.9739035019903,8.27123797853122,14717,14034,48.9739035019903,8.27123797853122,13850,13542.3333333333,13841.1428571429,13599.2666666667,14164.5,13815.8571428571,14330,13783.125,2023-05-08,48.9502239110966,8.25003773782526,106.638207322831,2023-05-01,2023-04-24,2023-05-01,2023-04-24,4.63587899430422,6.70515133620938
"S14 Dettenheim",8.374465,49.167544,2023-05-08,4,"Germany",2023-05-23,2023,5,2023-05-06,49.167041288076,8.37454423620497,0.663381349507203,0.338621110433191,-0.544707815066886,-0.338621110433191,0.577314960815688,0.316382134352214,-0.44215891008849,-0.316382134352214,0.126929907743375,0.0455458227060029,0.13619382765489,0.0455458227060029,2023-05-08,49.167041288076,8.37454423620497,14705,14064,49.167041288076,8.37454423620497,13719.5,13608.7142857143,13861.1111111111,13643.9230769231,13935.8,13683.25,14225.8888888889,13746.9,2023-05-08,49.1502248259529,8.35003819525345,101.876252709342,2023-05-01,2023-04-24,2023-05-01,2023-04-24,0.701472667045891,3.88133894978091
"S15 Philippsburg",8.454496,49.247685,2023-05-08,0,"Germany",2023-05-23,2023,5,2023-05-06,49.2478896636468,8.45539261177573,0.449141900376727,0.0711633663366336,-0.362992125984252,-0.0711633663366336,0.558193267634819,0.282287217251836,-0.452166130565903,-0.282287217251836,0.0480634197397068,0.0321172085508626,0.0272481142379407,0.0321172085508626,2023-05-08,49.2478896636468,8.45539261177573,14771,14092,49.2478896636468,8.45539261177573,13856,13391.3333333333,13965.6666666667,13588,14067.875,13716.4285714286,14295.1,13680.5714285714,2023-05-08,49.2502252833811,8.45003865268163,74.6769137295688,2023-05-01,2023-04-24,2023-05-01,2023-04-24,0.292042918421109,2.76948714207238
"S16 Waghäusel",8.511432,49.25607,2023-05-08,19,"Germany",2023-05-23,2023,5,2023-05-06,49.256872816488,8.50929152882291,0.501300202253684,0.147526501766785,-0.455869991594284,-0.147526501766785,0.512642847623271,0.168446034652457,-0.450977299644416,-0.168446034652457,0.133229511423954,0.116405745790887,0.101042768350654,0.116405745790887,2023-05-08,49.256872816488,8.50929152882291,14862,14091,49.256872816488,8.50929152882291,13887,13470.8333333333,13971.1,13574.9090909091,14131.7142857143,13724.4285714286,14520.6666666667,13746.4285714286,2023-05-08,49.2502252833811,8.55003911010982,74.7892700800465,2023-05-01,2023-04-24,2023-05-01,2023-04-24,0.268729146323441,2.99884543413132
"S17 Ketsch",8.518836,49.369708,2023-05-08,16,"Germany",2023-05-23,2023,5,2023-05-06,49.3691622270029,8.51827468166411,0.51905487804878,0.0902625820568928,-0.420527441197434,-0.0902625820568928,0.443996052061457,0.0561338658347328,-0.365791029920048,-0.0561338658347328,0.0640748596183322,0.0614946013051913,0.0477561940795426,0.0614946013051913,2023-05-08,49.3691622270029,8.51827468166411,14076,14126,49.3691622270029,8.51827468166411,13543.3333333333,13408.4444444444,13912.1111111111,13614.7857142857,14067.1428571429,13766.4285714286,14322.4,13860.9090909091,2023-05-08,49.3502257408093,8.55003911010982,138.745988848565,2023-05-01,2023-04-24,2023-05-01,2023-04-24,1.25867098435992,5.15882592234993
