no,station_id,y,x,street,common name,dt_placement,culex.spp,week,region,dt_placement_original,year,month,indices_image_date,indices_lat,indices_lon,ndvi,ndmi,ndwi,ndbi,ndvi_mean,ndmi_mean,ndwi_mean,ndbi_mean,ndvi_std,ndmi_std,ndwi_std,ndbi_std,lst_image_date,lst_lat,lst_lon,lst_day,lst_night,monthly_lst_lat,monthly_lst_lon,lst_jan_day_mean,lst_jan_night_mean,lst_feb_day_mean,lst_feb_night_mean,lst_mar_day_mean,lst_mar_night_mean,lst_apr_day_mean,lst_apr_night_mean,indices_image_date,indices_lat,indices_lon,acc_rainfall_jan,dt_placement_minus_7,dt_placement_minus_14,dt_placement_minus_7_avail,dt_placement_minus_14_avail,acc_rainfall_1week,acc_rainfall_2week
1,Starcevo,44.81098,20.69478,Zarka Zrenjanina 57,Acina Kuca,2024-08-25,26,37,Vojvodina,2024-09-09,2024,8,2024-08-23,44.810212160095936,20.69493835790529,0.35212009481169354,-0.023397374928666496,-0.3727272727272728,0.023397374928666496,0.3410879205086717,-0.02772912774920217,-0.36587150715846506,0.02772912774920217,0.01880337112622709,0.01352922113453042,0.01114978660521209,0.01352922113453042,2024-08-25,44.810212160095936,20.69493835790529,15577.0,14773.0,44.810212160095936,20.694938357905286,13782.8,13547.25,14192.071428571431,13753.454545454546,14564.071428571431,13852.083333333336,14917.388888888889,14134.533333333333,2024-08-25,44.85020515654097,20.650094458920204,680.3599855396897,2024-08-18,2024-08-11,2024-08-18,2024-08-11,0.5699999928474426,1.6499999687075615
2,Starcevo,44.804737,20.691096,Bastenska 58-64,Ergela,2024-08-25,111,37,Vojvodina,2024-09-09,2024,8,2024-08-23,44.80572058367535,20.69044678148468,0.32565873624968017,-0.03965900667160865,-0.35725510738606603,0.03965900667160865,0.3390196284032612,-0.010141862777708186,-0.3735507646911245,0.010141862777708186,0.06082653355985632,0.07165542030739085,0.03740482929921308,0.07165542030739085,2024-08-25,44.80572058367535,20.69044678148468,15609.0,14696.0,44.80572058367535,20.69044678148468,13767.090909090908,13519.7,14171.533333333333,13709.7,14517.75,13840.0,14994.764705882351,14150.0,2024-08-25,44.85020515654097,20.650094458920204,680.3599855396897,2024-08-18,2024-08-11,2024-08-18,2024-08-11,0.5699999928474426,1.6499999687075615
3,Pancevo,44.867029,20.653822,Pasterova 2,Opsta Bolnica,2024-08-25,67,37,Vojvodina,2024-09-09,2024,8,2024-08-23,44.86860265356371,20.654514170119906,0.3350140056022409,0.009104382807537578,-0.3312849162011174,-0.009104382807537578,0.31751613192287376,-0.004878282604117832,-0.3219408601438947,0.004878282604117832,0.0777156641235833,0.06045030573784655,0.053228305349087776,0.06045030573784655,2024-08-25,44.86860265356372,20.654514170119906,15449.0,14899.0,44.86860265356372,20.654514170119906,13756.285714285714,13550.272727272728,14150.846153846154,13833.909090909092,14483.533333333333,13942.0,14877.4,14269.23076923077,2024-08-25,44.85020515654097,20.650094458920204,680.3599855396897,2024-08-18,2024-08-11,2024-08-18,2024-08-11,0.5699999928474426,1.6499999687075615
4,Jabuka,44.947624,20.585016,Tamiska,Mesto,2024-08-25,42,37,Vojvodina,2024-09-09,2024,8,2024-08-23,44.949451029134465,20.58714052381093,0.31712768929868684,-0.036188918421590666,-0.3376844494892168,0.036188918421590666,0.4011140263204263,0.05287518654347242,-0.3905592771977524,-0.05287518654347242,0.13536250128772842,0.12984818902545142,0.07873515534561992,0.12984818902545142,2024-08-25,44.949451029134465,20.58714052381093,15404.0,14734.0,44.94945102913447,20.58714052381093,13783.0,13673.166666666664,14213.916666666664,13799.2,14529.285714285714,13899.636363636364,14883.588235294117,14220.25,2024-08-25,44.95020561396915,20.550094001492017,585.0299850478768,2024-08-18,2024-08-11,2024-08-18,2024-08-11,0.10999999567866325,4.529999855905771
5,Jabuka,44.946417,20.606634,Ribarska 147,Ergela,2024-08-25,78,37,Vojvodina,2024-09-09,2024,8,2024-08-23,44.94495945271388,20.605106829493323,0.6785026149187998,0.3097079037800687,-0.5599897672038884,-0.3097079037800687,0.5300549384295176,0.16032511407226346,-0.4676835339885258,-0.16032511407226346,0.15712253373307095,0.16163859248649487,0.0905918703990691,0.16163859248649487,2024-08-25,44.94495945271388,20.605106829493323,15511.0,14740.0,44.94495945271388,20.605106829493323,13761.166666666664,13625.142857142857,14190.5,13778.2,14468.0,13902.916666666664,14901.529411764706,14188.76923076923,2024-08-25,44.95020561396915,20.650094458920204,677.8499847315252,2024-08-18,2024-08-11,2024-08-18,2024-08-11,0.6599999852478504,4.449999812990427
6,Glogonj,44.991909,20.514506,Utrnska,Ulaz,2024-08-25,0,37,Vojvodina,2024-09-09,2024,8,2024-08-23,44.98987521691986,20.515275301081363,0.4628143392188337,0.08902609042023504,-0.4355473877658179,-0.08902609042023504,0.4632805277957732,0.10461190880792254,-0.4314628364418469,-0.10461190880792254,0.10359696032693104,0.10601915832047984,0.05816162570671116,0.10601915832047984,2024-08-25,44.98987521691986,20.515275301081363,15363.0,14721.0,44.98987521691986,20.515275301081363,13791.545454545454,13540.5,14191.6,13814.222222222224,14510.933333333332,13926.090909090908,14832.529411764706,14210.214285714286,2024-08-25,44.95020561396915,20.550094001492017,585.0299850478768,2024-08-18,2024-08-11,2024-08-18,2024-08-11,0.10999999567866325,4.529999855905771
7,Sefkerin,45.00674,20.47046,Partizanska,Ulaz,2024-08-25,51,37,Vojvodina,2024-09-09,2024,8,2024-08-23,45.00784152260226,20.470359536875385,0.3800436205016357,0.02928019520130128,-0.3669997299486901,-0.02928019520130128,0.5074184558148542,0.14174725534874766,-0.4609162673856016,-0.14174725534874766,0.13839587370080772,0.1387298416453774,0.08549938555920769,0.1387298416453774,2024-08-25,45.00784152260226,20.470359536875385,15428.0,14677.0,45.00784152260226,20.470359536875385,13758.636363636364,13555.909090909092,14196.666666666664,13772.666666666664,14483.466666666667,13894.230769230771,14850.470588235294,14177.692307692307,2024-08-25,45.05020607139734,20.450093544063833,604.6399892605841,2024-08-18,2024-08-11,2024-08-18,2024-08-11,0.429999977350235,3.849999824538827
8,Sefkerin,45.000675,20.494024,Zarka Zrenjanina ,Cicvaric Mesara,2024-08-25,2,37,Vojvodina,2024-09-09,2024,8,2024-08-23,44.998858369761045,20.492817418978373,0.6986235208886742,0.2987444608567208,-0.5982731197455122,-0.2987444608567208,0.5368862183412895,0.16399487787114464,-0.4888931249914992,-0.16399487787114464,0.1528705219363254,0.14514597494388062,0.09812164403414228,0.14514597494388062,2024-08-25,44.99885836976107,20.492817418978373,15386.0,14702.0,44.99885836976107,20.492817418978373,13794.272727272728,13572.75,14199.583333333336,13795.375,14499.5,13940.454545454546,14820.235294117649,14212.333333333336,2024-08-25,45.05020607139734,20.450093544063833,604.6399892605841,2024-08-18,2024-08-11,2024-08-18,2024-08-11,0.429999977350235,3.849999824538827
9,Opovo,45.053365,20.41783,Tamiska,Tamiska,2024-08-25,15,37,Vojvodina,2024-09-09,2024,8,2024-08-23,45.052757286808216,20.416460619828207,0.38624338624338617,0.04535909281814365,-0.3709721839713577,-0.04535909281814365,0.4966835719618151,0.12320311927272118,-0.450259626374329,-0.12320311927272118,0.1112813843735284,0.10948192692210974,0.07128554482198292,0.10948192692210974,2024-08-25,45.052757286808244,20.416460619828207,15485.0,14667.0,45.052757286808244,20.416460619828207,13753.5,13512.375,14163.545454545454,13761.111111111111,14521.0,13921.583333333336,14798.0,14174.363636363636,2024-08-25,45.05020607139734,20.450093544063833,604.6399892605841,2024-08-18,2024-08-11,2024-08-18,2024-08-11,0.429999977350235,3.849999824538827
10,Opovo,45.045172,20.430594,Slatinska,Izlaz,2024-08-25,15,37,Vojvodina,2024-09-09,2024,8,2024-08-23,45.043774133967034,20.429935349089998,0.4616405627820547,0.0747608822955299,-0.4360980699008868,-0.0747608822955299,0.4637726369186614,0.09062800501681337,-0.4423252359130728,-0.09062800501681337,0.10676722493483944,0.11789503769941975,0.07014080790320497,0.11789503769941975,2024-08-25,45.043774133967034,20.429935349089998,15423.0,14709.0,45.043774133967034,20.429935349089998,13756.083333333336,13524.666666666664,14137.916666666664,13727.636363636364,14507.0625,13912.25,14857.764705882351,14189.916666666664,2024-08-25,45.05020607139734,20.450093544063833,604.6399892605841,2024-08-18,2024-08-11,2024-08-18,2024-08-11,0.429999977350235,3.849999824538827
11,Perlez,45.215019,20.372052,D. Tucovica,Ulaz,2024-08-25,56,37,Vojvodina,2024-09-09,2024,8,2024-08-23,45.214454037949764,20.37154485562223,0.4606672788490971,0.10156971375807937,-0.4022920952101088,-0.10156971375807937,0.4639359240472671,0.08387699325618757,-0.4233653776118597,-0.08387699325618757,0.08716105370254625,0.0908623994103538,0.04352826355608192,0.0908623994103538,2024-08-25,45.214454037949764,20.37154485562223,15557.0,14750.0,45.214454037949764,20.37154485562223,13766.25,13586.181818181818,14133.555555555557,13787.4,14464.529411764706,13872.142857142857,14763.863636363636,14200.5,2024-08-25,45.25020698625371,20.35009308663565,545.9299871623516,2024-08-18,2024-08-11,2024-08-18,2024-08-11,1.4099999815225601,2.629999900236726
12,Perlez,45.215243,20.385334,Ruze Zivanov,Izlaz,2024-08-25,90,37,Vojvodina,2024-09-09,2024,8,2024-08-23,45.214454037949764,20.385019584884024,0.3732895457033389,-0.019921874999999967,-0.37630279758639595,0.019921874999999967,0.4018867333812084,0.01902485117846013,-0.3842158181264709,-0.01902485117846013,0.0809562318639759,0.08592782877359922,0.030684494001575125,0.08592782877359922,2024-08-25,45.214454037949764,20.385019584884024,15520.0,14727.0,45.214454037949764,20.385019584884024,13757.833333333336,13572.53846153846,14120.888888888889,13751.0,14465.0625,13875.8,14783.047619047617,14199.545454545454,2024-08-25,45.25020698625371,20.35009308663565,545.9299871623516,2024-08-18,2024-08-11,2024-08-18,2024-08-11,1.4099999815225601,2.629999900236726
13,Ecka,45.311432,20.447702,Kumanovska,1,2024-08-25,39,37,Vojvodina,2024-09-09,2024,8,2024-08-23,45.31326871920292,20.447901654772394,0.3460402684563758,-0.036695485110470716,-0.3695711554220159,0.036695485110470716,0.3376109841990354,-0.028895695905871068,-0.3581270377069117,0.028895695905871068,0.04824458425374392,0.04903132321340392,0.019833034678365755,0.04903132321340392,2024-08-25,45.31326871920292,20.447901654772394,15592.0,14740.0,45.31326871920292,20.447901654772394,13799.181818181818,13512.555555555557,14136.272727272728,13746.5,14459.235294117649,13875.733333333335,14848.5,14191.714285714286,2024-08-25,45.350207443681896,20.450093544063833,567.9099854715168,2024-08-18,2024-08-11,2024-08-18,2024-08-11,3.410000041127205,6.61999998986721
14,Ecka,45.311079,20.423453,Lukino Selo,2,2024-08-25,28,37,Vojvodina,2024-09-09,2024,8,2024-08-23,45.31326871920292,20.425443772669407,0.4426979136896256,0.02915392456676862,-0.4128183599216345,-0.02915392456676862,0.3769220510472191,-0.0022390921562755713,-0.39014537729476906,0.0022390921562755713,0.045634362254611364,0.05060068708325057,0.02523645398047525,0.05060068708325057,2024-08-25,45.31326871920292,20.425443772669407,15574.0,14745.0,45.31326871920292,20.425443772669407,13785.818181818182,13485.727272727272,14111.083333333336,13729.090909090908,14393.368421052632,13879.692307692307,14794.952380952383,14146.4375,2024-08-25,45.350207443681896,20.450093544063833,567.9099854715168,2024-08-18,2024-08-11,2024-08-18,2024-08-11,3.410000041127205,6.61999998986721
15,Zrenjanin,45.359569,20.39108,Radoti Miklosa 47,Muzlja,2024-08-25,78,37,Vojvodina,2024-09-09,2024,8,2024-08-23,45.3581844834089,20.389511161304625,0.2648648648648649,-0.08682926829268292,-0.3087248322147651,0.08682926829268292,0.32664140626968863,-0.03260450657361172,-0.34136969755775065,0.03260450657361172,0.04698514347637781,0.04384612222849072,0.030929600391620387,0.04384612222849072,2024-08-25,45.3581844834089,20.389511161304625,15641.0,14789.0,45.3581844834089,20.389511161304622,13806.692307692307,13448.75,14208.777777777776,13791.555555555557,14488.823529411766,13888.909090909092,14887.736842105263,14220.3,2024-08-25,45.350207443681896,20.35009308663565,526.5699898209423,2024-08-18,2024-08-11,2024-08-18,2024-08-11,1.949999988079071,1.949999988079071
16,Zrenjanin,45.386306,20.413639,Temisvarski drum  14,Dijamant,2024-08-25,135,37,Vojvodina,2024-09-09,2024,8,2024-08-23,45.38513394193248,20.41196904340761,0.26171875,-0.045387375976356316,-0.28538942581011945,0.045387375976356316,0.27568308073486764,-0.06133177188452474,-0.30132691228743,0.06133177188452474,0.05812198863652843,0.026459943139253324,0.05662042318682236,0.026459943139253324,2024-08-25,45.38513394193249,20.41196904340761,15571.0,14790.0,45.38513394193249,20.41196904340761,13808.333333333336,13491.0,14184.75,13821.0,14491.764705882351,13901.75,14923.588235294117,14269.4,2024-08-25,45.350207443681896,20.450093544063833,567.9099854715168,2024-08-18,2024-08-11,2024-08-18,2024-08-11,3.410000041127205,6.61999998986721
17,Melenci,45.528139,20.304444,Banja Rusanda,Banja Rusanda,2024-08-25,114,37,Vojvodina,2024-09-09,2024,8,2024-08-23,45.528864387391614,20.304171209313253,0.4465512503435009,0.10125523012552297,-0.4335511982570806,-0.10125523012552297,0.18655096804150936,-0.1166864652372182,-0.2327876037878742,0.1166864652372182,0.13604475283861278,0.10080706972229074,0.12572221609289538,0.10080706972229074,2024-08-25,45.528864387391614,20.304171209313253,15720.0,14670.0,45.528864387391614,20.304171209313253,13786.363636363636,13556.0,14149.615384615383,13752.363636363636,14508.5,13804.153846153846,14768.190476190475,14100.357142857143,2024-08-25,45.550208358538264,20.35009308663565,509.2099878638983,2024-08-18,2024-08-11,2024-08-18,2024-08-11,4.74999987334013,6.289999837055802
18,Melenci,45.511735,20.305917,Brace Mijatov,Mesto,2024-08-25,26,37,Vojvodina,2024-09-09,2024,8,2024-08-23,45.51089808170922,20.304171209313253,0.15756251517358574,-0.06509803921568627,-0.18932402095285605,0.06509803921568627,0.22628690312766395,-0.08198112774816657,-0.2850081846697957,0.08198112774816657,0.06254113889730756,0.03418502239354717,0.05721646800066079,0.03418502239354717,2024-08-25,45.51089808170922,20.304171209313253,15713.0,14489.0,45.51089808170922,20.304171209313253,13797.545454545454,13578.266666666665,14111.153846153846,13788.222222222224,14523.35294117647,13829.230769230771,14814.363636363636,14126.928571428569,2024-08-25,45.550208358538264,20.35009308663565,509.2099878638983,2024-08-18,2024-08-11,2024-08-18,2024-08-11,4.74999987334013,6.289999837055802
19,Novi Becej,45.597078,20.141144,Tapaj Sandora 9 ,Kod Karcike,2024-08-25,306,37,Vojvodina,2024-09-09,2024,8,2024-08-23,45.59623803370059,20.14247445817173,0.2720739219712526,-0.10184849583182308,-0.32124766728872306,0.10184849583182308,0.2681883948526198,-0.09107021372518367,-0.31368312532530784,0.09107021372518367,0.041659487436831455,0.02750433700578442,0.032301948473148795,0.02750433700578442,2024-08-25,45.59623803370059,20.14247445817173,15529.0,14833.0,45.59623803370059,20.14247445817173,13842.53846153846,13567.833333333336,14212.083333333336,13755.272727272728,14406.666666666664,13874.25,14773.619047619048,14197.25,2024-08-25,45.550208358538264,20.150092171779278,472.379988566041,2024-08-18,2024-08-11,2024-08-18,2024-08-11,2.389999881386757,2.569999871775508
20,Novi Becej,45.581111,20.143699,Novobecejski put,Vikend Naselje,2024-08-25,213,37,Vojvodina,2024-09-09,2024,8,2024-08-23,45.58276330443879,20.14247445817173,0.3982351266723599,0.0689880304678999,-0.3879627013280588,-0.0689880304678999,0.35872466840481165,-0.0007897511028246512,-0.3777422120348761,0.0007897511028246512,0.061088076519491726,0.06336960992222032,0.03503953824901017,0.06336960992222032,2024-08-25,45.5827633044388,20.14247445817173,15541.0,14753.0,45.5827633044388,20.14247445817173,13806.6,13542.64705882353,14205.833333333336,13683.1,14417.05882352941,13828.583333333336,14754.045454545454,14160.5,2024-08-25,45.550208358538264,20.150092171779278,472.379988566041,2024-08-18,2024-08-11,2024-08-18,2024-08-11,2.389999881386757,2.569999871775508
21,Becej,45.612937,20.022146,Srbobranski put 28 ,Sumarak,2024-08-25,22,37,Vojvodina,2024-09-09,2024,8,2024-08-23,45.61420433938297,20.021201894815587,0.4291655835716143,0.03404175286815874,-0.4079385403329065,-0.03404175286815874,0.3671584024085543,-0.034745042122868164,-0.3751154076112099,0.034745042122868164,0.045797366201832,0.045136581201528886,0.029009859181628305,0.045136581201528886,2024-08-25,45.614204339382994,20.021201894815587,15548.0,14750.0,45.614204339382994,20.021201894815587,13785.533333333333,13581.416666666664,14201.583333333336,13736.666666666664,14517.4,13829.1,14987.722222222224,14200.916666666664,2024-08-25,45.65020881596645,20.050091714351094,472.8099898416549,2024-08-18,2024-08-11,2024-08-18,2024-08-11,5.149999812245369,6.889999747276306
22,Backa Topola,45.827403,19.631602,Plitvicka,Plitvicka,2024-08-25,836,37,Vojvodina,2024-09-09,2024,8,2024-08-23,45.82530843115109,19.63043474622356,0.3758093758093759,0.04300019634792854,-0.3694251095643206,-0.04300019634792854,0.3831850484862612,0.04716620146992175,-0.3584518465673717,-0.04716620146992175,0.04107187462400262,0.07389681644113577,0.03640188210087804,0.07389681644113577,2024-08-25,45.82530843115109,19.63043474622356,15296.0,14739.0,45.82530843115109,19.63043474622356,13816.133333333333,13597.8125,14178.76923076923,13661.75,14462.944444444443,13830.7,14863.45,14175.533333333333,2024-08-25,45.85020973082282,19.650089884638355,480.29998794943094,2024-08-18,2024-08-11,2024-08-18,2024-08-11,8.199999883770943,13.839999724179506
23,Backa Topola,45.859583,19.634,Zobnatica,Ergela,2024-08-25,6,37,Vojvodina,2024-09-09,2024,8,2024-08-23,45.86124104251587,19.63492632264416,0.3873335145419951,0.06178489702517169,-0.37685459940652827,-0.06178489702517169,0.3576913639094493,0.023957908434590242,-0.3681593287036488,-0.023957908434590242,0.05448802550892436,0.056511308084766336,0.04685939426953138,0.056511308084766336,2024-08-25,45.86124104251587,19.63492632264416,15267.0,14757.0,45.86124104251587,19.63492632264416,13788.8,13607.875,14189.083333333336,13688.1,14494.411764705883,13805.818181818182,14801.952380952383,14176.357142857143,2024-08-25,45.85020973082282,19.650089884638355,480.29998794943094,2024-08-18,2024-08-11,2024-08-18,2024-08-11,8.199999883770943,13.839999724179506
24,Mali Idjos,45.709719,19.653719,Vasarska,Vasarska,2024-08-25,29,37,Vojvodina,2024-09-09,2024,8,2024-08-23,45.708527444215534,19.652892628326548,0.3133314463628644,-0.07051282051282047,-0.3406529904651835,0.07051282051282047,0.2884665312531365,-0.07763838560876372,-0.3252127410478761,0.07763838560876372,0.07330393353283111,0.062418113742410325,0.04160078215358879,0.062418113742410325,2024-08-25,45.708527444215534,19.652892628326548,15534.0,14800.0,45.708527444215534,19.652892628326548,13759.4375,13593.285714285714,14265.3,13710.75,14459.5625,13784.857142857143,14845.555555555557,14128.181818181818,2024-08-25,45.75020927339464,19.650089884638355,520.4899881705642,2024-08-18,2024-08-11,2024-08-18,2024-08-11,6.919999688863754,9.019999630749226
25,Mali Idjos,45.701111,19.679061,Lovcenacka,Montel,2024-08-25,43,37,Vojvodina,2024-09-09,2024,8,2024-08-23,45.69954429137434,19.679842086850137,0.3091286307053941,-0.014447481452557632,-0.330872660163459,0.014447481452557632,0.3170425101444958,-0.04311899382182817,-0.3364686770839657,0.04311899382182817,0.04611229883051873,0.04121522728698713,0.04251410749502589,0.04121522728698713,2024-08-25,45.69954429137434,19.679842086850137,15593.0,14800.0,45.69954429137434,19.679842086850137,13756.375,13593.384615384617,14254.727272727272,13679.25,14488.4375,13790.571428571431,14870.052631578948,14130.181818181818,2024-08-25,45.75020927339464,19.650089884638355,520.4899881705642,2024-08-18,2024-08-11,2024-08-18,2024-08-11,6.919999688863754,9.019999630749226
26,Lovcenac,45.67995,19.68145,Bude Tomanovic,Bude Tomanovic,2024-08-25,126,37,Vojvodina,2024-09-09,2024,8,2024-08-23,45.68157798569196,19.679842086850137,0.2718003756372417,-0.09748667174409748,-0.3273592831139737,0.09748667174409748,0.2466637057907209,-0.12079458403673822,-0.3127622577785779,0.12079458403673822,0.03652168348399972,0.036934429528304544,0.025906362666141054,0.036934429528304544,2024-08-25,45.68157798569196,19.679842086850137,15716.0,14702.0,45.68157798569196,19.679842086850137,13757.1875,13528.222222222224,14290.545454545454,13674.875,14533.285714285714,13786.0,15077.214285714286,14115.166666666664,2024-08-25,45.65020881596645,19.650089884638355,498.2099885419011,2024-08-18,2024-08-11,2024-08-18,2024-08-11,0.919999971985817,1.599999949336052
27,Feketic,45.658136,19.709208,Marsala Tita,Pipac,2024-08-25,32,37,Vojvodina,2024-09-09,2024,8,2024-08-23,45.65912010358896,19.711283121794324,0.3216892596454641,-0.0253748558246828,-0.3643702906350914,0.0253748558246828,0.3007772687755423,-0.058132598002634886,-0.3397739059916881,0.058132598002634886,0.057375820940329475,0.05814198288294841,0.0304693706525252,0.05814198288294841,2024-08-25,45.659120103588975,19.711283121794324,15615.0,14686.0,45.659120103588975,19.711283121794324,13750.875,13523.666666666664,14266.545454545454,13701.444444444443,14516.5,13801.0,14872.05882352941,14136.666666666664,2024-08-25,45.65020881596645,19.75009034206654,509.61998684331775,2024-08-18,2024-08-11,2024-08-18,2024-08-11,6.05999980866909,6.34999980032444
28,Srbobran,45.53769,19.786532,Novosadski put,Iza mlina,2024-08-25,15,37,Vojvodina,2024-09-09,2024,8,2024-08-23,45.53784754023282,19.78763992094449,0.2936925098554534,0.0836543753439736,-0.2666452235445481,-0.0836543753439736,0.2928595523030985,0.10633725513044942,-0.27208072803961303,-0.10633725513044942,0.035750710395691096,0.0303521425005514,0.03550074988240103,0.0303521425005514,2024-08-25,45.53784754023282,19.78763992094449,15489.0,14725.0,45.53784754023282,19.78763992094449,13773.066666666668,13526.692307692307,14255.333333333336,13762.111111111111,14537.1875,13820.1,14927.625,14173.923076923076,2024-08-25,45.550208358538264,19.75009034206654,463.08998796343803,2024-08-18,2024-08-11,2024-08-18,2024-08-11,0.7299999892711639,0.9099999815225601
29,Sirig,45.44494,19.816372,13 April,Kanalic,2024-08-25,174,37,Vojvodina,2024-09-09,2024,8,2024-08-23,45.443524435400256,19.814589379468075,0.32628062360801785,-0.03327922077922072,-0.3588134626354821,0.03327922077922072,0.19395596071916169,0.027902447912137567,-0.2497606067518748,-0.027902447912137567,0.014588412766854712,0.0385569380186825,0.003337713270157749,0.0385569380186825,2024-08-25,45.443524435400256,19.814589379468075,15616.0,14649.0,45.443524435400256,19.814589379468075,13755.357142857143,13520.272727272728,14283.166666666664,13730.125,14677.375,13752.888888888889,15115.9375,14196.25,2024-08-25,45.45020790111008,19.850090799494723,470.8099887780845,2024-08-18,2024-08-11,2024-08-18,2024-08-11,0.4999999813735485,0.9599999692291021
30,Cenej,45.361843,19.843538,-,Salas,2024-08-25,3,37,Vojvodina,2024-09-09,2024,8,2024-08-23,45.362676059829504,19.841538837991664,0.2654886097509048,-0.029709435194253987,-0.3552211582307342,0.029709435194253987,0.2861462632116301,-0.035618912444373194,-0.3572653489463897,0.035618912444373194,0.05043242197695233,0.03582413314591753,0.025978811295334074,0.03582413314591753,2024-08-25,45.362676059829504,19.841538837991664,15677.0,14618.0,45.362676059829504,19.841538837991664,13734.857142857143,13530.8,14236.0,13657.142857142857,14636.8125,13802.846153846154,15150.928571428569,14170.8,2024-08-25,45.350207443681896,19.850090799494723,484.33998823165894,2024-08-18,2024-08-11,2024-08-18,2024-08-11,0.6099999696016312,5.209999870508909
31,Temerin,45.391624,19.858687,Partizanska,Naucni institut,2024-08-27,50,37,Vojvodina,2024-09-11,2024,8,2024-08-26,45.38962551835308,19.859505143674053,0.2209193245778613,-0.011769172361427457,-0.2992263538807088,0.011769172361427457,0.27340536630947754,0.02597790154884088,-0.3464045257630359,-0.02597790154884088,0.06772597478499867,0.04615142754744106,0.032904938403072,0.04615142754744106,2024-08-27,45.38962551835309,19.859505143674053,15293.0,14662.0,45.38962551835309,19.859505143674053,13781.46153846154,13452.0,14333.875,13610.25,14684.3125,13800.307692307693,15183.588235294117,14151.142857142857,2024-08-27,45.350207443681896,19.850090799494723,484.33998823165894,2024-08-20,2024-08-13,2024-08-20,2024-08-13,0.0,5.209999870508909
32,Palic,46.099172,19.755222,-,Palic,2024-08-27,21,37,Vojvodina,2024-09-11,2024,8,2024-08-26,46.09929459280757,19.756198886000305,0.42151250376619465,0.11064030131826738,-0.3715116279069768,-0.11064030131826738,0.33464836024313266,0.17803168052520008,-0.2565728986606326,-0.17803168052520008,0.11141282511189468,0.1987877683522357,0.17374048436510026,0.1987877683522357,2024-08-27,46.09929459280757,19.756198886000305,15457.0,14812.0,46.09929459280757,19.756198886000305,13759.6875,13530.64705882353,14170.222222222224,13676.9,14407.0,13789.076923076924,14742.047619047617,14168.5625,2024-08-27,46.05021064567919,19.75009034206654,440.6699885483831,2024-08-20,2024-08-13,2024-08-20,2024-08-13,1.109999991953373,21.41999952122569
33,Subotica,46.080117,19.676158,-,Spartak,2024-08-27,3,37,Vojvodina,2024-09-11,2024,8,2024-08-26,46.08132828712517,19.67535051042954,0.3077380952380953,0.0020524515393386183,-0.3136023916292975,-0.0020524515393386183,0.2892531730912561,-0.029090823624235793,-0.3044347243846768,0.029090823624235793,0.08185400512819978,0.06634905111173278,0.0543940492690327,0.06634905111173278,2024-08-27,46.08132828712517,19.67535051042954,15519.0,14943.0,46.08132828712517,19.67535051042954,13800.642857142857,13573.94117647059,14251.222222222224,13671.375,14432.176470588234,13767.0,14821.0,14146.35294117647,2024-08-27,46.05021064567919,19.650089884638355,411.95999021083117,2024-08-20,2024-08-13,2024-08-20,2024-08-13,1.519999921321869,15.459999404847622
34,Subotica,46.089969,19.639352,-,Hipodrom,2024-08-27,5,37,Vojvodina,2024-09-11,2024,8,2024-08-26,46.090311439966364,19.639417899064753,0.15878725590955806,-0.11603292826342612,-0.21563342318059286,0.11603292826342612,0.2263018072275127,-0.10099359783473756,-0.27151879439226545,0.10099359783473756,0.04849849015931667,0.014679541376707225,0.042429284881255684,0.014679541376707225,2024-08-27,46.090311439966364,19.639417899064753,15575.0,14909.0,46.090311439966364,19.639417899064753,13789.214285714286,13585.4375,14215.777777777776,13731.375,14449.75,13793.625,14858.0,14188.6875,2024-08-27,46.05021064567919,19.650089884638355,411.95999021083117,2024-08-20,2024-08-13,2024-08-20,2024-08-13,1.519999921321869,15.459999404847622
35,Bajmok,45.979106,19.4145,Tri istarske zrtve rata 5,Mesto,2024-08-27,1,37,Vojvodina,2024-09-11,2024,8,2024-08-26,45.97802202945142,19.414839078034856,0.2983333333333334,-0.05861027190332329,-0.3297297297297297,0.05861027190332329,0.2687902356256327,-0.07742539400603497,-0.31124228812345306,0.07742539400603497,0.04301966283288992,0.02396558182090848,0.030055775348943662,0.02396558182090848,2024-08-27,45.97802202945142,19.414839078034856,15477.0,14775.0,45.97802202945142,19.414839078034856,13828.785714285714,13602.642857142857,14230.2,13675.625,14535.294117647061,13741.0,14886.411764705883,14175.0,2024-08-27,45.950210188251006,19.450088969781984,423.0999905914068,2024-08-20,2024-08-13,2024-08-20,2024-08-13,6.889999747276306,11.54999959655106
36,Aleksa Santic,45.923389,19.331687,,Mesto,2024-08-27,124,37,Vojvodina,2024-09-11,2024,8,2024-08-26,45.92412311240425,19.32949912604349,0.3257338273012254,-0.06736166800320767,-0.34102046699336985,0.06736166800320767,0.2830579017650223,-0.1126643418702371,-0.3197220424549496,0.1126643418702371,0.04277897722412741,0.051917127344520635,0.02288977976378454,0.051917127344520635,2024-08-27,45.92412311240425,19.32949912604349,15478.0,14801.0,45.92412311240425,19.32949912604349,13833.142857142857,13589.857142857143,14230.333333333336,13657.142857142857,14640.466666666667,13755.5,15097.428571428569,14146.272727272728,2024-08-27,45.950210188251006,19.3500885123538,402.9899921268225,2024-08-20,2024-08-13,2024-08-20,2024-08-13,3.5199999026954174,7.009999832138419
37,Svetozar Miletic,45.857961,19.210842,12,Mesto,2024-08-27,2,37,Vojvodina,2024-09-11,2024,8,2024-08-26,45.85674946609527,19.212718139107945,0.3382094792276185,-0.041090146750524116,-0.3588829471182413,0.041090146750524116,0.2739704094579036,-0.07608113099057595,-0.3388355032176784,0.07608113099057595,0.07192775346913248,0.039796068788160666,0.031088021335051067,0.039796068788160666,2024-08-27,45.85674946609529,19.212718139107945,15391.0,14867.0,45.85674946609529,19.212718139107945,13836.769230769229,13616.416666666664,14201.75,13697.0,14570.4375,13783.285714285714,14890.0,14159.0,2024-08-27,45.85020973082282,19.250088054925612,472.0199897047132,2024-08-20,2024-08-13,2024-08-20,2024-08-13,0.7999999672174454,1.3999999538064003
38,Conoplja,45.813258,19.240646,Svetozara Miletica,Kod bivse studentkinje,2024-08-27,0,37,Vojvodina,2024-09-11,2024,8,2024-08-26,45.81183370188928,19.23966759763153,0.4134256792754396,0.020384615384615383,-0.4141791044776121,-0.020384615384615383,0.2078550461493996,0.2807168754418749,-0.10542646970046796,-0.2807168754418749,0.02205696684724342,0.020471498143920783,0.01315546464920444,0.020471498143920783,2024-08-27,45.8118337018893,19.23966759763153,15437.0,14831.0,45.8118337018893,19.23966759763153,13793.4375,13613.285714285714,14287.6,13688.666666666664,14551.777777777776,13773.0,14971.066666666668,14198.2,2024-08-27,45.85020973082282,19.250088054925612,472.0199897047132,2024-08-20,2024-08-13,2024-08-20,2024-08-13,0.7999999672174454,1.3999999538064003
39,Kljajicevo,45.767415,19.294542,-,Kod bazena,2024-08-27,34,37,Vojvodina,2024-09-11,2024,8,2024-08-26,45.766917937683324,19.293566514678712,0.3875573686894442,0.013219139824986029,-0.4029389017788089,-0.013219139824986029,0.3091495051938383,-0.03817261915695922,-0.3634136575834424,0.03817261915695922,0.0645328479287879,0.053249658621644484,0.03479731227772803,0.053249658621644484,2024-08-27,45.766917937683324,19.293566514678712,15472.0,14764.0,45.766917937683324,19.293566514678712,13806.666666666664,13579.214285714286,14259.181818181818,13654.428571428569,14575.8125,13767.428571428569,15010.705882352939,14154.363636363636,2024-08-27,45.75020927339464,19.250088054925612,443.9199893884361,2024-08-20,2024-08-13,2024-08-20,2024-08-13,1.6700000315904617,1.8800000324845314
40,Sombor,45.755889,19.098878,Venac Petrove Gore,Sumarak,2024-08-27,3,37,Vojvodina,2024-09-11,2024,8,2024-08-26,45.75793478484212,19.100428728593,0.3041406017277331,-0.031844316674038024,-0.306865671641791,0.031844316674038024,0.2958889053780769,-0.013978021408206646,-0.3052190277891001,0.013978021408206646,0.0435212999810394,0.03489206743606428,0.04325261476287981,0.03489206743606428,2024-08-27,45.75793478484212,19.100428728593,15575.0,14900.0,45.75793478484212,19.100428728593,13831.357142857143,13596.928571428569,14257.363636363636,13733.0,14563.6,13801.285714285714,14909.176470588234,14213.666666666664,2024-08-27,45.75020927339464,19.050087140069245,461.9399882107973,2024-08-20,2024-08-13,2024-08-20,2024-08-13,2.67999991774559,11.029999703168869
41,Apatin,45.668838,18.992625,Nova ulica,Mesto,2024-08-27,16,37,Vojvodina,2024-09-11,2024,8,2024-08-26,45.66810325643016,18.992630894498642,0.25586592178770945,-0.09935897435897442,-0.2889908256880734,0.09935897435897442,0.2301583046653641,-0.11908405790094695,-0.2806606839560428,0.11908405790094695,0.024290162001870185,0.02997746236424895,0.008084594582199279,0.02997746236424895,2024-08-27,45.66810325643016,18.992630894498642,15319.0,14897.0,45.66810325643016,18.992630894498642,13811.666666666664,13607.5625,14204.833333333336,13615.25,14437.823529411766,13680.909090909092,14805.823529411766,14205.46153846154,2024-08-27,45.65020881596645,18.950086682641057,478.96998845785856,2024-08-20,2024-08-13,2024-08-20,2024-08-13,0.09999999403953552,18.199999606236815
42,Banja Junakovic,45.677845,19.033797,-,Banja Junakovic,2024-08-27,76,37,Vojvodina,2024-09-11,2024,8,2024-08-26,45.677086409271354,19.033055082284022,0.44990892531876137,0.1104394326900721,-0.39935540580134776,-0.1104394326900721,0.4219795712222469,0.0960770889708449,-0.3867906844712714,-0.0960770889708449,0.13758124336642488,0.12416026119294454,0.07881741290335044,0.12416026119294454,2024-08-27,45.677086409271354,19.033055082284022,15098.0,14795.0,45.677086409271354,19.033055082284022,13838.571428571431,13624.928571428569,14263.909090909092,13707.5,14527.882352941177,13714.5,14885.64705882353,14202.0,2024-08-27,45.65020881596645,19.050087140069245,438.6099895592779,2024-08-20,2024-08-13,2024-08-20,2024-08-13,0.20999999344348907,18.839999556541443
43,Sonta,45.606516,19.112827,-,Malinjak,2024-08-27,7,37,Vojvodina,2024-09-11,2024,8,2024-08-26,45.605221186541776,19.11390345785479,0.3437146092865232,-0.08519660755589825,-0.3645773433007477,0.08519660755589825,0.333317146868075,-0.06570820924369804,-0.353572425759734,0.06570820924369804,0.07661584089734455,0.052616463179694255,0.03733077372161569,0.052616463179694255,2024-08-27,45.605221186541776,19.11390345785479,15356.0,14845.0,45.60522118654178,19.11390345785479,13791.1875,13550.470588235294,14215.0,13638.111111111111,14450.823529411766,13740.857142857143,14882.222222222224,14124.714285714286,2024-08-27,45.65020881596645,19.15008759749743,450.6199891511351,2024-08-20,2024-08-13,2024-08-20,2024-08-13,0.0,12.039999857544899
44,Karavukovo,45.504476,19.186435,Mostonga,Kod pluga,2024-08-27,7,37,Vojvodina,2024-09-11,2024,8,2024-08-26,45.50640650528863,19.18576868058436,0.2549969715324046,-0.09795385285154552,-0.2774352651048089,0.09795385285154552,0.25596062231943184,-0.06968391814911881,-0.2628532351522335,0.06968391814911881,0.07672402708653528,0.0935016220612252,0.0712116071914646,0.0935016220612252,2024-08-27,45.50640650528863,19.18576868058436,15409.0,14675.0,45.50640650528863,19.18576868058436,13802.6875,13537.133333333333,14236.53846153846,13726.285714285714,14546.6,13767.727272727272,14959.25,14111.692307692307,2024-08-27,45.550208358538264,19.15008759749743,490.18998933024704,2024-08-20,2024-08-13,2024-08-20,2024-08-13,0.0,8.479999836534262
45,Odzaci,45.503035,19.251484,Zeleznicka,Mesto,2024-08-27,92,37,Vojvodina,2024-09-11,2024,8,2024-08-26,45.501914928868025,19.253142326893325,0.2577217692117618,-0.04287326062429482,-0.3004598875830353,0.04287326062429482,0.2675432841155466,-0.02642936164367524,-0.3099185961023675,0.02642936164367524,0.030855530709134774,0.02207134258277737,0.02437535684820544,0.02207134258277737,2024-08-27,45.501914928868025,19.253142326893325,15454.0,14739.0,45.501914928868025,19.253142326893325,13782.35294117647,13654.25,14223.46153846154,13711.166666666664,14619.3125,13761.090909090908,15104.428571428569,14167.5,2024-08-27,45.550208358538264,19.250088054925612,481.7899901922792,2024-08-20,2024-08-13,2024-08-20,2024-08-13,0.0,5.959999848157167
46,Parage,45.414863,19.402898,Krallja Petra Prvog,Mesna zajednica,2024-08-27,4,37,Vojvodina,2024-09-11,2024,8,2024-08-26,45.41657497687667,19.40136434877305,0.2845208845208845,-0.050490374137304735,-0.3232093140976968,0.050490374137304735,0.3092198451604919,-0.016613108458861842,-0.3607497404540589,0.016613108458861842,0.019201426460452864,0.03152276740239341,0.02358595055878361,0.03152276740239341,2024-08-27,45.41657497687667,19.401364348773054,15409.0,14565.0,45.41657497687667,19.401364348773058,13784.666666666664,13564.3,14367.363636363636,13686.111111111111,14728.714285714286,13828.375,15190.466666666667,14189.6,2024-08-27,45.45020790111008,19.450088969781984,517.7599886190146,2024-08-20,2024-08-13,2024-08-20,2024-08-13,0.0,0.8599999789148569
47,Backi Maglic,45.369323,19.53634,-,Mesto,2024-08-27,449,37,Vojvodina,2024-09-11,2024,8,2024-08-26,45.3671676362501,19.536111641391,0.3067454455933038,-0.01939774616663589,-0.33568193256165074,0.01939774616663589,0.2785382428592338,-0.04390947123174618,-0.3192162358822162,0.04390947123174618,0.07088904427013458,0.06111750785683893,0.043294740950791236,0.06111750785683893,2024-08-27,45.3671676362501,19.536111641391,15374.0,14684.0,45.3671676362501,19.536111641391,13762.125,13544.545454545454,14288.5,13673.125,14670.933333333332,13804.1,15032.285714285714,14213.666666666664,2024-08-27,45.350207443681896,19.550089427210168,558.1099876202643,2024-08-20,2024-08-13,2024-08-20,2024-08-13,0.0,5.449999848380685
48,Rumenka,45.289375,19.745317,Adi Andrea,Mesto,2024-08-27,5,37,Vojvodina,2024-09-11,2024,8,2024-08-26,45.29081083709993,19.747215733159106,0.2762626262626263,-0.018450184501844925,-0.30560578661844484,0.018450184501844925,0.3017018869352075,0.0058656315643307744,-0.3325440336573605,-0.0058656315643307744,0.03125918040181131,0.041243585707858736,0.02346043364287884,0.041243585707858736,2024-08-27,45.29081083709993,19.747215733159106,15443.0,14692.0,45.29081083709993,19.747215733159106,13765.25,13608.545454545454,14237.636363636364,13715.6,14674.818181818182,13848.230769230771,15034.4,14222.0,2024-08-27,45.25020698625371,19.75009034206654,561.5199890527874,2024-08-20,2024-08-13,2024-08-20,2024-08-13,0.0,12.57999954931438
49,Novi Sad,45.265159,19.814186,Orlovica Pavla 4,Orlovica Pavla,2024-08-27,0,37,Vojvodina,2024-09-11,2024,8,2024-08-26,45.263861378576344,19.814589379468075,0.1888230313293819,-0.026802218114602584,-0.20480549199084666,0.026802218114602584,0.19728562438365485,-0.02232147547036668,-0.21875069594633734,0.02232147547036668,0.04012873271349896,0.02310516164363596,0.035801240370277904,0.02310516164363596,2024-08-27,45.263861378576344,19.814589379468075,15471.0,14901.0,45.263861378576344,19.814589379468075,13807.7,13583.666666666664,14258.454545454546,13832.4,14608.615384615383,13902.545454545454,14909.9375,14340.0,2024-08-27,45.25020698625371,19.850090799494723,553.3799877446145,2024-08-20,2024-08-13,2024-08-20,2024-08-13,2.939999982714653,20.20999950170517
50,Novi Sad,45.242379,19.82124,Bulevar Evrope 13,Bulevar Evrope,2024-08-27,15,37,Vojvodina,2024-09-11,2024,8,2024-08-26,45.24140349647335,19.81908095588868,0.1641531322505801,-0.040860215053763436,-0.18093556928508386,0.040860215053763436,0.1967630992362352,-0.036011745814381116,-0.2150852471592137,0.036011745814381116,0.02266587271238221,0.02039295147677924,0.023844140139145327,0.02039295147677924,2024-08-27,45.24140349647335,19.81908095588868,15480.0,14690.0,45.24140349647335,19.819080955888676,13819.285714285714,13574.9375,14180.727272727272,13802.666666666664,14468.0,13960.8,14875.8125,14352.214285714286,2024-08-27,45.25020698625371,19.850090799494723,553.3799877446145,2024-08-20,2024-08-13,2024-08-20,2024-08-13,2.939999982714653,20.20999950170517
51,In?ija,45.056233,20.066667,-,Fazanerija,2024-08-26,0,37,Vojvodina,2024-09-10,2024,8,2024-08-26,45.05724886322883,20.066117659021565,0.3697731620661382,0.04091381100726888,-0.3582655826558265,-0.04091381100726888,0.32220238967934905,-0.02074906999677697,-0.35569136343593954,0.02074906999677697,0.0412040524316132,0.033153180026922954,0.02722123876653364,0.033153180026922954,2024-08-26,45.05724886322884,20.066117659021565,15364.0,14689.0,45.05724886322884,20.066117659021565,13734.076923076924,13529.8,14263.428571428569,13775.545454545454,14555.071428571431,13835.0,15037.0625,14159.0,2024-08-26,45.05020607139734,20.050091714351094,609.7699853666127,2024-08-19,2024-08-12,2024-08-19,2024-08-12,0.4299999922513962,32.06999944150448
52,Stara Pazova,44.986667,20.15925,Branka Radicevica,,2024-08-26,0,37,Vojvodina,2024-09-10,2024,8,2024-08-26,44.98538364049928,20.16044076385413,0.20346320346320346,-0.03872752420470258,-0.2264705882352941,0.03872752420470258,0.2917504935289396,-0.023487018636535337,-0.30787927658798764,0.023487018636535337,0.0524998815614653,0.01789570440280855,0.04337192493719949,0.01789570440280855,2024-08-26,44.98538364049928,20.16044076385413,15381.0,14797.0,44.98538364049928,20.160440763854126,13749.727272727272,13489.75,14210.222222222224,13757.727272727272,14578.142857142857,13904.0,15041.615384615383,14262.090909090908,2024-08-26,44.95020561396915,20.150092171779278,586.8099850211293,2024-08-19,2024-08-12,2024-08-19,2024-08-12,0.5499999970197678,31.209999719634652
53,Petrovaradin,45.2477,19.87835,,Sadovi,2024-08-26,17,37,Vojvodina,2024-09-10,2024,8,2024-08-26,45.24589507289394,19.87747144935645,0.2372650503949877,-0.06754259905563535,-0.2658862876254181,0.06754259905563535,0.2407825053376477,-0.01690136261376011,-0.2656507049010352,0.01690136261376011,0.04849118214399237,0.030220802340057883,0.04412031161183441,0.030220802340057883,2024-08-26,45.24589507289395,19.87747144935645,15390.0,14654.0,45.24589507289395,19.87747144935645,13790.071428571431,13588.125,14114.666666666664,13806.636363636364,14432.166666666664,13905.285714285714,14723.5,14271.1875,2024-08-26,45.25020698625371,19.850090799494723,552.8999877702445,2024-08-19,2024-08-12,2024-08-19,2024-08-12,2.6000000089406967,19.729999527335167
54,Bukovac,45.225067,19.886367,Bukovacki do,-,2024-08-26,1,37,Vojvodina,2024-09-10,2024,8,2024-08-26,45.223437190790946,19.886454602197645,0.32641700404858304,-0.003232553717436841,-0.3465193937837144,0.003232553717436841,0.3457437183875112,-0.009022539428501305,-0.3629623692557941,0.009022539428501305,0.04072125086494858,0.035667591501905044,0.02585174388089771,0.035667591501905044,2024-08-26,45.22343719079096,19.886454602197645,15431.0,14714.0,45.22343719079096,19.886454602197645,13786.5,13442.083333333336,14139.416666666664,13771.0,14465.375,13877.0,14714.666666666664,14251.6,2024-08-26,45.25020698625371,19.850090799494723,552.8999877702445,2024-08-19,2024-08-12,2024-08-19,2024-08-12,2.6000000089406967,19.729999527335167
55,Ruma,45.034486,19.819215,Borkovac,Kod bazena,2024-08-26,75,37,Vojvodina,2024-09-10,2024,8,2024-08-26,45.03479098112585,19.81908095588868,0.4400854016546572,0.1134956665290962,-0.40961337513061663,-0.1134956665290962,0.2433279446864816,0.009688818723555112,-0.3014741107896467,-0.009688818723555112,0.019782375747274792,0.019972187781081282,0.009947033524874952,0.019972187781081282,2024-08-26,45.03479098112585,19.81908095588868,15275.0,14738.0,45.03479098112585,19.819080955888676,13751.692307692307,13483.2,14267.833333333336,13730.444444444443,14548.4375,13782.583333333336,14975.8,14210.928571428569,2024-08-26,45.05020607139734,19.850090799494723,595.5799868181348,2024-08-19,2024-08-12,2024-08-19,2024-08-12,0.22999998927116394,48.85999916493893
56,Hrtkovci,44.87385,19.76125,-,Staro mesto,2024-08-26,2,37,Vojvodina,2024-09-10,2024,8,2024-08-26,44.87309422998431,19.760690462420897,0.3106598984771573,-0.03728560775540645,-0.3354021205068528,0.03728560775540645,0.3409217088309604,-0.0053930489459907294,-0.3560063655322772,0.0053930489459907294,0.06564577984106741,0.07528288495067748,0.031496706096033215,0.07528288495067748,2024-08-26,44.87309422998433,19.760690462420897,15078.0,14582.0,44.873094229984325,19.760690462420897,13690.769230769229,13503.769230769229,14216.5,13647.533333333333,14540.611111111111,13805.923076923076,14905.45,14204.75,2024-08-26,44.85020515654097,19.75009034206654,675.5499841514975,2024-08-19,2024-08-12,2024-08-19,2024-08-12,6.029999792575836,75.6599987745285
57,Sremska Mitrovica,44.974817,19.591767,Stevana Sremca,-,2024-08-26,0,37,Vojvodina,2024-09-10,2024,8,2024-08-26,44.97640048765807,19.590010558438173,0.2731541873206366,-0.035573122529644244,-0.304812834224599,0.035573122529644244,0.18140496636553788,0.0830761009659506,-0.11416200272273486,-0.0830761009659506,0.011409404891947124,0.0012513363026630947,0.017656179095446978,0.0012513363026630947,2024-08-26,44.97640048765807,19.590010558438173,15370.0,14735.0,44.97640048765807,19.590010558438173,13769.916666666664,13597.571428571431,14219.272727272728,13727.142857142857,14541.625,13899.733333333335,14866.05,14307.4,2024-08-26,44.95020561396915,19.550089427210168,657.2299838010222,2024-08-19,2024-08-12,2024-08-19,2024-08-12,0.5599999874830246,59.87999868392944
58,Kuzmin,45.023233,19.408933,Fru?kogorska,Ispod drveta,2024-08-26,0,37,Vojvodina,2024-09-10,2024,8,2024-08-26,45.02131625186404,19.410347501614254,0.27585347620234235,-0.02624572080639033,-0.30445859872611464,0.02624572080639033,0.3060821173792594,-0.0023420193916337184,-0.3389361939220341,0.0023420193916337184,0.03088947959478665,0.039203197509767584,0.03540010791289675,0.039203197509767584,2024-08-26,45.02131625186404,19.410347501614254,15481.0,14660.0,45.02131625186404,19.410347501614254,13735.818181818182,13535.363636363636,14239.142857142857,13665.714285714286,14609.0,13885.692307692307,15079.571428571431,14217.166666666664,2024-08-26,45.05020607139734,19.450088969781984,679.5999851226807,2024-08-19,2024-08-12,2024-08-19,2024-08-12,0.919999971985817,45.97999922931194
59,Batrovci,45.047225,19.106996,-,Granica,2024-08-26,105,37,Vojvodina,2024-09-10,2024,8,2024-08-26,45.04826571038763,19.104920305013593,0.27473309608540925,0.044314868804664696,-0.24461431549687285,-0.044314868804664696,0.3865840176852546,0.11179273663471548,-0.3633583142521346,-0.11179273663471548,0.12871786067886726,0.09085677074399844,0.07480533331264555,0.09085677074399844,2024-08-26,45.04826571038764,19.104920305013593,15376.0,14782.0,45.04826571038764,19.104920305013593,13726.133333333333,13605.333333333336,14208.909090909092,13728.0,14594.76923076923,13831.0,14896.529411764706,14231.384615384617,2024-08-26,45.05020607139734,19.15008759749743,596.759982611984,2024-08-19,2024-08-12,2024-08-19,2024-08-12,0.0,20.869999337941408
60,Morovi?,45.014217,19.227017,?idska,-,2024-08-26,37,37,Vojvodina,2024-09-10,2024,8,2024-08-26,45.012333099022854,19.22619286836974,0.33767441860465114,0.003255813953488336,-0.34686231657820793,-0.003255813953488336,0.37914540818366266,0.12953272287654155,-0.3448683407764488,-0.12953272287654155,0.07133698491256547,0.10911627221898916,0.056063098495957496,0.10911627221898916,2024-08-26,45.012333099022854,19.226192868369733,15276.0,14755.0,45.012333099022854,19.226192868369733,13736.083333333336,13537.2,14172.636363636364,13733.0,14493.9375,13893.230769230771,14950.6,14196.75,2024-08-26,45.05020607139734,19.250088054925612,614.6999888755381,2024-08-19,2024-08-12,2024-08-19,2024-08-12,0.0,34.47999895736575
61,Basaid,45.633867,20.413467,Branislava Nusica,-,2024-08-28,98,37,Vojvodina,2024-09-12,2024,8,2024-08-28,45.632170645065365,20.41196904340761,0.25823223570190634,-0.10606860158311347,-0.3108073252514831,0.10606860158311347,0.26201936945987475,-0.07668555371276242,-0.2975562472997041,0.07668555371276242,0.039794433644925804,0.034456558182626155,0.03141858549134352,0.034456558182626155,2024-08-28,45.632170645065386,20.41196904340761,15414.0,14615.0,45.632170645065386,20.41196904340761,13792.615384615383,13586.5,14155.0,13716.5,14661.545454545454,13778.181818181818,14948.2,14097.090909090908,2024-08-28,45.65020881596645,20.450093544063833,502.21998966671526,2024-08-21,2024-08-14,2024-08-21,2024-08-14,3.099999964237213,14.389999719336629
62,Kikinda,45.8026,20.447417,-,Plava Banja,2024-08-28,12,37,Vojvodina,2024-09-12,2024,8,2024-08-28,45.8028505490481,20.447901654772394,0.23870607919687675,-0.024807903402854017,-0.2771707878090857,0.024807903402854017,0.2366593249824128,-0.047312719712116064,-0.2867127293979008,0.047312719712116064,0.04575976250114793,0.06362995958330248,0.05347931822338806,0.06362995958330248,2024-08-28,45.8028505490481,20.447901654772394,15380.0,14828.0,45.8028505490481,20.447901654772394,13834.214285714286,13562.777777777776,14191.416666666664,13701.375,14515.533333333333,13843.777777777776,14979.555555555557,14180.454545454546,2024-08-28,45.85020973082282,20.450093544063833,454.42998852208257,2024-08-21,2024-08-14,2024-08-21,2024-08-14,5.169999994337559,35.40999930538237
63,Idjos,45.834543,20.313649,Koste Kljajica,-,2024-08-28,44,37,Vojvodina,2024-09-12,2024,8,2024-08-28,45.83429158399228,20.313154362154453,0.3027366020524516,-0.044133026563480456,-0.3057142857142857,0.044133026563480456,0.20686473013445653,-0.015011545710956888,-0.22412696893517314,0.015011545710956888,0.11724182268875767,0.20291617673782053,0.15265294890792713,0.20291617673782053,2024-08-28,45.83429158399229,20.313154362154453,15322.0,14749.0,45.83429158399229,20.313154362154453,13790.5,13604.769230769229,14132.75,13690.75,14440.785714285714,13791.133333333333,14805.35294117647,14165.4,2024-08-28,45.85020973082282,20.35009308663565,479.92998911067843,2024-08-21,2024-08-14,2024-08-21,2024-08-14,10.37999982573092,46.08999937213957
64,Coka,45.9362,20.1026,-,Sokolovi,2024-08-28,0,37,Vojvodina,2024-09-12,2024,8,2024-08-28,45.93759784166604,20.102050270386354,0.2660062817105581,-0.09420916162489194,-0.3275905751203445,0.09420916162489194,0.2400437433163593,-0.06611533976114004,-0.29428038411607704,0.06611533976114004,0.09294088909955417,0.12319338294142168,0.054256296074335485,0.12319338294142168,2024-08-28,45.93759784166604,20.102050270386343,15326.0,14700.0,45.93759784166604,20.102050270386343,13783.0,13571.8125,14142.636363636364,13729.333333333336,14358.214285714286,13827.428571428569,14789.0,14156.333333333336,2024-08-28,45.950210188251006,20.150092171779278,477.48998993076384,2024-08-21,2024-08-14,2024-08-21,2024-08-14,2.179999925196171,42.72999888472259
65,Kanjiza,46.06005,20.060183,-,Banja,2024-08-28,2,37,Vojvodina,2024-09-12,2024,8,2024-08-28,46.05887040502218,20.061626082600966,0.3440082644628099,-0.011961268274159921,-0.3516883116883116,0.011961268274159921,0.34631977825575105,0.004976875139283604,-0.35336314491019344,-0.004976875139283604,0.08355488387142125,0.10012569427839006,0.04963531654233768,0.10012569427839006,2024-08-28,46.05887040502219,20.061626082600966,15304.0,14781.0,46.05887040502219,20.061626082600966,13795.5625,13601.4375,14221.727272727272,13755.625,14440.4,13782.846153846154,14751.5,14198.642857142857,2024-08-28,46.05021064567919,20.050091714351094,481.22998874634504,2024-08-21,2024-08-14,2024-08-21,2024-08-14,0.9699999839067459,46.889998726546764
