x,y,DISTANCE_TO_COAST,DISTANCE_TO_RIVER,SLOPE_mean_1km,ASPECT_mean_200m,ELEVATION_mean_1km,HILLSHADE_mean_1km,FS_AREA_1km,FLOW_ACCU_200m
-4.28974109791963,5.299679487201,0,1187.39152659485,0,0,1,180,3.10085309665839,1.4274465033225
-4.27169961643749,5.299679487201,0,419.145532669583,0,0,1,180,3.10100321807789,3903.43318404028
-4.25365813495535,5.299679487201,0,795.225143207708,0,0,3.27203673765316,180.879957534191,1.80311919891262,3.14774590163934
-4.23561665347321,5.299679487201,114.181618365488,1888.22036223108,0,144.560668598694,4.80872629428023,179.092027447691,1.10611684555736,2
-4.21757517199107,5.299679487201,0,266.273721205005,0,0,1,180,3.09841969929343,15.2916691060242
-4.19953369050893,5.299679487201,0,178.928295585938,4,0,3.45041875462297,180.093498410883,2.30415492403852,18842.5630232422
-4.18149220902679,5.299679487201,0,194.743339403038,1,0,1.75157757740403,179.7954063648,2.43132856109356,27435.4590797331
-4.16345072754465,5.299679487201,0,194.764781014561,5,0,1.05267524923022,180.038453787568,2.96818663932387,27518.4096604215
-4.14540924606251,5.299679487201,0,194.744102356074,3,0,1.26534787004325,180.082347669646,2.83679894143665,27655.4967503952
-4.12736776458037,5.299679487201,0,194.761004398225,0,0,1.26758324401733,180.10755635915,2.84330978217821,27675.3079625293
-4.10932628309823,5.299679487201,0,194.768733659167,0,0,1.05576370984993,180.033376490323,2.96963455534453,27967.3863177308
-4.09128480161609,5.299679487201,0,330.942260004093,0,0,1.95406487726729,180.543199910834,2.55156959615167,9628.61962471825
-4.07324332013395,5.299679487201,0,36.0822253529464,0,45.09062701247,2.89408302410203,179.668171542314,1.58263030711718,113.562584157836
-4.05520183865181,5.299679487201,0,655.310370458061,2,0,1.32622780836924,180.053540246941,2.71195989511647,8.11323848000468
-4.03716035716967,5.299679487201,0,52.0176384756113,3,0,1.38187711374004,179.843122773677,2.79883118989114,24417.6166388572
-4.01911887568753,5.299679487201,45.8902775722111,1087.69057013314,0,136.503059581321,4.75798805043272,180.61364416769,1.38638277658955,2.71321914800176
-4.00107739420539,5.299679487201,959.136061656728,2108.99180153032,3,148.215818282938,7.68761138762952,180.122828961516,0,1
-3.98303591272325,5.299679487201,1278.77274355917,2108.98584922033,1,148.51263136325,7.04456943681381,179.79142723973,0,1.63174380141097
-3.96499443124112,5.299679487201,1372.14034044379,1649.05702558475,1,162.335529012237,5.43044979037103,180.168610594482,0,2.16060659289186
-3.94695294975898,5.299679487201,294.298899171363,714.596287748872,1,157.067382841085,5.20214785259773,179.690332299073,0.559822398587335,1.18669320610017
-3.92891146827683,5.299679487201,0,697.844213043391,4,0,2.47406574304866,180.138686805232,2.32501339031528,1.3501551431415
-3.9108699867947,5.299679487201,0,266.287298820341,0,0,2.83596758958517,180.216390293988,2.17712390688333,200.085528626625
-3.89282850531256,5.299679487201,136.308575708392,266.319915075013,1,136.271396791945,5.00034450652817,180.28669022671,1.22332059147111,191.99148226203
-3.87478702383042,5.299679487201,262.188306831221,266.294727839913,1,191.462223002839,4.43507214331391,179.589582451432,1.05797147764414,185.746406721115
-3.85674554234828,5.299679487201,0,475.819392950451,0,0,1.40367268911726,180.058336110386,2.67136039547957,1.74711667935133
-3.83870406086614,5.299679487201,0,194.773796662857,0,1.24178204490238,2.65985424962651,180.317122460261,1.62914448056042,60.7050903023738
-3.820662579384,5.299679487201,49.5677727807779,266.275206527419,0,94.3417539956677,3.32368643256814,180.271346385508,1.25282442698089,37.4312686610854
-3.80262109790186,5.299679487201,593.152081919315,1116.37070450608,0,193.543426714675,22.1077566699166,182.275304477833,0.154553608666274,1
-3.78457961641972,5.299679487201,1011.17602699148,92.4298101508607,4,237.362830045079,19.8798382411881,179.313936836607,0,41.7307827410573
-3.76653813493758,5.299679487201,1898.38679385378,2092.27479309067,2,208.795205760112,37.8542010515294,183.428533150198,0,3.32450389275888
-3.74849665345544,5.299679487201,691.20211484523,1298.83179481056,2,94.1651249926818,43.7645100531507,177.592717643761,0.000890243347167969,2.67946841519817
-3.7304551719733,5.299679487201,81.8520151783061,452.433004312932,6,132.248323916035,15.4859412521658,178.054447180201,0.185786765969908,916.381795825161
-3.71241369049116,5.299679487201,407.550972004249,946.74194389337,2,214.785503088498,11.4944732907619,180.887416801016,0.0180006618982652,1.75845311630903
-4.45211443125889,5.551213169604,26056.8071351088,255.834656204423,16,183.129305047549,46.9327625459011,180.137556170007,0,5.15025603511339
-4.43407294977675,5.551213169604,26079.3562217562,96.1559631124704,1,166.102882223848,43.0011028547057,180.412924556861,0,202.376239941478
-4.41603146829461,5.551213169604,26002.3628152312,833.470290105622,1,141.671016443326,46.205173104538,179.963555991699,0,1
-4.39798998681247,5.551213169604,25870.1024028907,73.6444564080954,3,146.900918827179,38.7211233749865,180.352904767907,0,98.3689354480014
-4.37994850533033,5.551213169604,25809.5626516174,144.269134235654,3,219.090627103269,40.5259379631578,180.534201514516,0,47.5500833991748
-4.36190702384819,5.551213169604,25386.7808845487,1965.78075110243,5,200.357502340824,47.9355049622388,181.102697355761,0,1.76486423220974
-4.34386554236605,5.551213169604,24768.5475336147,2033.43308923269,1,209.602218190331,44.7909808992317,179.911370994696,0,1.5399157204729
-4.32582406088391,5.551213169604,22980.5138563967,2437.24753621179,2,202.580933988764,41.8635569234924,179.358210903607,0,1
-4.30778257940177,5.551213169604,21230.1190106337,1478.32345891364,8,208.473313045005,27.3745173614823,178.981059075742,0,2.05495405864107
-4.28974109791963,5.551213169604,19527.4874243441,556.98183782407,6,149.835615636704,18.8722987154022,179.822435165231,0,1.09000468164794
-4.27169961643749,5.551213169604,17647.1540722869,1005.89068007469,1,165.369514335869,23.0728556863222,180.476848006878,0,1.22712112346401
-4.25365813495535,5.551213169604,15682.6433036383,643.099466475053,6,143.451483584011,18.9362457798785,180.059808687823,0,1.11368291683736
-4.23561665347321,5.551213169604,13728.0850067538,825.449353199436,12,203.333703985486,22.6397733538898,180.217771575832,0,2.0900099490841
-4.21757517199107,5.551213169604,11787.1347464195,1002.48810030442,3,191.969128577281,34.7874420164436,181.541517464276,0,1.08105577339498
-4.19953369050893,5.551213169604,9864.6129342248,2293.52451815033,1,207.872465549021,42.3430331157278,181.473431006368,0,2.15477339887065
-4.18149220902679,5.551213169604,7979.75034792963,2989.5734488814,2,154.981828290513,54.0846223358583,180.380460653585,0,1.08989290103588
-4.16345072754465,5.551213169604,6165.17791640081,1323.34899133081,7,176.033183121671,55.0929685055851,180.142302178028,0,1.68841809562826
-4.14540924606251,5.551213169604,4498.48290227411,1366.43277848985,2,203.440179067794,52.0292547774212,181.336255510029,0,8.24457968809433
-4.12736776458037,5.551213169604,3219.63659094543,430.337040816084,3,161.611218398876,54.0829373912613,180.76444241378,0,21.9285463483146
-4.10932628309823,5.551213169604,2737.71282662982,1728.47006541598,9,160.110636430139,70.1866473254026,182.561050460218,0,1.53029992684711
-4.09128480161609,5.551213169604,3342.91011929925,125.089788199616,7,187.038536942209,68.7064607863769,180.01018560511,0,26.7332553035845
-4.07324332013395,5.551213169604,3523.20079813432,1420.95215763498,10,164.648750658318,69.8818779695656,178.198449692662,0,2.81970858446954
-4.05520183865181,5.551213169604,3326.12526367705,578.064681689982,12,195.299040262172,63.0979527392466,182.226850716069,0,1.7326486423221
-4.03716035716967,5.551213169604,4123.16186618567,895.553603887002,16,134.832538405267,83.8121746293617,180.144659813955,0,1
-4.01911887568753,5.551213169604,5548.7823411598,881.981740882269,2,118.427480469322,76.8375230699978,181.842973216295,0,1.00143371273078
-4.00107739420539,5.551213169604,7243.13137736119,1331.73607666197,5,139.733957571324,79.4555050770475,179.343074047357,0,6.42914411119239
-3.98303591272325,5.551213169604,9062.48770701767,1588.75567109007,6,193.582974863196,74.7311879505652,181.433612872297,0,1.0261317414333
-3.96499443124112,5.551213169604,10944.6863690852,3204.16205677035,6,176.0749670812,69.515686402492,179.970003511125,0,1.91432333577176
-3.94695294975898,5.551213169604,12116.271738357,2201.58651381334,5,161.927643513371,48.5789304881439,178.856629053658,0,8.41895371291474
-3.92891146827683,5.551213169604,11817.7961982094,202.56967478277,11,172.365142071226,30.1696310509169,180.56080710777,0,26.1625844965323
-3.9108699867947,5.551213169604,11844.5860914686,755.637051757006,17,153.949814180786,25.5729381539012,179.102451134301,0,9.33567436280104
-3.89282850531256,5.551213169604,12197.0289553195,656.510268352181,10,160.121642184117,22.8675048334132,180.330124937261,0,1.22315210393867
-4.30778257940177,5.4254463284025,11184.2365790339,439.738232980493,2,196.771403483097,17.9172951288366,180.539763082894,0,15.28333089419
-4.28974109791963,5.4254463284025,11310.2606846023,279.586638359876,1,164.245829186911,12.3605519973886,179.252807825216,0,19.4981560615817
-4.27169961643749,5.4254463284025,11223.8106749462,180.968370351225,3,166.576328728635,7.18055924503496,179.715451839912,0,24402.8628541325
-4.25365813495535,5.4254463284025,11477.9359770072,642.018820407457,5,156.033163563985,12.082908133115,181.01092744863,0,1
-4.23561665347321,5.4254463284025,12062.6968657212,182.322864707135,6,162.729787483168,27.9756360296352,181.971816812659,0,25.6952754522569
-4.21757517199107,5.4254463284025,12228.877843222,1288.26182890625,12,203.159139470218,52.1763270396642,180.928807324579,0,1
-4.19953369050893,5.4254463284025,12351.69101578,1651.68241252035,10,170.616033014312,57.3008848362192,181.048610274726,0,6.0746626862177
-4.18149220902679,5.4254463284025,11665.5001971374,1490.04185912896,6,238.337958084533,70.0975157586672,182.858040297163,0,2.37302423603793
-4.16345072754465,5.4254463284025,10763.8402522662,2484.7370184689,1,181.052740948869,86.3020966883198,181.035523372891,0,2.68642257148711
-4.14540924606251,5.4254463284025,10169.3888253243,1653.33920236987,4,164.157871630521,89.08644603131,180.211821423587,0,1
-4.12736776458037,5.4254463284025,9927.46899870181,1174.67667925303,2,212.678227529487,85.7404596306431,182.262732592758,0,1
-4.10932628309823,5.4254463284025,10073.3630573241,2396.38833675783,4,199.316980358868,104.128675258074,180.989333717542,0,1.05263003834558
-4.09128480161609,5.4254463284025,9164.15924252635,983.49725536677,2,233.5313506235,98.5738151840146,179.585822054732,0,2.85381417949769
-4.07324332013395,5.4254463284025,8179.99849534945,428.934006559345,6,252.097289703214,92.2057967066675,183.396604686397,0,2.37827079552772
-4.05520183865181,5.4254463284025,7590.61093289368,1804.15241247571,8,171.167632595715,112.162198181689,180.534216862316,0,1
-4.03716035716967,5.4254463284025,7492.16918323168,576.395856195426,13,172.076547040572,100.980387367502,180.648429154656,0,9.46247292313097
-4.01911887568753,5.4254463284025,7909.45536092787,2324.87173520698,3,112.484647132863,113.604339026702,180.007206197195,0,1
-4.00107739420539,5.4254463284025,8569.69705136733,939.844156161869,3,180.722778363189,105.252138363576,180.175143767595,0,9.66546657300082
-3.98303591272325,5.4254463284025,6570.32232635104,1865.98050009199,2,122.655360121748,100.873582017312,178.310561565043,0,3.65995492990723
-3.96499443124112,5.4254463284025,4571.00017947726,1345.67249693455,3,124.638556332875,84.8948142711941,178.586960657077,0,1.00430290079911
-3.94695294975898,5.4254463284025,2571.85323801576,1048.31941616388,9,180.886205988234,52.6487299668394,178.046046722092,0,1.82644071765153
-3.92891146827683,5.4254463284025,574.712795699832,637.733576661319,3,115.335928354015,29.0899312481147,179.326367721283,0,5.36250292671506
-3.9108699867947,5.4254463284025,0,49.9117660454406,3,0,8.20543538334604,178.351569842897,1.81447748784443,28.4541436140628
-3.89282850531256,5.4254463284025,0,642.029320562575,0,0,8.27206541168207,180.165569943404,1.96154882989047,5.69071802827621
-3.87478702383042,5.4254463284025,0,377.729676596257,0,0,9.27128200221743,180.948884248915,1.64470974856532,201.904147276612
-3.85674554234828,5.4254463284025,603.264413390669,1619.33002117298,0,262.403120060879,50.3097758427004,182.643740277399,0.0583861207220339,2.36044605748405
-3.83870406086614,5.4254463284025,1161.09075724936,97.8468284854454,3,151.763462889253,17.722321151188,177.142017595598,0,16906.5213064856
-3.820662579384,5.4254463284025,2397.09991532538,1002.47443333418,3,159.644452249246,17.0619006132318,181.028393485876,0,4.84701612667193
-4.21757517199107,5.22781272080015,786.656276415527,840.735103592399,0,150.698205450979,12.6788075182603,180.12579225362,0.109462707452273,1
-4.19953369050893,5.22781272080015,0,178.948834864935,0,78.0573410607657,7.96080619282196,179.4129947924,0.618738000875316,132.854320337197
-4.18149220902679,5.22781272080015,244.494404264522,840.73783654129,0,154.565176663447,6.65117742832629,180.050193554489,0.892541548688822,2.91540060302684
-4.16345072754465,5.22781272080015,0,1159.38282413854,0,104.82424916574,6.7449666092044,179.706181266249,1.41785972924996,1.9577600843042
-4.14540924606251,5.22781272080015,0,1302.13224942068,0,0,4.44003841792897,179.890514532269,1.9096218045087,3
-4.12736776458037,5.22781272080015,0,2425.6068223053,0,0,2.36430866791424,179.803706906452,2.3932188599753,2
-4.10932628309823,5.22781272080015,0,2686.17452653826,0,0,0.637612230696996,179.881092322486,2.82216773173038,
-3.92891146827683,5.22781272080015,0,4326.53335142588,0,0,0,180,3.10098193843563,
-3.9108699867947,5.22781272080015,0,3043.70353039288,0,0,0,180,3.10097495514083,
-3.89282850531256,5.22781272080015,0,2685.881833287,0,0,0,180,3.10067468231871,
-3.87478702383042,5.22781272080015,0,1774.46089255973,0,0,2.05950838112117,180.362228600189,2.52006030511211,1
-3.85674554234828,5.22781272080015,0,2077.3800788425,0,115.432611241218,5.692581045065,180.50313190717,1.32196263161501,1.94332552693209
-3.83870406086614,5.22781272080015,706.900770362551,1858.66002538884,0,140.496648224584,10.1130943131943,180.331330239178,0.104899043742101,1
-4.21757517199107,5.24577941240036,1889.9174900068,1145.95626822939,1,163.708877437489,12.9405599917132,180.141470642545,0,1
-4.19953369050893,5.24577941240036,0,1192.86300208633,2,110.406775194706,11.8972724048438,179.634950374094,0.00089033447265625,4.81940621889091
-4.18149220902679,5.24577941240036,10.1686627270109,1005.80437259498,1,132.085455822941,9.05696415603133,180.162848827063,0.0649491105870864,1
-4.16345072754465,5.24577941240036,0,685.404776554433,0,85.5127364291152,9.18904555644255,180.530719438474,0.0752841230301203,9.49730631844001
-4.14540924606251,5.24577941240036,939.346581636469,687.012985856469,2,120.655861079387,10.5832785379079,179.222892027491,0,11.4148876980292
-4.12736776458037,5.24577941240036,448.163504960608,2158.68530680383,3,160.852834387444,10.9349549740248,180.486155554104,0,1.47470133520731
-4.10932628309823,5.24577941240036,544.149314266043,705.823324560558,5,175.792879311354,10.1139283120626,180.388936615793,0.00356128430175781,1.2079405047725
-4.09128480161609,5.24577941240036,608.541467181802,697.241047583505,0,154.122581022924,8.76833869458646,179.72094536701,0.0322366289239622,1.17762098544954
-4.07324332013395,5.24577941240036,514.089190690358,697.242197304294,0,158.618789706356,9.02109555941626,180.294156723703,0.176521187192191,1
-4.05520183865181,5.24577941240036,408.777525039499,1157.80725690166,0,143.243441855018,6.61988670845385,179.856606590546,0.512887652949793,1.86406487879143
-4.03716035716967,5.24577941240036,149.399992530388,1188.61098621279,0,111.815490483163,5.65788587751407,179.959052008048,0.774472285979866,1.47472913616398
-4.01911887568753,5.24577941240036,142.263549675707,1500.83664618071,0,160.1756456052,4.17650873716448,179.942845883625,0.890505651431813,1.47467353750659
-4.00107739420539,5.24577941240036,0,261.280718207206,0,20.9720660576247,1.2531036284248,179.883432377718,2.40720552695097,51538
-3.98303591272325,5.24577941240036,0,2088.77404493649,0,0,0.0209356056170565,179.980386240193,3.07465348120261,
-3.96499443124112,5.24577941240036,0,2120.73559531709,0,0,0.799884253916283,180.271273691073,2.72524586994342,
-3.94695294975898,5.24577941240036,0,3178.95481938277,0,63.7279594764735,4.13924368461112,180.161238892617,1.57260143324166,2.68259100284297
-3.92891146827683,5.24577941240036,263.89286396292,3191.22807403275,0,153.587127756142,5.22049178574364,180.079717300324,0.905365415882066,1.47471523527862
-3.9108699867947,5.24577941240036,562.628509542532,1507.4514231517,0,136.337178661357,6.46458018309743,180.174005613847,0.392873886389639,1
-3.89282850531256,5.24577941240036,879.43850180946,704.708622709798,0,148.506602254428,9.3101667377874,180.322873893359,0.010142919005869,1
-3.87478702383042,5.24577941240036,1300.51091706945,12.5640972235561,1,152.72244993559,8.17068812545601,179.922353380953,0,21.655053284928
-3.85674554234828,5.24577941240036,1809.30407632168,1122.51229429926,1,162.552803396282,6.372896737466,180.013039552145,0,9.65718050065876
-3.83870406086614,5.24577941240036,2554.99148417887,1773.68937707197,0,141.202933770569,6.30693507417649,180.224520127186,0,2.31293552731744
-3.820662579384,5.24577941240036,3204.15147691501,1034.08414730437,2,164.208444353351,6.62584600487534,180.033825557764,0,1
-4.21757517199107,5.26374610400058,1364.48569107379,2023.97336019702,4,165.005036455741,10.0667123034728,180.226246717978,0,3.51989692834763
-4.19953369050893,5.26374610400058,1627.72480299571,2678.85104349221,2,173.612443273313,21.0355247706236,181.775329920319,0,1.05700483091787
-4.18149220902679,5.26374610400058,1487.63465657362,2600.95901223462,1,148.824519793863,24.1517218084477,179.56774698395,0,1.06986413680019
-4.16345072754465,5.26374610400058,1205.99670932153,2672.09729694067,2,174.892633366516,17.7482596139231,179.607335348724,0,2.0610763014581
-4.14540924606251,5.26374610400058,1048.3323306314,1754.12481508008,4,168.168887067022,12.7648008556872,180.165782644186,0,10.9234913477586
-4.12736776458037,5.26374610400058,215.483384692801,894.025065739968,0,118.02078941204,10.4420831597555,180.288359210512,0,1.93019442492387
-4.10932628309823,5.26374610400058,515.836651620712,1194.4282718828,6,162.604017216643,9.47308842471245,179.78556759532,0,1
-4.09128480161609,5.26374610400058,437.083372072962,1053.67155113435,0,164.565459283769,7.65143272121329,180.305631804722,0.0226348687406652,1
-4.07324332013395,5.26374610400058,241.22443674504,1048.83568484117,0,164.159224665476,8.10159484335857,179.886351225828,0.0884818864133348,1
-4.05520183865181,5.26374610400058,259.693837422099,828.885263463638,0,128.730073206442,5.84487706786853,179.864211139046,1.13633232943642,1.06705710102489
-4.03716035716967,5.26374610400058,0,415.97012073246,1,0,3.12256437393743,180.02656811196,2.15096043170022,7.56672717690461
-4.01911887568753,5.26374610400058,0,94.2719381311927,1,47.2299291444633,3.51729010422589,180.303856144171,1.33617931223408,47853.1882063594
-4.00107739420539,5.26374610400058,972.706592218568,654.649178701346,2,149.754223640676,5.94484395459884,180.024920876723,0,4.12493777999005
-3.98303591272325,5.26374610400058,62.1336024677857,205.273975844542,1,122.810177729628,3.85933629673666,179.935379342647,1.02860083226151,31.2197757151641
-3.96499443124112,5.26374610400058,310.205783283794,359.912986204351,2,145.219043715047,4.17878808349659,180.128530252877,0.591884838517971,2.2018856323017
-3.94695294975898,5.26374610400058,461.045921850244,1772.28031280305,2,131.923986882174,4.63480824032363,179.935128337062,0.207208868250469,7.41265518856876
-3.92891146827683,5.26374610400058,1054.01430160239,2123.22273837816,3,151.825906189612,3.99409127449678,180.01421111534,0,1.04869122211161
-3.9108699867947,5.26374610400058,1341.38626433425,426.957573673451,1,141.018123792235,3.97666697065807,180.066334302728,0,1.07720911167067
-3.89282850531256,5.26374610400058,989.733683690559,903.442629128221,1,135.784687454253,4.29442799995046,180.136681705028,0,1.28493631971893
-3.87478702383042,5.26374610400058,1800.14616346454,1419.11366907583,0,152.403367003367,7.74163842507627,180.477341049574,0,1.42345191040843
-3.85674554234828,5.26374610400058,1295.32608259045,1582.99461778694,1,157.421519543259,9.9976997776339,180.103303965998,0,1.78723466549554
-3.83870406086614,5.26374610400058,1541.51000258308,1610.23755985586,3,152.298392527743,11.4053111932282,179.938676727894,0,1
-3.820662579384,5.26374610400058,1524.94708288464,2268.67798114058,3,177.271843523073,9.51841034758024,180.223312229992,0,1.8528636683064
-3.78457961641972,5.26374610400058,380.244011849077,1014.31496578598,5,167.861819566045,6.07620613170902,180.164493283943,0.24285161008947,1.55728968405025
-4.28974109791963,5.28171279560079,0,409.84812353206,0,0,1,180,3.10081155961483,1.32363615078436
-4.27169961643749,5.28171279560079,0,409.799849600999,0,0,1.00092546619515,180.015749813387,3.09353572962048,1.35492652654997
-4.25365813495535,5.28171279560079,0,413.077302861087,7,0,1.17362604452591,179.894465448175,2.87329801943455,114.872651173681
-4.23561665347321,5.28171279560079,0,51.2729716797842,3,3.24486271295592,1.21767321209228,180.090281163203,2.83386411529206,40013.2487559276
-4.21757517199107,5.28171279560079,0,382.001656613161,1,83.2621919091389,4.11732049249725,181.13872201106,1.39913563397121,136.708711433757
-4.19953369050893,5.28171279560079,1524.16562106259,1361.05497086962,4,173.856323185012,19.8438974192691,181.173070644158,0,1
-4.18149220902679,5.28171279560079,1142.34710085799,1791.95148977069,2,178.715013318503,18.0795855386635,180.06136756929,0,1.00281005766473
-4.16345072754465,5.28171279560079,733.202479094302,1791.93004754442,2,125.128918942654,13.7022597464301,178.824458988265,0,1.4274465033225
-4.14540924606251,5.28171279560079,1017.25219064593,1569.37493020468,3,151.825664442103,8.99663137036348,180.320959924341,0,1.00280997541271
-4.12736776458037,5.28171279560079,504.536977673997,430.527736792646,0,153.035125720809,10.3375620773086,180.785340579392,0.0287050847151214,1
-4.10932628309823,5.28171279560079,816.767358268815,1791.92609550432,1,145.616240266963,12.863827401372,180.357796739739,0.0665606911640242,2.00843041976465
-4.09128480161609,5.28171279560079,894.193968201167,1344.61919063212,8,143.812564035011,12.358120515514,179.5832846394,0.00446530654009651,1.0055618980709
-4.07324332013395,5.28171279560079,275.568113061977,1008.35797779505,0,119.526796429094,6.00458564276121,179.918981723855,0.133449197565535,1
-4.05520183865181,5.28171279560079,20.2160058038886,972.38024322783,0,141.820502312511,5.31955118317681,180.361729651588,0.653122552942613,2.62952988700896
-4.03716035716967,5.28171279560079,0,1117.78144541459,0,96.0815304897685,3.97402049088043,179.364744426931,1.28790253135484,3.92933048391347
-4.01911887568753,5.28171279560079,0,587.586700041904,0,0,1.79999054275575,180.61263240142,2.1538681760881,3.01405111091596
-4.00107739420539,5.28171279560079,0,817.352708703416,2,0,3.97307159254543,179.59580705849,0.585144745671291,7.19523475002927
-3.98303591272325,5.28171279560079,110.229826330959,1457.53608961336,0,143.506395808331,3.98148731932601,180.506376927771,0.837208143628169,2.36554166788631
-3.96499443124112,5.28171279560079,186.568650419754,1046.72180420419,0,158.30927080589,4.56961671877586,179.798327852204,0.518757802644378,3.97874769473962
-3.94695294975898,5.28171279560079,0,365.605043026199,1,0,2.97681598022062,179.947832577871,0.83462860109983,15.6905626134301
-3.92891146827683,5.28171279560079,0,1810.97857161393,1,0,3.83782968288745,180.621484752342,0.857040907295736,5.22392647015778
-3.9108699867947,5.28171279560079,307.955766771888,325.363826651283,2,182.972896238841,4.03254773964961,179.465720111281,0.668520960978908,1.50537099370701
-3.89282850531256,5.28171279560079,0,796.966586303244,7,66.7375307341061,4.5427081421702,180.556503411945,0.281527448776425,1.0561995082543
-3.87478702383042,5.28171279560079,194.320646367725,1746.8545818113,1,173.940813160437,9.00539299023858,180.402144811358,0.00937412689424403,2.19752363668296
-3.85674554234828,5.28171279560079,42.6581701468405,978.202515602544,4,194.260025759616,7.76455051176595,179.519973564483,0.0250811765885895,1.0028394122124
-3.83870406086614,5.28171279560079,463.752737592111,870.329920954187,7,127.957906445758,6.77652455088741,180.386420339655,0.267901721650487,1
-3.820662579384,5.28171279560079,108.083981252767,697.694076476121,3,129.319079813855,4.90307443055988,179.592808802552,0.79317077272279,1
-3.80262109790186,5.28171279560079,0,870.324124648307,0,40.1226801709502,3.69186028183222,179.848336163065,1.62480266828924,1.03070663310111
-3.78457961641972,5.28171279560079,437.26951355973,972.378707058,0,131.669984192963,4.95997631161485,180.346846821489,0.528471766773179,1
-3.76653813493758,5.28171279560079,187.705142200421,511.835109384331,2,126.80829015544,7.09388995845578,180.86383512908,0.158827198466941,12.0331372032435
-3.74849665345544,5.28171279560079,634.618856549576,972.384195861326,6,173.799970730279,16.0411114213529,179.853267747209,0.000890291687011719,1.06869603395288
-3.7304551719733,5.28171279560079,62.139769741093,377.676353303555,0,135.651727166276,6.81061156202256,179.709645677048,0.520723773284553,2339.2350117096
-4.28974109791963,5.31764617880122,345.859009839926,799.797561985912,0,148.051231007934,2.01134293608101,179.942145959663,0.983233338449037,1.14049006118446
-4.27169961643749,5.31764617880122,0,597.069402932257,0,0,2.1715136176958,180.397236832625,1.11798167622094,4.17511196979011
-4.25365813495535,5.31764617880122,563.210154088636,363.048288031474,0,148.668520741239,10.2372494385058,179.981514317398,0.0428781957514744,8.24883632424837
-4.23561665347321,5.31764617880122,1302.43705124176,1369.09772571545,3,198.545497130812,18.0907338754437,180.80938962485,0,2.14047312331655
-4.21757517199107,5.31764617880122,308.184691814615,583.805001626734,0,196.297716627635,11.9357601303238,180.045691016821,0.298237302123305,16.9164227166276
-4.19953369050893,5.31764617880122,431.708297113259,744.853965407964,0,158.438713077081,16.5222004690137,181.427667079089,0.233400067368212,1.906583916391
-4.18149220902679,5.31764617880122,1053.05666161548,1114.93300697894,3,144.874370535191,20.7890742594154,179.657162221039,0,1.2809462466331
-4.16345072754465,5.31764617880122,440.253675535326,328.840165235492,5,152.543192529493,10.5434511191093,179.96317594914,0.0596252038497626,35.3250783056702
-4.14540924606251,5.31764617880122,899.841810046472,1845.95750078484,3,150.364621150018,20.9134412306418,180.530699621279,0,3.91778896826326
-4.12736776458037,5.31764617880122,0,493.274225272107,3,41.5117238956705,10.7297829775209,178.910476679399,0.221657741761211,6.15658206726969
-4.10932628309823,5.31764617880122,860.710809590206,802.682707244973,6,137.996106443397,20.3286675733244,180.19421127528,0.000115207203584559,1
-4.09128480161609,5.31764617880122,907.362370172124,873.372320210239,3,171.842652224824,21.4826017450042,180.611300872502,0,1
-4.07324332013395,5.31764617880122,294.198276658059,887.695900372631,5,165.437240208419,20.4652660115215,179.677946886634,0.168960281524539,2.14038990691412
-4.05520183865181,5.31764617880122,940.962622539413,2428.58141705173,7,183.574682358452,23.2327297576616,180.997656096962,0,1.94516657883951
-4.03716035716967,5.31764617880122,599.013443448953,875.173652409811,3,124.860555669409,16.3836121199567,177.590836630063,0.605313726791083,1
-4.01911887568753,5.31764617880122,412.77365087306,341.174909548038,0,179.684933110857,14.1505372954534,179.976709128675,0.896393184595205,255.290506718187
-4.00107739420539,5.31764617880122,0,121.802713007281,2,0,4.29187892979977,179.97271135779,1.53344555359557,1399.83944148469
-3.98303591272325,5.31764617880122,0,121.796760635002,2,0,1.81025955676644,179.958509195098,2.51757234570073,1341.93266978923
-3.96499443124112,5.31764617880122,0,207.853216221281,0,0.476445615576051,2.20214016324233,179.965483816493,1.74992766421832,193.155994729908
-3.94695294975898,5.31764617880122,0,338.741013948985,0,0,3.00167520216696,179.933603227016,1.28342396316947,190.926258782201
-3.92891146827683,5.31764617880122,86.1557235960245,617.065970752545,1,146.242366579818,2.25932843382284,180.045646956044,1.69396729654373,1.2358382856641
-3.9108699867947,5.31764617880122,0,377.056545516652,0,0,1.25886631016043,179.75645032367,2.67544449576895,3.80478379248763
-3.89282850531256,5.31764617880122,0,799.776302515546,0,0,1.2679379997163,180.176216487626,2.62200691368695,8.84959742351047
-3.87478702383042,5.31764617880122,39.4008418935808,254.54531665021,0,135.55138901086,5.65354911342527,181.024338868562,0.80511571482149,36.4302274523579
-3.85674554234828,5.31764617880122,0,54.8631653364242,0,157.303990163647,11.8563916199174,179.944303905774,0.0119746141785865,72.5230539535701
-3.83870406086614,5.31764617880122,542.230155605052,591.001823616594,2,197.662822014052,15.6682424171464,180.229355567214,0,1
-3.820662579384,5.31764617880122,563.592719114366,1429.34050887797,0,150.919793923072,21.0083399849817,181.76508216709,0,8.97104970434986
-3.80262109790186,5.31764617880122,1386.31568094439,416.221013270262,8,232.821476667252,45.0613828593173,181.438569294385,0,21.9314069910416
-3.78457961641972,5.31764617880122,2686.62633805207,1493.50113745055,3,102.766410962113,51.3210867259746,179.586995044166,0,2.64446331322832
-3.76653813493758,5.31764617880122,1450.03559941837,1545.95051436869,0,182.202986385595,56.4275105827254,179.189498333784,0,1
-3.74849665345544,5.31764617880122,0,194.440695167128,0,0,7.40308290196272,180.059398550415,0.442130389117791,3765.20081967213
-4.30778257940177,5.33561287040143,1307.48017821796,1887.63865992098,1,166.09254273004,4.82429400473947,180.183646014511,0,1.27800866307656
-4.28974109791963,5.33561287040143,1848.05128024289,2153.94893299405,2,158.640977608664,3.66155834418753,179.92846247111,0,2
-4.27169961643749,5.33561287040143,1355.45752676612,1740.24781455299,1,166.621575743386,8.51568621270388,181.105043814224,0,5.28784242566144
-4.25365813495535,5.33561287040143,2479.97823337652,1126.75622363109,2,240.145587589639,29.0648430006619,181.819944972554,0,1.29290209278501
-4.23561665347321,5.33561287040143,2950.92967064549,936.0607792687,1,157.945381102915,32.8730520047057,181.473366093089,0,2
-4.21757517199107,5.33561287040143,2294.88176725525,1197.31950053049,3,170.244365743722,41.5105208114045,179.629320253477,0,5.88324650237078
-4.19953369050893,5.33561287040143,2417.80024289885,541.157474094642,13,203.710489346757,39.0195230134473,180.475593981661,0,2.5391594474362
-4.18149220902679,5.33561287040143,3022.29602421932,656.53975614333,5,168.071127502634,26.4578443733958,177.099369568154,0,2
-4.16345072754465,5.33561287040143,2419.33555442414,222.018911187858,1,190.555223880597,30.6592760955269,181.857385054948,0,9.38279192273925
-4.14540924606251,5.33561287040143,1957.26893053832,1663.78183351847,2,182.312231100184,46.2621362939413,180.446621921318,0,1.96847835630872
-4.12736776458037,5.33561287040143,60.8428091912538,37.9509171313083,17,92.0745141653009,22.6591304132462,178.429133025023,0,404
-4.10932628309823,5.33561287040143,1415.20075472576,1569.08364726353,2,130.476498478108,42.5237355986698,181.506414600703,0,1
-4.09128480161609,5.33561287040143,2840.72121796712,1127.14277812383,2,192.418407960199,43.0606965308549,179.964058953853,0,6.05513608428446
-4.07324332013395,5.33561287040143,2266.40723895316,426.042118374305,1,169.535383985015,42.3906552198514,181.041626420439,0,4.00474127838914
-4.05520183865181,5.33561287040143,1388.13168202245,1555.86991633169,1,159.022537025113,39.071589958583,178.334794957902,0,1.1824620968214
-4.03716035716967,5.33561287040143,0,121.133927283353,9,14.7175223933025,10.4029418419948,179.950809817097,1.01223196664776,180.306744335812
-4.01911887568753,5.33561287040143,184.038725278999,502.650619936992,2,123.351235073753,22.4119591978719,178.32725684379,0.210767334185432,2.99713181924608
-4.00107739420539,5.33561287040143,1222.5216645003,1398.78646851602,5,155.618561226879,39.1018731474257,179.91202094809,0,1
-3.98303591272325,5.33561287040143,574.994813365833,263.92864409858,0,261.982409412866,22.8387541273724,180.407935812815,0.117581679061112,12.0513375870749
-3.96499443124112,5.33561287040143,631.567486637387,45.4708525416921,0,189.173105062921,16.1646973265307,180.592467048827,0.056191803918457,204.142815335089
-3.94695294975898,5.33561287040143,1049.9360633751,1523.77492523521,2,227.361401352182,28.1080589400119,178.928538218808,0,6.06242865923259
-3.92891146827683,5.33561287040143,0,198.451369762716,0,70.8709422474607,16.3250305360269,181.441283582593,0.237874295082721,15.81389222258
-3.9108699867947,5.33561287040143,0,973.669342430099,5,93.1647981734625,13.7071916748003,177.280032106596,0.31439569172459,4.96569387934315
-3.89282850531256,5.33561287040143,380.649354278571,1026.05967252633,3,161.006878384311,9.40144999324538,182.252084928176,0.228724239910769,1.1434509000439
-3.87478702383042,5.33561287040143,202.438541318432,161.625360250335,5,166.915774070822,25.0309935358366,181.181148554175,0,40.0466783728417
-3.85674554234828,5.33561287040143,1159.58949061868,973.42316805662,10,187.248207439492,38.7875215443727,181.727279481877,0,4.94205273786181
-3.83870406086614,5.33561287040143,1616.64529480299,598.680801572443,11,199.902183457238,37.3956007213926,179.595443789247,0,22.7284727506878
-3.820662579384,5.33561287040143,2494.37856448148,1426.59026251451,2,176.071625102447,57.5404348398761,181.340507114303,0,1.58377239199157
-3.80262109790186,5.33561287040143,2701.17056209984,2133.36247835317,1,216.399941469125,68.2920224071472,180.438293661515,0,9.79956101843722
-3.78457961641972,5.33561287040143,1217.45767125587,1876.33094294784,1,196.120489332436,74.0122471954384,179.437455321209,0,2.76575258275045
-3.76653813493758,5.33561287040143,91.6062430883549,463.936940514169,1,118.508677964117,32.5778665132622,176.019863039144,0.137949276892808,2
-3.74849665345544,5.33561287040143,155.989474889673,438.858737991361,0,175.743978460008,11.368385857708,181.205831230032,0.545769317063276,1
-4.30778257940177,5.35357956200165,3276.75099613307,774.696294437141,2,130.89825249539,5.12226445000811,179.966591392136,0,1.47504610250856
-4.28974109791963,5.35357956200165,3572.31470061857,1216.9798249698,2,174.793337626603,6.67053731242472,180.7370332429,0,1.33250395175927
-4.27169961643749,5.35357956200165,3297.64326407635,113.804529543143,1,189.728228096367,31.9974963610553,182.939252983484,0,31.4615204472937
-4.25365813495535,5.35357956200165,4039.80589028533,755.926755458519,8,137.568898386955,49.0428625785767,181.759405563861,0,1
-4.23561665347321,5.35357956200165,4692.14910751282,1361.42096497093,7,162.863955735113,59.2285983818694,181.093654347755,0,1.6674863867908
-4.21757517199107,5.35357956200165,4281.58001070437,119.592917761416,6,84.763333528482,55.7589227719384,179.386148188091,0,6.16913529652831
-4.19953369050893,5.35357956200165,4404.43928623333,1359.27687727043,1,138.628677654498,62.5230837987318,180.072442297539,0,1
-4.18149220902679,5.35357956200165,4782.41055263374,488.303187372378,5,131.856323185012,35.104245491705,180.087396586991,0,1.99730679156909
-4.16345072754465,5.35357956200165,4405.27947071372,519.355855696554,6,169.958312596973,58.8925887776296,181.457892752008,0,1.96864662314471
-4.14540924606251,5.35357956200165,2877.77928602273,1710.06729540209,6,199.998770347816,67.6282976833617,179.9504296346,0,1
-4.12736776458037,5.35357956200165,1989.5789825444,493.245527325402,4,149.711148846469,31.8794218697935,177.578408261962,0,3.66003044853027
-4.10932628309823,5.35357956200165,2553.41826955122,1289.58077014483,4,186.586036299766,54.0746035444873,183.568158152174,0,2.80403981264637
-4.09128480161609,5.35357956200165,4040.87572949935,1228.88437169612,3,162.098589075581,62.7999826636707,179.710413505226,0,1.97945085182366
-4.07324332013395,5.35357956200165,3176.44532721093,1396.39167154375,3,162.693588992974,61.7857497464278,180.427795795823,0,1.9981850117096
-4.05520183865181,5.35357956200165,1176.77458323879,1269.19289990914,6,156.976698574398,46.163216486118,177.540360301741,0,6.93881912122011
-4.03716035716967,5.35357956200165,425.49397442869,730.477845069637,7,203.995931151572,29.122048334369,184.697146948369,0.105212977352367,2.01820736490838
-4.01911887568753,5.35357956200165,1933.21050707528,502.635973236465,2,106.643285810475,35.1182827655148,178.090915128919,0,1
-4.00107739420539,5.35357956200165,2535.68871480032,1497.0347717048,6,156.37918618267,49.0397363518161,181.7750581163,0,6.8251756440281
-3.98303591272325,5.35357956200165,2388.70044576613,1653.58718487243,7,181.054334143271,49.9385306063636,178.955210556651,0,9.19892268509032
-3.96499443124112,5.35357956200165,2529.56473976557,45.4695275697532,4,153.333469925362,28.5419005859474,179.573565385763,0,185.542484999268
-3.94695294975898,5.35357956200165,2042.67255906241,1673.07739695,4,159.052716309566,52.7798770246356,180.971111371281,0,1.11377473363775
-3.92891146827683,5.35357956200165,1178.99921031896,1844.47063421479,15,205.689316977486,60.5818910880612,181.426249051574,0,1.4071200632374
-3.9108699867947,5.35357956200165,421.744211692047,512.026419147079,1,148.654995755145,30.2858874876029,174.817702358746,0.00522940883358226,2.3181591966978
-3.89282850531256,5.35357956200165,356.875749898999,709.319567454077,5,194.901926342292,27.2805039220454,184.484970370771,0.0180969870416379,1.10518765735699
-3.87478702383042,5.35357956200165,1960.62569314467,1418.56869989335,1,250.638439247139,54.7337886533238,180.618051294983,0,2.05617188186049
-3.85674554234828,5.35357956200165,3014.53310154335,1220.05450750494,5,185.507494583992,59.5719296863128,182.108337789386,0,1.88398032671702
-3.83870406086614,5.35357956200165,2486.33518747341,2316.40748777959,0,171.609918903885,74.7040199930205,181.667618286409,0,4.75750212255174
-3.820662579384,5.35357956200165,2290.25929879304,1391.20511324324,3,208.275292740047,63.5727870081537,178.922090348988,0,2.69733606557377
-3.80262109790186,5.35357956200165,920.552562489562,1677.53199750067,8,198.19676833909,56.2834361491355,179.205910032421,0,1.38015924126222
-3.78457961641972,5.35357956200165,42.4504397990605,469.862342890575,1,69.3462056446891,24.9190914903773,174.720442817388,1.38316913930185,642.31569855955
-3.76653813493758,5.35357956200165,0,596.22742854092,0,0,4.69663391883175,181.638342997828,2.16330564120495,1.75299352987675
-4.30778257940177,5.37154625360186,5248.49955930621,292.083751196278,1,159.424565306481,4.78185485958983,180.251567555154,0,10680.9089631755
-4.28974109791963,5.37154625360186,5454.713883596,769.719668753692,1,161.871406826298,29.0058660698908,183.467647684585,0,1
-4.27169961643749,5.37154625360186,5273.10065330584,1292.62741480081,7,181.940132907872,44.6082986711094,181.63575340384,0,8.48148364998975
-4.25365813495535,5.37154625360186,5794.4128559929,1230.77273827381,3,180.54647112204,57.6963526065113,180.841603317675,0,6.11949298908111
-4.23561665347321,5.37154625360186,6574.07912266691,1672.36702480733,3,230.645316159251,71.4620620016638,183.582935865122,0,3.34332552693209
-4.21757517199107,5.37154625360186,6268.27942604857,1924.22750865515,10,204.617472260445,81.6372395502066,179.832014175088,0,2.40969640190883
-4.19953369050893,5.37154625360186,6391.11635482697,1538.71965266262,6,165.825833650496,69.5992946283234,178.072225736948,0,1.5505752847147
-4.18149220902679,5.37154625360186,6666.33928154698,26.6878554393253,1,212.386885245902,48.1368364293771,181.215026262526,0,114.671662763466
-4.16345072754465,5.37154625360186,5696.52788255788,1972.92442405112,3,177.635583792013,82.7466437022278,180.718353539788,0,1
-4.14540924606251,5.37154625360186,4508.88555380508,2492.84338529024,1,138.7175478658,87.905569683236,177.963219625206,0,1.83646583523625
-4.12736776458037,5.37154625360186,3970.39945929482,493.231106078123,4,154.077792416923,46.7536630448976,177.103696590914,0,14.9710144927536
-4.10932628309823,5.37154625360186,4309.11185012017,1297.70706357507,14,199.53474824356,58.9247387238105,185.114893981079,0,14.0576112412178
-4.09128480161609,5.37154625360186,5358.55921834224,2976.63685203998,1,173.69158933224,88.2057208469826,180.083479112492,0,1.15521531660763
-4.07324332013395,5.37154625360186,3598.05042479173,2345.07174137759,1,187.457167115587,87.8226565217538,179.528523843134,0,2.55223094039115
-4.05520183865181,5.37154625360186,1994.02121051208,345.459462074339,4,133.784202359692,56.2369992300176,176.967583065791,0,41.8031443042422
-4.03716035716967,5.37154625360186,1624.71727042351,790.391076390128,20,179.097245396797,68.1166016759501,181.08763390264,0,1.15110798864202
-4.01911887568753,5.37154625360186,2971.85271855661,590.097103597026,6,203.333255262464,57.4934973269978,179.200901244699,0,3.02494364259156
-4.00107739420539,5.37154625360186,4249.83975210918,838.477433625469,7,211.408308448972,69.5115413320965,182.931600792049,0,1.19886995725745
-3.98303591272325,5.37154625360186,4356.04362423646,574.141258025574,5,179.799765842236,66.2568995096384,177.012879309801,0,1.59906336894483
-3.96499443124112,5.37154625360186,4503.24709924522,791.740867227129,4,140.22866174921,46.6523840775567,178.672670434782,0,2.21961714085002
-3.94695294975898,5.37154625360186,3705.03378540188,588.770614573228,2,234.352159273898,60.3811970353293,183.854876802262,0,1.15371102327624
-3.92891146827683,5.37154625360186,3157.51497881792,1359.41891561498,3,133.006967621055,71.4084528922085,178.480703788548,0,1.28584811757129
-3.9108699867947,5.37154625360186,2072.03513911629,509.648844477817,7,218.454228753769,52.1473616075197,178.748091070273,0,1.197956614655
-3.89282850531256,5.37154625360186,2233.39359728568,1269.77064234854,6,164.334172546035,61.0299831256971,184.492665475672,0,4.53575924353758
-3.87478702383042,5.37154625360186,3012.54751185334,2844.1219812527,1,121.752956674473,86.6731384044559,180.721871749497,0,1.13878805620609
-3.85674554234828,5.37154625360186,1715.80271961613,2429.20235720035,8,170.162826780643,85.3041286551813,179.760076233103,0,1.01449105652976
-3.83870406086614,5.37154625360186,917.497745589818,1016.86699698384,2,145.533651453497,55.3744289872953,176.184333820387,0,1.14701835533827
-3.820662579384,5.37154625360186,619.286102525546,309.173326685568,7,203.213028839116,13.3635131499407,178.580592144144,0.0149824047763002,4767.36428048602
-3.80262109790186,5.37154625360186,0,309.16749623168,8,0,2.32836968451862,179.515622097768,1.73180033172488,4782.12060889929
-3.78457961641972,5.37154625360186,112.360931777801,831.277274959587,0,160.506660420997,6.31771444267082,179.965302152588,1.60666293643464,2.09353865971836
-3.76653813493758,5.37154625360186,93.8760995703555,745.677734587921,0,173.120967269746,7.54999577857204,181.256384769088,0.847987552055089,1.33798817260964
-4.30778257940177,5.38951294520207,7228.93327591088,292.075180496798,2,201.360755048288,4.28257612511861,180.263906039468,0,10679.8568920105
-4.28974109791963,5.38951294520207,7388.23857753004,1950.24920879047,7,109.602294678921,27.7986913139991,184.652599361529,0,1
-4.27169961643749,5.38951294520207,7255.19387976292,2953.17335811725,3,203.269521189417,57.1610510627473,180.6802313932,0,1
-4.25365813495535,5.38951294520207,7642.46555035212,3196.98557658206,2,139.067718240613,61.993736822732,180.546526379301,0,3.12136021772848
-4.23561665347321,5.38951294520207,8475.9180003345,2304.19417781246,10,204.865228716088,75.4506444386911,181.629466325968,0,5
-4.21757517199107,5.38951294520207,8255.47311749259,1660.11027494839,3,152.684421551699,81.5680612448206,180.416400167048,0,1
-4.19953369050893,5.38951294520207,8378.2983329725,1107.73520130331,5,170.50624798806,71.8476833716061,179.129949569994,0,14.3844488016154
-4.18149220902679,5.38951294520207,8515.59695119332,26.6870723297207,3,189.677709168593,71.0672902119746,179.799038904229,0,41
-4.16345072754465,5.38951294520207,7238.66845317576,1972.86653194682,1,156.637270971141,97.3897500146335,181.708820178934,0,1.20953579582041
-4.14540924606251,5.38951294520207,6337.69423323204,1799.90986550743,4,165.47170032192,96.6526098947486,178.562705014915,0,1
-4.12736776458037,5.38951294520207,5955.6319823849,7.39722851919459,4,149.706734568443,51.8785724336281,176.228260906272,0,28
-4.10932628309823,5.38951294520207,6195.7819974243,743.169685311954,2,157.208282118818,66.2636875507957,182.675554559966,0,1
-4.09128480161609,5.38951294520207,6330.61355239325,1572.57401477404,2,217.097052711681,91.7333350593565,182.251832023432,0,8.39230836772324
-4.07324332013395,5.38951294520207,4807.42547543049,1697.99232241464,6,156.626877030706,98.1988522709749,178.067589487631,0,2.99982437139596
-4.05520183865181,5.38951294520207,3746.66619377565,76.7950995471545,6,144.889113257243,60.5966446148703,179.836409215602,0,101.830084869769
-4.03716035716967,5.38951294520207,3546.50301272671,1462.74102603474,8,179.095396950809,85.6393421217036,181.85240513254,0,11.0563895473034
-4.01911887568753,5.38951294520207,4347.96554722943,1443.58690669484,1,165.774893168647,94.8472339635173,177.761396498061,0,1
-4.00107739420539,5.38951294520207,5751.69005526933,615.079460083586,7,215.334747870877,82.9756551672124,182.140377616757,0,11.7986478972168
-3.98303591272325,5.38951294520207,6335.97188032164,1661.24819369658,8,121.450616019432,92.8066950109357,179.51547284162,0,9.84305405168125
-3.96499443124112,5.38951294520207,6094.68455318998,46.0645351129518,7,164.307239845488,73.3627446345312,179.572697514313,0,51.7849116235514
-3.94695294975898,5.38951294520207,4780.9891978739,1278.04892089989,2,185.029792215394,78.2989801546653,181.360289068744,0,1.31261340357038
-3.92891146827683,5.38951294520207,3350.7283018185,2471.92462904446,1,192.616805197846,87.9552400431807,180.198325905797,0,1.38372161086397
-3.9108699867947,5.38951294520207,2741.66209607847,2163.67423422747,5,171.21089291463,79.1887613762361,179.50274380463,0,1
-3.89282850531256,5.38951294520207,2357.3844705425,2821.94844202448,11,108.893747804707,84.1246055983369,180.773900768935,0,1
-3.87478702383042,5.38951294520207,1578.23387887855,2434.86195935086,5,155.663418203102,76.2764145368177,179.474148576317,0,1.60081943225051
-3.85674554234828,5.38951294520207,424.025724160694,1062.89470452013,2,200.560530243174,40.142813724508,177.554096448878,0.121391769843606,1.07242559915723
-3.83870406086614,5.38951294520207,5.4329014977782,74.3522627824912,3,121.706216342777,8.94529163125517,179.709314302117,0.833806920509727,58.3617419808008
-3.820662579384,5.38951294520207,972.608311607,1561.3972204499,2,172.318632758772,21.7048345683626,180.472758627288,0,1
-3.80262109790186,5.38951294520207,792.658126897667,2296.36126608317,0,159.145537020779,19.8699467674959,180.400219729008,0.0041609677837297,6.86637401229149
-4.32582406088391,5.40747963680229,9115.02196030794,1063.00375777617,2,144.402341577638,21.6565730925824,181.029652617609,0,1
-4.30778257940177,5.40747963680229,9211.7877611136,620.262105802976,1,134.865427400468,11.4501382266467,178.723631128461,0,3.05576697892272
-4.28974109791963,5.40747963680229,9343.82337425967,785.509453778103,2,109.468534129493,4.75645746073519,180.516126345269,0,1.48395972368575
-4.27169961643749,5.40747963680229,9238.98720862175,1808.48156718507,8,133.653094081143,24.5315819214127,179.920953457273,0,1.04551841227094
-4.25365813495535,5.40747963680229,9546.10640628147,1495.85617467943,6,126.521179122391,50.3122226699775,182.220301627003,0,8.37478411053541
-4.23561665347321,5.40747963680229,10241.7885756442,999.510585117083,6,206.85838065687,49.7718991166062,180.466117434646,0,1
-4.21757517199107,5.40747963680229,10242.17488858,514.523976941539,1,252.469703178971,51.7521114204122,183.282395093108,0,14.4252092968796
-4.19953369050893,5.40747963680229,10364.9929134194,2389.01345343426,3,158.241664959166,83.2987683392729,180.254398386302,0,1
-4.18149220902679,5.40747963680229,10017.6151239384,1288.25502534962,8,92.5088402318365,87.9850302232128,179.580549083173,0,1
-4.16345072754465,5.40747963680229,8957.47053950532,2356.03153220498,8,157.098507025761,101.823399235469,183.143214451343,0,1.40755269320843
-4.14540924606251,5.40747963680229,8239.12924345817,1680.09787067485,5,157.446997862935,99.9220012472057,178.164975584937,0,1.17231183582658
-4.12736776458037,5.40747963680229,7941.35382226897,31.1340012749937,11,209.364820560857,61.7117850401119,179.192062261014,0,59.8217902933084
-4.10932628309823,5.40747963680229,8123.00325978693,989.331360189953,5,144.535959956678,82.349548900533,178.733140474006,0,1.75801305505957
-4.09128480161609,5.40747963680229,7624.62555976293,273.287344524949,8,256.677916983783,85.576011661545,184.335535069057,0,35.0849481880452
-4.07324332013395,5.40747963680229,6408.18545175285,1541.45003067125,12,158.184883789005,106.789622800797,176.534337396864,0,1.24196475616182
-4.05520183865181,5.40747963680229,5647.38665473575,136.095475620033,10,171.71604613043,73.9949661917642,183.879316923929,0,49.9690024587285
-4.03716035716967,5.40747963680229,5514.35836577101,745.756817771071,15,183.049269592201,108.066291377236,182.385465245204,0,1.2420152814778
-4.01911887568753,5.40747963680229,6069.20462757878,2400.47520962702,3,155.663221688722,112.25253633833,178.982671966159,0,2.5131162899637
-4.00107739420539,5.40747963680229,7143.88246006205,2282.73590041355,2,147.108375537926,106.875620367296,179.500815524801,0,2.06850317632249
-3.98303591272325,5.40747963680229,6881.01822885437,1624.74159038619,2,180.653933965578,100.764294896183,178.868181234903,0,1.40153377824611
-3.96499443124112,5.40747963680229,5007.2622868321,554.78375558884,6,181.529797447606,92.8698765751721,181.660399934714,0,1
-3.94695294975898,5.40747963680229,3285.22169870843,2202.27801115361,3,185.091446636614,92.8942726665908,177.948656500699,0,1.37328025291259
-3.92891146827683,5.40747963680229,2051.99775785847,2134.11024118883,7,172.160153391294,71.6501013639387,179.41750010975,0,2.10541260501742
-3.9108699867947,5.40747963680229,755.022242979066,1017.01294753688,10,207.633598735437,47.7892427511884,178.689927925555,0,7.26787073356361
-3.89282850531256,5.40747963680229,444.540693117413,2198.3172334828,2,150.039843086741,52.4710442485845,180.834649196862,0.0378515291025199,1.64006557569015
-3.87478702383042,5.40747963680229,88.0284444361846,1028.56651394322,3,179.744599894632,29.0079300668287,176.436230218451,0.482078900626388,9.49859509453844
-3.85674554234828,5.40747963680229,0,383.861716244577,8,0,2.02181479263565,179.517110766917,2.28105352421516,25.550862094201
-3.83870406086614,5.40747963680229,0,951.20125810092,0,0,4.49308245337368,181.36092585151,1.42058410176092,6.25182951817809
-3.820662579384,5.40747963680229,1451.86625613479,249.566200696456,2,217.56436832089,16.935539934376,180.885052257161,0,19.5946420729029
-4.28974109791963,5.44341302000271,13282.7319348212,479.336420430488,3,175.897117776152,20.3697616517793,180.215919220933,0,1
-4.27169961643749,5.44341302000271,13209.2004571967,1320.03317127501,3,185.344131331753,20.818459218072,180.412974354068,0,1
-4.25365813495535,5.44341302000271,13425.7920435273,290.033006548915,5,182.626935120424,18.6114382126934,179.675940943876,0,10333.2180796582
-4.23561665347321,5.44341302000271,13929.0021961815,498.03837384943,4,188.18875102423,30.2290094379442,181.29414869968,0,3
-4.21757517199107,5.44341302000271,14215.5819853036,260.399199013298,5,161.893551029963,25.7262933727135,180.397525756022,0,13.0435393258427
-4.19953369050893,5.44341302000271,14338.3916719466,642.021610943194,3,155.250036576445,45.1217102967627,180.710632176793,0,1
-4.18149220902679,5.44341302000271,13405.5671088064,933.40539786432,5,157.038159896992,48.9146970534308,180.566139948247,0,1
-4.16345072754465,5.44341302000271,12623.9753101257,498.032798008418,5,130.465909755955,54.4691594949361,181.063426762805,0,6.44969860127582
-4.14540924606251,5.44341302000271,12116.0995891103,1516.66666606835,2,203.320389770001,76.1950994947318,182.654724747563,0,2.29162521214959
-4.12736776458037,5.44341302000271,11913.7813929574,1650.21076222296,3,222.087059580943,78.9294315216975,180.992857158937,0,3
-4.10932628309823,5.44341302000271,11949.3824912529,1245.50362871114,6,189.095463857185,85.0639716086944,181.02807952357,0,1
-4.09128480161609,5.44341302000271,10850.0127727287,1209.8478466414,3,198.950634985662,106.690697444071,182.190471205839,0,3
-4.07324332013395,5.44341302000271,10032.6433085073,1145.9110058429,3,225.669095271535,100.551752898048,179.868445133791,0,6.00017556179775
-4.05520183865181,5.44341302000271,9551.74193521622,2059.99399730932,4,127.413174528854,113.674366278985,180.123132266223,0,1
-4.03716035716967,5.44341302000271,9473.70309412005,979.35517850546,1,107.00842819935,110.280048714107,181.196596540713,0,2.94085628164233
-4.01911887568753,5.44341302000271,9807.02475696801,1529.17685848994,2,162.917944515978,119.017031033151,179.48340962837,0,1
-4.00107739420539,5.44341302000271,8694.11981301076,349.866170789753,5,136.18119037865,95.7092934911682,178.35164710239,0,9.46696318838884
-3.98303591272325,5.44341302000271,6695.28194809354,865.279330744419,4,212.585789119429,92.5482658640739,179.452691979551,0,1
-3.96499443124112,5.44341302000271,4696.90482655767,331.738385440679,6,91.7252480318417,50.7726399389492,179.332049061221,0,7.97008984752261
-3.94695294975898,5.44341302000271,2700.01168545215,102.246921755194,15,163.272495830041,28.25239322098,178.548301699483,0,58.3720773710239
-3.92891146827683,5.44341302000271,717.108713688302,495.663103015304,8,141.388664559925,26.7065117436048,178.631814605584,0.000890057434082031,1.61628043071161
-3.9108699867947,5.44341302000271,503.143046926564,1242.81331943697,0,126.83026542975,51.3782182742374,186.718894424172,0.165572297306794,2.00863305141787
-3.89282850531256,5.44341302000271,1557.87002784154,1344.67489983924,4,173.382393397524,79.1867901188712,180.537954686918,0,9.56478094178934
-3.87478702383042,5.44341302000271,1436.89368585837,1787.74969613412,5,153.589465983906,69.1125470911275,178.914108710015,0,5
-3.85674554234828,5.44341302000271,2289.20287029855,1440.47305220856,1,196.764353016914,56.2069354415719,174.759641218255,0,1.98548604202025
-3.83870406086614,5.44341302000271,3114.73168136987,368.827861122107,3,148.707090807995,7.92821084834357,180.338496638524,0,1
-3.820662579384,5.44341302000271,3882.28623984985,1292.18130238298,4,161.241198677241,19.8279522086342,181.314473039974,0,1
-4.30778257940177,5.46137971160293,15133.5184428708,724.229851060799,6,159.905900602939,24.0903812171486,178.994268799172,0,3.79204472282386
-4.28974109791963,5.46137971160293,15258.8978001411,715.191562849536,5,169.986009892586,23.0118777892207,180.315564484814,0,3.52963385723066
-4.27169961643749,5.46137971160293,15194.9350398893,1803.21230979987,5,161.876635349899,18.9918668989766,180.177075595294,0,5.05347264904733
-4.25365813495535,5.46137971160293,15383.5884610602,174.433738026016,4,147.481661446594,20.6364989054155,180.08459309033,0,24924.836109241
-4.23561665347321,5.46137971160293,15824.6510362779,354.541594078319,3,186.81011472723,15.1523169043412,180.222758224813,0,159.038398501522
-4.21757517199107,5.46137971160293,16202.2873187099,354.540779915329,7,178.269398507244,18.5849433125973,181.478283429135,0,156.360866383726
-4.19953369050893,5.46137971160293,15920.8456330079,377.326102088636,2,145.425552465974,27.2023165692895,181.16984948265,0,19.0148104785599
-4.18149220902679,5.46137971160293,14818.5614381773,1027.62182203153,3,122.696502268403,39.5313039201231,180.83715545991,0,1
-4.16345072754465,5.46137971160293,13917.5856887075,1142.44186548503,4,195.055319771696,48.4772019471567,180.978355046569,0,1.56891555685643
-4.14540924606251,5.46137971160293,13243.1578012566,1852.72700418377,2,144.851393279476,68.3414398058679,182.202380054633,0,1.11643835616438
-4.12736776458037,5.46137971160293,12806.1959140021,31.1312336988157,2,133.278797459091,55.7947020985632,178.646095231663,0,39.0748514387752
-4.10932628309823,5.46137971160293,12672.244097411,567.065217420843,5,174.385281892161,69.4967736707219,182.192545395404,0,2.50784497394766
-4.09128480161609,5.46137971160293,12623.6996599538,1573.10087050687,2,224.270633341138,97.3779658899442,183.157244363107,0,3.23501521891829
-4.07324332013395,5.46137971160293,11924.3586940873,3072.70724735642,1,216.043200842943,116.828496532225,179.637990649051,0,1
-4.05520183865181,5.46137971160293,11521.6400118507,2430.80786616661,2,170.005590680248,118.920440808682,181.203650594626,0,1.01522070015221
-4.03716035716967,5.46137971160293,11457.0291146767,866.169771651783,6,128.541566653006,107.074532959055,176.216169217505,0,2.07282945963351
-4.01911887568753,5.46137971160293,10908.3644210222,104.016744281177,2,210.688443976115,78.9797177137969,180.340270805664,0,53.5240018733169
-4.00107739420539,5.46137971160293,8957.54527651484,655.864708764747,4,217.255370836504,77.4269091809516,179.307691874796,0,1
-3.98303591272325,5.46137971160293,7034.74490618099,354.540397715043,4,161.282293709569,61.1459399775794,180.044183921087,0,20.9762315955859
-3.96499443124112,5.46137971160293,5133.51991108525,354.541582451271,2,144.021191277623,44.9361594123784,179.431565523832,0,36.7432460120006
-3.94695294975898,5.46137971160293,3348.61085786019,803.152485384121,2,203.075574418264,51.038324569144,178.655609006105,0,1
-3.92891146827683,5.46137971160293,2016.972406357,728.785146276649,1,169.682432827958,20.8651369992526,183.830613682817,0,6.73374114616871
-3.9108699867947,5.46137971160293,2164.82345477243,2322.93741690265,1,233.814834328533,90.744219184743,186.126975336989,0,4.65191429574991
-3.89282850531256,5.46137971160293,3215.12608775595,1979.50002154995,5,160.020926012643,110.169379926976,178.530122366839,0,1.14355537344884
-3.87478702383042,5.46137971160293,3423.59909764808,126.504976060231,2,103.72318815127,71.5127691424584,178.987044019494,0,7.83819224915116
-3.85674554234828,5.46137971160293,3877.8989229595,815.111191948828,11,222.978162231785,51.8308772301054,175.867318651115,0,1.49919498843711
-3.83870406086614,5.46137971160293,5045.87468059844,367.792114308743,2,160.720591248354,7.16414434734847,180.32199584003,0,2402.17719888775
-3.820662579384,5.46137971160293,5596.37053358648,400.7285216675,3,154.356615925059,16.7064124771658,180.35528227708,0,30.0295960187354
-4.30778257940177,5.47934640320314,17112.8420562993,169.487215349543,4,114.137229652609,22.4047255136771,179.496763069277,0,1820.8177880535
-4.28974109791963,5.47934640320314,17237.9793695429,1801.27221561314,5,193.508559388991,31.4011061426483,179.788960633342,0,3.96184121967635
-4.27169961643749,5.47934640320314,17181.388224465,1541.2148334723,7,212.356335967223,22.3281158376338,180.103183509007,0,1.31454492244659
-4.25365813495535,5.47934640320314,17348.4487035662,635.947656419532,3,146.513081650571,19.2806408190094,180.519464528502,0,1
-4.23561665347321,5.47934640320314,17267.2845143374,1123.7014765933,3,171.124030554011,21.4983004796924,180.58514709292,0,1
-4.21757517199107,5.47934640320314,15761.1308073206,1254.60069897312,1,154.619256657887,26.8786214410243,179.59643801358,0,1.64097161252561
-4.19953369050893,5.47934640320314,14372.4518404034,250.487013399687,2,164.331148308557,22.9484876520283,181.971987178188,0,181.274669319911
-4.18149220902679,5.47934640320314,13140.9542529923,130.104705534847,8,190.400421372974,29.3966554453685,180.628024657593,0,249.787382220401
-4.16345072754465,5.47934640320314,12115.8895613688,435.920489265323,2,176.797723548689,40.6984396032828,181.802179423112,0,2.38661633895131
-4.14540924606251,5.47934640320314,11353.3072893623,278.541146596852,3,143.246378508092,42.6267847857357,179.500245362315,0,62.9514207954113
-4.12736776458037,5.47934640320314,10843.5674517661,807.461370171099,1,207.6404260923,57.2500413619855,182.910424008185,0,1.59234438559012
-4.10932628309823,5.47934640320314,10685.0443885973,1597.31326667388,1,161.326894937079,68.991562107481,181.149860662786,0,1.36101843722564
-4.09128480161609,5.47934640320314,10858.8953726716,902.391329446093,3,196.414145256628,81.9464415951594,180.092835243695,0,9.9705038918476
-4.07324332013395,5.47934640320314,11312.5165080394,1934.03842877481,15,146.394082182159,102.364771280744,181.157039294714,0,1
-4.05520183865181,5.47934640320314,11248.3006433754,455.869733252946,3,138.211484429876,82.2069630731794,178.414656601616,0,13.6716811051276
-4.03716035716967,5.47934640320314,11509.2247202474,1160.11211679747,6,165.359776438228,91.7521271997948,182.793906979466,0,1.76122198162346
-4.01911887568753,5.47934640320314,11448.4391944204,1708.2482750877,10,228.741177503365,88.9860954164622,179.756970299972,0,1.00280915315737
-4.00107739420539,5.47934640320314,9588.73402695957,1172.10174168802,11,155.031782265145,82.3059383497507,178.676572545065,0,1.81094527363184
-3.98303591272325,5.47934640320314,7798.42448010819,1344.98223691398,2,152.729070958303,86.9195243176078,181.287458975433,0,1.25972201901975
-3.96499443124112,5.47934640320314,6138.53353037246,1464.52296983798,5,220.720305504345,68.8165392039348,179.168661613177,0,1.00049746876189
-3.94695294975898,5.47934640320314,4747.87947234447,354.786649039862,2,114.210757345195,28.8588660073451,177.415417636009,0,148.120186117289
-3.92891146827683,5.47934640320314,3923.9867054172,481.627665506698,5,134.714858497468,37.9843194986562,182.836320417066,0,8.54777722497
-3.9108699867947,5.47934640320314,4003.96760727011,2084.13319492681,1,173.051243781095,99.0438428258217,186.087167920477,0,2.19335674568335
-3.89282850531256,5.47934640320314,4834.76260288425,2715.38587830079,2,157.748514909431,99.8361208342243,177.22709878558,0,1
-3.87478702383042,5.47934640320314,5410.7988064604,1349.36683862971,7,144.603008310898,70.9613263896939,179.764665099208,0,1.59241484256116
-3.85674554234828,5.47934640320314,5719.62813515817,1172.08851686883,10,99.7184784198976,45.107265255957,175.12552884729,0,1.58095098756401
-3.83870406086614,5.47934640320314,6615.02102131595,406.2598527963,5,165.670002926544,13.9684744610495,179.91133118586,0,1562.93280655546
-4.34386554236605,5.49731309480336,19192.0358329835,1687.19186061511,14,159.915813191315,34.4284153103866,179.274810612242,0,1
-4.32582406088391,5.49731309480336,19044.1200581936,274.72909593473,1,158.676858706147,22.4634903413721,179.551082009427,0,619.82932966615
-4.30778257940177,5.49731309480336,19093.311389914,811.516687848322,2,168.739657089356,21.097429213908,181.615090003399,0,1.22400374509919
-4.28974109791963,5.49731309480336,19218.2459247029,2445.57210093441,5,147.648435899687,36.7463228301349,180.38111225033,0,1
-4.27169961643749,5.49731309480336,19167.5043976566,1310.7327066003,3,134.557642790262,18.5695311990024,178.465588921828,0,5.11598782771536
-4.25365813495535,5.49731309480336,17798.0652699228,393.987584877211,5,157.352245793709,18.6242151265195,180.215582334199,0,3.94507681053402
-4.23561665347321,5.49731309480336,16094.5339980929,439.764161228171,3,186.20080756064,13.1025597450159,181.747174534003,0,19.4196096790239
-4.21757517199107,5.49731309480336,14466.8410164976,2143.52693955444,3,186.827524653967,36.558729719266,181.416250247601,0,1.7462909314371
-4.19953369050893,5.49731309480336,12943.6291851873,640.869794503791,5,137.557031661497,27.1041161382828,180.290451500067,0,1.30382747117692
-4.18149220902679,5.49731309480336,11562.2773211828,1040.50802699192,8,157.122769032711,41.1687759771575,181.779780106491,0,1.9694832933466
-4.16345072754465,5.49731309480336,10382.5335143312,855.029062019098,5,220.651831694756,41.2628347686725,179.661802044739,0,1.75988998127341
-4.14540924606251,5.49731309480336,9481.57537310559,874.572636460605,8,190.557415427836,47.3621980248164,181.041628541684,0,5.77145031019548
-4.12736776458037,5.49731309480336,8892.3416290333,25.1130775823049,5,158.654026217228,49.3590068528996,180.976797605931,0,140.605337078652
-4.10932628309823,5.49731309480336,8698.33658220651,193.562110788477,3,162.218626561723,56.5029593856812,181.619140174378,0,16.5657605992334
-4.09128480161609,5.49731309480336,8911.02603080849,798.250725360699,10,208.623248193335,72.1409972302288,182.724975549256,0,1.02495684484625
-4.07324332013395,5.49731309480336,9341.70747700794,1883.08002048096,5,157.707438403465,84.0005019520985,179.748774100172,0,3.03031544448997
-4.05520183865181,5.49731309480336,9263.84247138277,116.117503246436,7,266.059573970038,80.1712994642777,179.317897177329,0,35.2411341292135
-4.03716035716967,5.49731309480336,9578.96604543168,276.919492004037,7,219.7421875,65.7229734672631,181.130120142934,0,19.8659293071161
-4.01911887568753,5.49731309480336,10280.4008557748,758.980245435844,9,157.878350696477,66.6731316155244,178.988711755868,0,20.7897986655742
-4.00107739420539,5.49731309480336,10543.3734259986,1909.78775661551,7,208.225844209048,78.3737420233419,182.587181074359,0,1
-3.98303591272325,5.49731309480336,8946.24967349807,1927.92509160715,12,161.654181541523,67.9532427337441,180.952208435328,0,3.9355650494528
-3.96499443124112,5.49731309480336,7543.36839591639,971.246898800715,3,169.622546007783,43.9600357448743,176.844768654356,0,1.96515404195559
-3.94695294975898,5.49731309480336,6462.49006491704,680.621746399467,3,233.439047228888,38.2273366736895,183.58724204527,0,1
-3.92891146827683,5.49731309480336,5883.82160336064,1624.00747041253,7,169.738931967813,53.1515542700221,182.423974699501,0,7.07482077542062
-3.9108699867947,5.49731309480336,5937.45716418741,2451.83027601051,9,140.167866338951,83.1706509762787,178.394825368278,0,1
-3.89282850531256,5.49731309480336,6591.70981348266,1225.20918190317,3,203.220817604542,67.4151708490287,180.010438554336,0,1
-3.87478702383042,5.49731309480336,7397.50661284971,668.540348467438,10,214.748463744367,31.3864120568629,178.901896743247,0,8.41285772809738
-3.85674554234828,5.49731309480336,7626.29654502032,987.08320041963,7,193.210264513109,26.4001884033994,179.392199829154,0,1.01451310861423
-3.83870406086614,5.49731309480336,8326.33159019683,559.340483717132,3,170.299508426966,26.9309597366422,182.097442390479,0,1.96948150749064
-4.41603146829461,5.51527978640357,22054.0907821493,1083.56612178348,4,169.38007023705,43.1249753812668,179.302409203298,0,5.07658764998537
-4.39798998681247,5.51527978640357,21897.987043005,915.571374231822,7,219.853664247249,47.781296635177,180.67034345999,0,1
-4.37994850533033,5.51527978640357,21918.6536898531,1149.18274393871,3,170.723420444236,43.6746988900969,179.140843580411,0,1.10485499400076
-4.36190702384819,5.51527978640357,21484.5118070056,383.634066015731,5,167.292530148695,33.3179121728767,179.280225673323,0,196.850134644655
-4.34386554236605,5.51527978640357,21164.4369862887,262.624664308889,2,153.149266836421,26.5247809342454,179.552991066304,0,196.261831591887
-4.32582406088391,5.51527978640357,21030.4025397598,1065.59447546675,3,208.197366110623,26.9498949979405,180.29761162518,0,10.7847234416155
-4.30778257940177,5.51527978640357,21074.9562923495,2084.25737705029,3,161.618502692578,29.9676807624175,180.000972379471,0,1.26495551393116
-4.28974109791963,5.51527978640357,20606.7707958064,938.943729753254,3,167.436055019023,17.7610596163629,179.731173780145,0,9.91635937957272
-4.27169961643749,5.51527978640357,18736.1022408796,1345.52639378506,3,142.679603125823,18.5170543237637,179.523999401267,0,3.52989726929493
-4.25365813495535,5.51527978640357,16894.8610023811,998.530946141057,3,189.679992975884,19.7004142765017,180.266664190686,0,1.57117771013814
-4.23561665347321,5.51527978640357,15093.1427081105,76.9231387767302,8,173.530232966518,18.4372417146098,180.751908723406,0,27.9095937719504
-4.21757517199107,5.51527978640357,13343.9046337896,1747.85166638162,7,155.482570901747,31.3978501884546,181.877946255837,0,8.33757719436883
-4.19953369050893,5.51527978640357,11675.1420340946,1487.3528557552,5,133.360920078429,32.3144986123522,179.561637221823,0,13.94866992479
-4.18149220902679,5.51527978640357,10126.7185425415,399.295400921568,1,182.965351749971,31.8094394025336,179.564062654746,0,2.58963478871591
-4.16345072754465,5.51527978640357,8757.46957666802,686.553505689424,3,222.361991744972,35.6341242169757,181.799392713006,0,4.56020022833055
-4.14540924606251,5.51527978640357,7667.91832353485,1122.75749837632,8,183.497936484707,52.1524694109068,180.780797297176,0,1.2211912776233
-4.12736776458037,5.51527978640357,6961.21581440661,1920.39252329267,8,185.758678218112,60.203102385706,180.848939048464,0,1
-4.10932628309823,5.51527978640357,6711.62757283855,776.044491983625,2,209.072055724655,61.6795516750848,180.111024453268,0,4.9073987356591
-4.09128480161609,5.51527978640357,6985.06713441444,1383.22066560338,8,247.304785599297,76.1271416866992,181.136252014513,0,1.31816186155422
-4.07324332013395,5.51527978640357,7379.42857265069,385.325519116452,1,134.62369399163,64.7445469718404,180.002215987296,0,11.783400158038
-4.05520183865181,5.51527978640357,7280.61025166507,116.114016703295,8,183.633045514415,56.3199983343444,180.517387531667,0,69.7456168593589
-4.03716035716967,5.51527978640357,7677.56014611874,76.9235847409755,2,145.336845185836,48.2828338303978,180.442487198244,0,409.778050921861
-4.01911887568753,5.51527978640357,8536.66365001515,351.8266174871,5,169.68270553458,48.3086721257602,179.910339115051,0,1.71852957532122
-4.00107739420539,5.51527978640357,9736.35191000683,76.921252730391,3,198.442177667203,46.9012032084057,180.191889850891,0,515.938065271477
-3.98303591272325,5.51527978640357,10351.3018039903,131.935912085242,6,188.675973892937,46.5276564184634,179.954011384892,0,298.327216319841
-3.96499443124112,5.51527978640357,9166.09674983006,348.639881105533,10,156.967223669193,48.4962669265675,180.186891138762,0,6.4423926721489
-3.94695294975898,5.51527978640357,8299.35295473238,1760.58945507118,12,164.099279985951,60.3264977907628,181.410788685284,0,1.82014283205526
-3.92891146827683,5.51527978640357,7857.16721420425,1919.2834853846,6,100.777387537683,74.3329326747225,180.451679558645,0,1.05818479819709
-3.9108699867947,5.51527978640357,7897.40935902317,640.465687076966,14,170.565651245135,62.6356332304312,181.105227973309,0,1.92505779416498
-3.89282850531256,5.51527978640357,8416.82296722051,634.542063663774,6,197.937017092016,41.6625412327684,177.424028729856,0,1.55464177007727
-3.87478702383042,5.51527978640357,9269.21517088408,234.201972148334,2,190.9707621166,25.5458213334324,179.512956516748,0,7073.61788808242
-3.85674554234828,5.51527978640357,9565.59950146269,745.190711870989,6,177.64821914601,22.9831522889028,178.829172987841,0,3.71998009892007
-4.45211443125889,5.53324647800378,24070.609744353,681.476651114362,3,110.152731848644,45.791881103212,179.159553169197,0,1.49419098065611
-4.43407294977675,5.53324647800378,24092.4959760151,261.422634019334,6,197.462645948556,41.743680266857,180.014310698361,0,597.870716647646
-4.41603146829461,5.53324647800378,24026.9243948439,220.416539222699,2,200.273315190355,37.4906096946125,180.72107619382,0,1006.7259825008
-4.39798998681247,5.53324647800378,23883.7228472592,220.413718624641,4,126.919846658083,36.3743668175838,180.354183758794,0,1011.01261266534
-4.37994850533033,5.53324647800378,23889.8013981045,258.168779326057,2,178.188564405689,35.8720488967618,180.397810629711,0,829.152952537017
-4.36190702384819,5.53324647800378,23432.3936121387,1370.9201059627,1,142.67491879554,43.0516403921816,180.186039785363,0,1
-4.34386554236605,5.53324647800378,23139.2875256828,474.32382154853,1,126.734439469757,31.3395725295304,179.699946881302,0,6.9309981564393
-4.32582406088391,5.53324647800378,23016.7598521071,1524.75345123011,1,114.944519225142,38.1450757959418,180.252405550491,0,1
-4.30778257940177,5.53324647800378,21966.7067061914,2004.93814508046,11,155.214373500322,29.4048255170117,178.842606305877,0,8.46661204424416
-4.28974109791963,5.53324647800378,20026.3115867423,479.264694689787,6,149.043018934184,15.6844851239009,179.587804265941,0,2
-4.27169961643749,5.53324647800378,18095.7969798223,265.460063270347,4,192.249114798233,20.7648840941472,180.882498317514,0,307.74181371258
-4.25365813495535,5.53324647800378,16181.9221581546,945.194107989829,10,170.861206215433,21.260552982115,179.211672991479,0,2.20650806192023
-4.23561665347321,5.53324647800378,14291.3738984272,792.905262804341,3,154.89736310691,20.4006597138989,180.492280266992,0,5.44824255904475
-4.21757517199107,5.53324647800378,12434.7964508319,700.699475434172,6,162.188061448427,27.6551456371866,180.965192701147,0,4.69205559619605
-4.19953369050893,5.53324647800378,10628.9420007574,2023.92628949873,5,151.548184132744,35.981653585665,180.76219774333,0,2.04711597553481
-4.18149220902679,5.53324647800378,8900.38037573095,2120.58531130097,3,198.370329188003,39.1587028450527,180.422303502296,0,13.5057790782736
-4.16345072754465,5.53324647800378,7311.03399815044,401.8265995042,7,157.737365756591,40.5231655191196,179.891328911207,0,14.3829046323121
-4.14540924606251,5.53324647800378,5965.54420221523,285.848793080918,5,137.157394129181,42.5575736636333,180.246103272014,0,45.7299306388832
-4.12736776458037,5.53324647800378,5067.92529178157,473.982627169241,21,184.628837318194,53.3597102303932,182.090998100314,0,1.49424950981827
-4.10932628309823,5.53324647800378,4724.91735661095,1970.72357171444,9,174.883282603606,69.4353613108703,181.362949458118,0,3.67592484195739
-4.09128480161609,5.53324647800378,5105.87511169385,629.144737728811,5,201.081384799977,71.4709268498001,178.936662206312,0,1.49972198647976
-4.07324332013395,5.53324647800378,5434.92843755592,1218.8569829037,5,191.242633504024,75.2183534331798,180.453134495658,0,1
-4.05520183865181,5.53324647800378,5299.98175311996,413.95596605848,6,125.827310764549,57.5353609471451,179.568647200824,0,18.5727536062264
-4.03716035716967,5.53324647800378,5833.29168916984,1212.43764957984,10,212.563606566972,70.0713845198117,180.269079012524,0,1.53931696467765
-4.01911887568753,5.53324647800378,6925.075688613,701.869300540862,8,130.535292051972,69.9557132616003,179.479369731018,0,1
-4.00107739420539,5.53324647800378,8350.77983144624,235.238919293986,14,198.731185627341,61.27991410909,179.530379745411,0,32.4804248595506
-3.98303591272325,5.53324647800378,9970.05702549459,1187.29181575974,11,150.120358177509,68.174380039727,181.373912994548,0,1
-3.96499443124112,5.53324647800378,10909.9198138821,2105.24806051191,13,169.042373873347,75.7174035614487,180.468611962353,0,3.00137539506028
-3.94695294975898,5.53324647800378,10192.5856192524,2604.77589192575,3,156.13227590647,72.7630836477896,179.726783791053,0,1.07696584823388
-3.92891146827683,5.53324647800378,9835.89577610717,1406.69106182038,4,192.395697980685,66.9578075359201,179.944082127371,0,2.56748609891718
-3.9108699867947,5.53324647800378,9868.06977077384,843.720817807232,11,207.949815649324,49.7943619586955,177.125280928592,0,1.00696435886932
-3.89282850531256,5.53324647800378,10288.457724166,423.806804574706,9,191.536052908814,24.1832513290988,178.487064638543,0,1249.66674470327
-4.43407294977675,5.56917986120421,28065.7733963752,1148.97586363836,1,179.724582967515,53.9441666751067,180.473719569628,0,1.83959613696225
-4.41603146829461,5.56917986120421,27978.9781102956,1261.91746044553,0,198.806654570994,53.2361381191595,178.98832577108,0,7.20098326114948
-4.39798998681247,5.56917986120421,27856.1079105451,286.735316396414,4,210.39645888206,49.1153286084359,180.701828440761,0,2.92390986245244
-4.37994850533033,5.56917986120421,27738.3462613169,421.841234299556,4,103.078850319031,45.6481638403774,179.030905189051,0,2.40560791430077
-4.36190702384819,5.56917986120421,25853.6419380928,1704.61401442094,6,206.082209019872,48.6203114678646,181.085403277626,0,3.47206532236823
-4.34386554236605,5.56917986120421,23980.1125109941,2288.6775180934,5,186.871678567248,49.469081022564,179.317414804153,0,6.86787428303874
-4.32582406088391,5.56917986120421,22128.5198910835,931.262281371955,10,206.484592198063,41.6720435008165,179.29205617205,0,1
-4.30778257940177,5.56917986120421,20304.8663174565,508.389182967725,4,151.961633011414,28.8122134621314,178.926779094917,0,1
-4.28974109791963,5.56917986120421,18517.4084004073,444.157599322561,7,172.511940298507,24.3494662498397,180.663806044892,0,1
-4.27169961643749,5.56917986120421,16777.7190126066,1501.47567050815,7,162.027449373756,24.6881672512764,180.595460187458,0,5.58272854968981
-4.25365813495535,5.56917986120421,15102.3154889017,413.221992318272,3,154.415674109625,20.5043460451214,178.930303480437,0,2.34131280910714
-4.23561665347321,5.56917986120421,13423.191184687,47.8309468443901,4,176.739186420837,17.2319496209871,180.839414645564,0,52.6009364940006
-4.21757517199107,5.56917986120421,11431.9874645205,413.221160340538,1,188.832991923212,28.4244854644914,181.460772188693,0,5.64804518319092
-4.19953369050893,5.56917986120421,9444.05273483029,1430.12633497848,3,165.667290922924,37.314869788912,180.973593177844,0,17.9052203429508
-4.18149220902679,5.56917986120421,7462.00011641167,2427.62049120774,3,195.340766754463,53.7144361882062,182.616215461935,0,1.15820895522388
-4.16345072754465,5.56917986120421,5492.20163430523,2966.36426698041,4,178.236662667174,70.3744920523281,180.679150372767,0,1.76389335986655
-4.14540924606251,5.56917986120421,3549.36544435496,2284.10512642791,8,105.437673778792,70.5377850448779,178.698174272365,0,1.07156027746071
-4.12736776458037,5.56917986120421,1706.68514558185,1715.13854907828,1,192.501858300898,69.4626872558022,181.35440073642,0,2.973574083287
-4.10932628309823,5.56917986120421,751.0001847345,802.349211664699,7,175.629228608217,73.0846946078674,180.428795851583,0,1.77756642865504
-4.09128480161609,5.56917986120421,2030.39579931322,878.960886421552,2,185.490665418154,77.7584458756129,180.488239749096,0,1.66969040791245
-4.07324332013395,5.56917986120421,1778.2094565857,317.958599326735,2,150.692136607065,65.9516782088302,178.768871268678,0,4.24178396886249
-4.05520183865181,5.56917986120421,1391.27959225316,392.554252348974,4,176.412308682801,73.0008968932832,182.77559662534,0,1.36522197184747
-4.03716035716967,5.56917986120421,2781.07443237821,2298.66960838686,9,135.770126715636,91.0526454383407,180.30579412665,0,2.24819291211846
-4.01911887568753,5.56917986120421,4627.77072029356,2395.86185529521,12,170.476426000176,96.8417268534877,182.906829900678,0,1.97799174690509
-4.00107739420539,5.56917986120421,6564.27017791323,3148.87234246199,7,173.70373405127,90.9807096099722,178.539602016139,0,5.02098209060049
-3.98303591272325,5.56917986120421,8529.62550818581,2251.91190924873,11,162.690626006029,62.9542067286051,177.031189794559,0,1.91705932277796
-3.96499443124112,5.56917986120421,10507.6574641169,1334.83165975604,3,146.397419015012,41.2379296530366,179.415548083329,0,15.5655049307933
-3.94695294975898,5.56917986120421,12492.3458454821,431.426275859783,6,169.567921104998,30.1105899563933,179.596730904487,0,10.8868664403605
-3.92891146827683,5.56917986120421,13800.731029434,109.24370670589,6,185.746993240277,26.3493835982558,180.323678717119,0,10434.2465981916
-3.9108699867947,5.56917986120421,13823.6770466249,968.947535927302,5,130.161428153351,35.1269345943105,180.951241415088,0,1
-4.41603146829461,5.58714655280443,29956.9305299571,2050.6132285212,3,155.888703589924,55.7947414617679,179.167146795701,0,10.9112905585301
-4.39798998681247,5.58714655280443,29130.0899288938,421.677658014592,8,200.733723482078,59.4428018909433,180.973661378912,0,2.80482809070958
-4.37994850533033,5.58714655280443,27188.5868471439,730.286887633071,3,160.528792134831,55.3257597410928,179.682821737947,0,1
-4.36190702384819,5.58714655280443,25256.0233647662,788.151089380522,2,117.009947919714,54.9061931726112,180.141923308907,0,1.29843759143309
-4.34386554236605,5.58714655280443,23334.6207367238,870.776123661288,5,149.322722218971,45.2795886836233,179.370955563383,0,2.19506700216514
-4.32582406088391,5.58714655280443,21427.381611079,234.178568366781,4,178.992422690969,39.4976751147251,179.860129905497,0,240.422486176531
-4.30778257940177,5.58714655280443,19538.454188727,169.456531858137,6,189.769455822118,33.6990711774688,179.561890368783,0,14.8152135751902
-4.28974109791963,5.58714655280443,17673.7108942736,1101.49117582206,3,188.38277455971,32.2740677140244,180.125152900639,0,8.21923819554152
-4.27169961643749,5.58714655280443,15841.694426828,1348.28133018013,3,162.018491968283,31.5294406915651,180.272312752701,0,1.75328437253123
-4.25365813495535,5.58714655280443,14055.2081829448,1190.84583633156,4,208.363564553407,25.3688606865633,179.622237126094,0,1
-4.23561665347321,5.58714655280443,12334.0526015291,22.2319065118276,2,161.498390777693,18.1986413129099,179.282332116509,0,32877.488793961
-4.21757517199107,5.58714655280443,10709.7726217389,231.550716960099,4,194.875563227807,26.1824289120725,181.237109422913,0,20.9992392767277
-4.19953369050893,5.58714655280443,9232.69505296492,829.719189181505,1,128.348393515538,35.9553910122601,180.811748091216,0,1.28024228945982
-4.18149220902679,5.58714655280443,7425.86829603695,824.022538726667,2,149.39713240673,42.9033676660399,181.543561801685,0,6.1783174835406
-4.16345072754465,5.58714655280443,5443.08411396497,1017.61609354196,11,199.248785768623,57.8203285883081,180.989119450852,0,6.04584820644859
-4.14540924606251,5.58714655280443,3478.8035990645,1920.41840455108,9,201.740529471991,69.5392211141794,181.476746855356,0,4.39201404124616
-4.12736776458037,5.58714655280443,1602.57719334026,2937.00352783837,7,194.561316752012,87.5933324105925,182.033682286866,0,1
-4.10932628309823,5.58714655280443,943.075177884299,1192.81122962986,4,130.54852678702,84.8766246480633,179.506505344037,0,6.04839511952483
-4.05520183865181,5.58714655280443,540.72317845258,1836.90473359998,3,123.650789935635,75.104302217501,180.285045540579,0,1
-4.03716035716967,5.58714655280443,2473.54533058425,2594.97051666878,9,176.1437223864,78.7327745106644,180.393971106865,0,3.98589694824004
-4.01911887568753,5.58714655280443,4449.70605079748,2503.55448640985,8,168.121218327579,71.4355326944631,179.888364624172,0,4.19749546491895
-4.00107739420539,5.58714655280443,6439.91991048734,2394.57238336875,7,220.873112931539,68.2379877455255,179.398463970832,0,4.99531889994149
-3.98303591272325,5.58714655280443,8434.24447302796,1207.13005151156,4,122.928431401235,47.9886503146877,178.469354386778,0,3.33326506129854
-3.96499443124112,5.58714655280443,10430.3220473478,548.859654987909,3,129.650564690737,31.8486732166549,179.725521660311,0,1
-3.94695294975898,5.58714655280443,12427.3079527061,568.64276433355,12,181.744748083563,26.7698950431609,180.494242396622,0,1.50198958394289
-3.92891146827683,5.58714655280443,14424.8249419136,644.629388006111,10,201.883759033324,27.2307571121687,180.024934366958,0,1.29918956084145
-4.39798998681247,5.60511324440464,28738.5703592942,557.609379764885,3,215.024661381388,66.0315207300674,180.908549148461,0,1
-4.37994850533033,5.60511324440464,26768.7481465171,1000.42317275623,5,150.108471799672,64.8913792016996,180.014074680878,0,5.95383805289024
-4.25365813495535,5.60511324440464,13225.424071928,686.266188328272,1,171.885517846694,24.0451529271704,179.951923672007,0,1
-4.23561665347321,5.60511324440464,11379.5042479332,399.615593403297,0,189.546369434205,20.3639497998724,180.454915869888,0,1
-4.21757517199107,5.60511324440464,9595.02554212386,125.741832628975,3,157.164462906623,26.304292737488,180.810934558512,0,70.8508659021765
-4.19953369050893,5.60511324440464,7913.66253501849,795.868612933044,4,166.713792498098,31.0930070834998,180.657102347851,0,1.26619462812335
-4.18149220902679,5.60511324440464,6415.56334562714,1046.23631647303,5,200.097451800708,40.8715700803545,181.208815927318,0,2
-4.16345072754465,5.60511324440464,5227.89156379273,326.403330002987,8,136.917446758718,51.0155903633438,180.785301961314,0,10.7915399017084
-4.14540924606251,5.60511324440464,4387.49419083319,1278.49417765613,12,137.821269748391,64.542964459968,181.447556397746,0,2.24663545933294
