"station_id","x","y","dt_placement","week","month","year","country_code","nuts0_code","nuts0_name","nuts1_code","nuts1_name","nuts2_code","nuts2_name","nuts3_code","nuts3_name","lau1_municipality","lau2_settlement","trap_type","no_pools","poolsize","no_pos_pools","wnv_mir","culex.spp","culex.pipiens","region","dt_placement_original","indices_image_date","indices_lat","indices_lon","ndvi","ndmi","ndwi","ndbi","ndvi_mean","ndmi_mean","ndwi_mean","ndbi_mean","ndvi_std","ndmi_std","ndwi_std","ndbi_std","lst_image_date","lst_lat","lst_lon","lst_day","lst_night","monthly_lst_lat","monthly_lst_lon","lst_jan_day_mean","lst_jan_night_mean","lst_feb_day_mean","lst_feb_night_mean","lst_mar_day_mean","lst_mar_night_mean","lst_apr_day_mean","lst_apr_night_mean","indices_image_date","indices_lat","indices_lon","acc_rainfall_jan","dt_placement_minus_7","dt_placement_minus_14","dt_placement_minus_7_avail","dt_placement_minus_14_avail","acc_rainfall_1week","acc_rainfall_2week"
1,12.877089,45.606292,2023-04-30,20,4,2023,"IT",0,"ITALY","ITH","North-east","ITH3","Veneto","ITH35","Venezia","Caorle",,"CDC-CO2",1,76,0,,76,76,"Italy",2023-05-15,2023-04-28,45.6052211865418,12.8751038096442,0.267023007204276,0.100747022006865,-0.265552460538533,-0.100747022006865,0.239147326612751,0.0725825053277113,-0.226256081313631,-0.0725825053277113,0.064808438349387,0.0600053674036105,0.0517079053760487,0.0600053674036105,2023-04-30,45.6052211865418,12.8751038096442,14763,14181,45.6052211865418,12.8751038096442,13960.4,13679,14064,13578.8571428571,14444.8333333333,13933.75,14474.2857142857,14024.9090909091,2023-04-30,45.6502088159665,12.8500587795218,101.448003756523,2023-04-23,2023-04-16,2023-04-23,2023-04-16,5.5783805581741,5.91758060542634
1,12.877089,45.606292,2023-04-30,20,4,2023,"IT",0,"ITALY","ITH","North-east","ITH3","Veneto","ITH35","Venezia","Caorle",,"Gravid ",0,0,0,,0,0,"Italy",2023-05-15,2023-04-28,45.6052211865418,12.8751038096442,0.267023007204276,0.100747022006865,-0.265552460538533,-0.100747022006865,0.239147326612751,0.0725825053277113,-0.226256081313631,-0.0725825053277113,0.064808438349387,0.0600053674036105,0.0517079053760487,0.0600053674036105,2023-04-30,45.6052211865418,12.8751038096442,14763,14181,45.6052211865418,12.8751038096442,13960.4,13679,14064,13578.8571428571,14444.8333333333,13933.75,14474.2857142857,14024.9090909091,2023-04-30,45.6502088159665,12.8500587795218,101.448003756523,2023-04-23,2023-04-16,2023-04-23,2023-04-16,5.5783805581741,5.91758060542634
3,12.429368,45.55892,2023-04-30,20,4,2023,"IT",0,"ITALY","ITH","North-east","ITH3","Veneto","ITH35","Venezia","Quarto d'Altino",,"CDC-CO2",1,33,0,,33,33,"Italy",2023-05-15,2023-04-28,45.5603054223358,12.430437744005,0.272471250880075,-0.0450862979922508,-0.313150883991281,0.0450862979922508,0.352000703490675,0.0354653967481184,-0.353905572011072,-0.0354653967481184,0.119939517540809,0.103018206283026,0.0812812046818227,0.103018206283026,2023-04-30,45.5603054223358,12.430437744005,14880,14093,45.5603054223358,12.430437744005,13935.2857142857,13616.8333333333,14096.3333333333,13565.375,14569.4444444444,13896.2222222222,14680,13980.8181818182,2023-04-30,45.5502083585383,12.450056949809,78.1168895887167,2023-04-23,2023-04-16,2023-04-23,2023-04-16,1.1062361515942,3.37601455679396
198,12.797359,45.826409,2023-04-30,20,4,2023,"IT",0,"ITALY","ITH","North-east","ITH3","Veneto","ITH35","Venezia","Cinto di Caomaggiore",,"CDC-CO2",1,13,0,,13,13,"Italy",2023-05-15,2023-04-28,45.8253084311511,12.798747010494,0.372590255871013,0.0481798715203426,-0.331067301155676,-0.0481798715203426,0.236284289276808,0.264668367346939,-0.144919168591224,-0.264668367346939,0,0,0,0,2023-04-30,45.8253084311511,12.798747010494,14915,14086,45.8253084311511,12.798747010494,13915.1666666667,13624.3333333333,14133.9090909091,13587.9333333333,14497.6,13889.625,14586.3846153846,13933.4,2023-04-30,45.8502097308228,12.7500583220936,43.7944053257816,2023-04-23,2023-04-16,2023-04-23,2023-04-16,2.2492679724819,2.43961966666393
199,12.859687,45.690322,2023-04-30,20,4,2023,"IT",0,"ITALY","ITH","North-east","ITH3","Veneto","ITH35","Venezia","Concordia Sagittaria",,"CDC-CO2",2,"100-35",0,,135,135,"Italy",2023-05-15,2023-04-28,45.6905611385332,12.8616290803824,0.379537953795379,0.11407249466951,-0.3376,-0.11407249466951,0.365766924727165,0.122758943356459,-0.344154584668043,-0.122758943356459,0.185295697703563,0.162867649227995,0.137353717963361,0.162867649227995,2023-04-30,45.6905611385331,12.8616290803824,14814,14120,45.6905611385331,12.8616290803824,13926.75,13662.6666666667,14103.8,13635.9333333333,14399.9090909091,13952.4285714286,14559.8,13988.1666666667,2023-04-30,45.6502088159665,12.8500587795218,101.448003756523,2023-04-23,2023-04-16,2023-04-23,2023-04-16,5.5783805581741,5.91758060542634
307,12.658373,45.674905,2023-04-30,20,4,2023,"IT",0,"ITALY","ITH","North-east","ITH3","Veneto","ITH35","Venezia","Ceggia",,"CDC-CO2",1,28,0,,28,28,"Italy",2023-05-15,2023-04-28,45.6770864092714,12.6595081414555,0.130983302411874,-0.101944608131998,-0.151057401812689,0.101944608131998,0.259132534881742,0.147799227630131,-0.230636974420476,-0.147799227630131,0.0774363429265106,0.0697918134677124,0.0684389701517159,0.0697918134677124,2023-04-30,45.6770864092714,12.6595081414555,14949,14069,45.6770864092714,12.6595081414555,13998.6666666667,13592.8333333333,14161.625,13524.5714285714,14526.1538461538,13868.375,14803.4285714286,13895.9,2023-04-30,45.6502088159665,12.6500578646654,62.9558358634822,2023-04-23,2023-04-16,2023-04-23,2023-04-16,6.61942849610932,6.94714896869846
346,12.084125,45.464148,2023-04-30,20,4,2023,"IT",0,"ITALY","ITH","North-east","ITH3","Veneto","ITH35","Venezia","Mirano",,"CDC-CO2",0,0,0,,0,0,"Italy",2023-05-15,2023-04-28,45.4659823175033,12.0845863596189,0.442641616851694,0.309560723514212,-0.375305291723202,-0.309560723514212,0.381365940574826,0.21057603169446,-0.344435180305588,-0.21057603169446,0.0584843338250897,0.060742585702527,0.0430580695119651,0.060742585702527,2023-04-30,45.4659823175033,12.0845863596189,14873,14127,45.4659823175033,12.0845863596189,13992,13658.8571428571,14054.5,13558.8461538462,14611.4545454545,13893.3,14691,13994.6666666667,2023-04-30,45.4502079011101,12.0500551200963,57.531979504216,2023-04-23,2023-04-16,2023-04-23,2023-04-16,1.25690261262935,6.70637948240619
347,12.975591,45.694464,2023-04-30,20,4,2023,"IT",0,"ITALY","ITH","North-east","ITH3","Veneto","ITH35","Venezia","San Michele al Tagliamento",,"CDC-CO2",2,"100-58",0,,158,158,"Italy",2023-05-15,2023-04-28,45.6950527149538,12.9739184908973,0.184047673619069,-0.105299618981642,-0.212960788917586,0.105299618981642,0.15605749486653,0.0657832465688594,-0.148686559551135,-0.0657832465688594,0,0,0,0,2023-04-30,45.6950527149538,12.9739184908973,14734,13982,45.6950527149538,12.9739184908973,13910.5,13630,14077.4444444444,13620.2352941176,14412.3333333333,13865.25,14519,13904.2,2023-04-30,45.6502088159665,12.95005923695,179.967248230852,2023-04-23,2023-04-16,2023-04-23,2023-04-16,7.38014966715127,8.66318274155492
384,12.637082,45.544211,2023-04-30,20,4,2023,"IT",0,"ITALY","ITH","North-east","ITH3","Veneto","ITH35","Venezia","Jesolo",,"CDC-CO2",1,12,0,,12,12,"Italy",2023-05-15,2023-04-28,45.5423391166534,12.6370502593525,0.285176470588235,-0.0103279579633991,-0.287903796274464,0.0103279579633991,0.294280373766873,0.0170148524204023,-0.289318391296052,-0.0170148524204023,0.0337514740751382,0.0489119648778709,0.0287595799338338,0.0489119648778709,2023-04-30,45.5423391166534,12.6370502593525,14866,14124,45.5423391166534,12.6370502593525,13943.1666666667,13626.8333333333,14075.5714285714,13591.6428571429,14368.75,13919.75,14639.5,13983.9,2023-04-30,45.5502083585383,12.6500578646654,109.504005537659,2023-04-23,2023-04-16,2023-04-23,2023-04-16,0.632527882466093,1.69613147474593
389,12.985235,45.771308,2023-04-30,20,4,2023,"IT",0,"ITALY","ITH","North-east","ITH3","Veneto","ITH35","Venezia","San Michele al Tagliamento","San Giorgio","CDC-CO2",1,12,0,,12,12,"Italy",2023-05-15,2023-04-28,45.7714095141039,12.9873932201591,0.537021745114231,0.210754553339115,-0.476857974080931,-0.210754553339115,0.405626194314468,0.146398975284729,-0.357498140851486,-0.146398975284729,0.0542227617920714,0.0881284765838859,0.0428021967697687,0.0881284765838859,2023-04-30,45.7714095141039,12.9873932201591,14839,13964,45.7714095141039,12.9873932201591,14022.75,13635.4,14101.5,13629.6153846154,14439,13953.4285714286,14540.25,13947,2023-04-30,45.7502092733946,12.95005923695,98.7678381205187,2023-04-23,2023-04-16,2023-04-23,2023-04-16,3.46888329554349,3.81976891111117
10,11.670841,45.559359,2023-04-30,20,4,2023,"IT",0,"ITALY","ITH","North-east","ITH3","Veneto","ITH36","Padova","Gazzo Padovano",,"CDC-CO2",1,1,0,,1,1,"Italy",2023-05-15,2023-04-28,45.5603054223358,11.6713613289239,0.562560153994225,0.380527210884354,-0.470228661987774,-0.380527210884354,0.527328444393373,0.300354243197084,-0.466418957110841,-0.300354243197084,0.127841823084609,0.116368275240173,0.0944075940257699,0.116368275240173,2023-04-30,45.5603054223358,11.6713613289239,14591,14012,45.5603054223358,11.6713613289239,14018.8888888889,13614.1428571429,14068.75,13566.5833333333,14540.75,13782,14658.8181818182,13881.5555555556,2023-04-30,45.5502083585383,11.6500532903836,28.895617512404,2023-04-23,2023-04-16,2023-04-23,2023-04-16,1.99602313831565,4.2905594331387
341,11.906861,45.591114,2023-04-30,20,4,2023,"IT",0,"ITALY","ITH","North-east","ITH3","Veneto","ITH36","Padova","Santa Giustina in Colle",,"CDC-CO2",1,41,0,,41,41,"Italy",2023-05-15,2023-04-28,45.59174645728,11.904923302795,0.50561797752809,0.196810207336523,-0.479495268138801,-0.196810207336523,0.484693036960066,0.178059958341082,-0.451225800497657,-0.178059958341082,0.0566838814121179,0.0448807176401197,0.0391646955233302,0.0448807176401197,2023-04-30,45.59174645728,11.904923302795,14848,14114,45.59174645728,11.904923302795,13942.1428571429,13641.1666666667,14023.7272727273,13583.7333333333,14533.2307692308,13907.375,14645.5,13927.2,2023-04-30,45.5502083585383,11.9500546626681,31.6789787218731,2023-04-23,2023-04-16,2023-04-23,2023-04-16,2.21818204876035,2.31215498934034
382,11.92895,45.46068,2023-04-30,20,4,2023,"IT",0,"ITALY","ITH","North-east","ITH3","Veneto","ITH36","Padova","Cadoneghe",,"CDC-CO2",1,36,0,,36,36,"Italy",2023-05-15,2023-04-28,45.4614907410827,11.927381184898,0.211950129381322,0.0775988286969253,-0.230769230769231,-0.0775988286969253,0.364110978321671,0.200264168097062,-0.339116084389173,-0.200264168097062,0.0763215826297162,0.0741639042719588,0.0581072221975761,0.0741639042719588,2023-04-30,45.4614907410827,11.927381184898,14905,14145,45.4614907410827,11.927381184898,14012.4,13634.1666666667,14039.3333333333,13543.7142857143,14541.6153846154,13881,14691.7692307692,13947,2023-04-30,45.4502079011101,11.9500546626681,57.1197558784916,2023-04-23,2023-04-16,2023-04-23,2023-04-16,10.4050642699003,12.5136972500477
391,11.980783,45.320831,2023-04-30,20,4,2023,"IT",0,"ITALY","ITH","North-east","ITH3","Veneto","ITH36","Padova","Brugine",,"CDC-CO2",1,44,0,,44,44,"Italy",2023-05-15,2023-04-28,45.3222518720441,11.9812801019452,0.333536029188203,0.184764991896272,-0.294951284322409,-0.184764991896272,0.361174149871349,0.185005605758926,-0.339685391915778,-0.185005605758926,0.119424483964303,0.112796610977431,0.0851492145455343,0.112796610977431,2023-04-30,45.3222518720441,11.9812801019452,14832,14111,45.3222518720441,11.9812801019452,13982.125,13621.375,14049.6,13554.6153846154,14470.5714285714,13880.3333333333,14720.3333333333,13963.1,2023-04-30,45.3502074436819,11.9500546626681,117.520720466506,2023-04-23,2023-04-16,2023-04-23,2023-04-16,5.17840050626546,36.4714260306209
391,11.980783,45.320831,2023-04-30,20,4,2023,"IT",0,"ITALY","ITH","North-east","ITH3","Veneto","ITH36","Padova","Brugine",,"Gravid ",1,2,0,,2,2,"Italy",2023-05-15,2023-04-28,45.3222518720441,11.9812801019452,0.333536029188203,0.184764991896272,-0.294951284322409,-0.184764991896272,0.361174149871349,0.185005605758926,-0.339685391915778,-0.185005605758926,0.119424483964303,0.112796610977431,0.0851492145455343,0.112796610977431,2023-04-30,45.3222518720441,11.9812801019452,14832,14111,45.3222518720441,11.9812801019452,13982.125,13621.375,14049.6,13554.6153846154,14470.5714285714,13880.3333333333,14720.3333333333,13963.1,2023-04-30,45.3502074436819,11.9500546626681,117.520720466506,2023-04-23,2023-04-16,2023-04-23,2023-04-16,5.17840050626546,36.4714260306209
340,11.73371,45.474447,2023-04-30,20,4,2023,"IT",0,"ITALY","ITH","North-east","ITH3","Veneto","ITH32","Vicenza","Grisignano di Zocco",,"CDC-CO2",1,31,0,,31,31,"Italy",2023-05-15,2023-04-28,45.4749654703445,11.7342433988123,0.674660271782574,0.437886067261496,-0.587121212121212,-0.437886067261496,0.552052398365969,0.262202898643338,-0.499400426572866,-0.262202898643338,0.0916661121822897,0.069493083835148,0.071653979209051,0.069493083835148,2023-04-30,45.4749654703444,11.7342433988123,14795,14173,45.4749654703444,11.7342433988123,14003.5,13658.8571428571,14048.2,13551.8461538462,14562.9230769231,13850.9090909091,14638.6153846154,13943.0909090909,2023-04-30,45.4502079011101,11.7500537478117,39.5619822164881,2023-04-23,2023-04-16,2023-04-23,2023-04-16,0.734968906966969,2.41587751466432
376,11.459718,45.701843,2023-04-30,20,4,2023,"IT",0,"ITALY","ITH","North-east","ITH3","Veneto","ITH32","Vicenza","Thiene",,"CDC-CO2",1,2,0,,2,2,"Italy",2023-05-15,2023-04-28,45.7040358677949,11.4602572371558,0.566999474513925,0.207531889046366,-0.492866082603254,-0.207531889046366,0.00173701580684384,0.670141905589343,-0.0362982929020665,-0.670141905589343,0,0,0,0,2023-04-30,45.7040358677949,11.4602572371558,14865,14111,45.7040358677949,11.4602572371558,14097.2,13613.8333333333,14181.4166666667,13676.4285714286,14619.3,13923.8333333333,14631.75,13905.8571428571,2023-04-30,45.7502092733946,11.4500523755272,56.6870480637881,2023-04-23,2023-04-16,2023-04-23,2023-04-16,1.53381003113464,9.35182494809851
377,11.517407,45.557696,2023-04-30,20,4,2023,"IT",0,"ITALY","ITH","North-east","ITH3","Veneto","ITH32","Vicenza","Vicenza",,"CDC-CO2",1,1,0,,1,1,"Italy",2023-05-15,2023-04-28,45.5558138459152,11.5186477306236,0.272121212121212,0.0370553359683794,-0.25801618219958,-0.0370553359683794,0.354397217928992,0.0914057455956671,-0.327332750722662,-0.0914057455956671,0.10409762368316,0.0788626235795511,0.0759301831315376,0.0788626235795511,2023-04-30,45.5558138459152,11.5186477306236,14922,14168,45.5558138459152,11.5186477306236,14046.4,13680,14065.9090909091,13657.2857142857,14588.4,13849.1,14690.9230769231,13987.125,2023-04-30,45.5502083585383,11.5500528329554,43.4138374842732,2023-04-23,2023-04-16,2023-04-23,2023-04-16,5.0582878732821,8.78060173772974
178,12.42435,45.864107,2023-04-30,20,4,2023,"IT",0,"ITALY","ITH","North-east","ITH3","Veneto","ITH34","Treviso","Codognè",,"CDC-CO2",1,5,0,,5,5,"Italy",2023-05-15,2023-04-28,45.8657326189365,12.4259461675844,0.541097724230254,0.127301214257736,-0.489262613195343,-0.127301214257736,0.490433743959265,0.0995771693264506,-0.449521061764341,-0.0995771693264506,0.0840632674569916,0.0577011678044699,0.0587557873058667,0.0577011678044699,2023-04-30,45.8657326189365,12.4259461675844,15101,14078,45.8657326189365,12.4259461675844,13916.25,13555.6666666667,14191.5714285714,13544,14560,13853.2857142857,14759.4615384615,13929.4,2023-04-30,45.8502097308228,12.450056949809,27.7305989240704,2023-04-23,2023-04-16,2023-04-23,2023-04-16,2.21613493585028,2.53260841645533
355,12.299455,45.797542,2023-04-30,20,4,2023,"IT",0,"ITALY","ITH","North-east","ITH3","Veneto","ITH34","Treviso","Santa Lucia di Piave",,"CDC-CO2",1,1,0,,1,1,"Italy",2023-05-15,2023-04-28,45.7983589726275,12.3001820278076,0.614678899082569,0.270405330372016,-0.544206974128234,-0.270405330372016,0.40248438273976,0.173332257002568,-0.363154944826784,-0.173332257002568,0.067425427307764,0.1016665823115,0.0439217514438969,0.1016665823115,2023-04-30,45.7983589726275,12.3001820278076,14853,14054,45.7983589726275,12.3001820278076,13955.25,13545.25,14124.2,13519.2307692308,14459.5,13882.6666666667,14708.3636363636,13931,2023-04-30,45.7502092733946,12.2500560349527,13.1376224640117,2023-04-23,2023-04-16,2023-04-23,2023-04-16,0.0920660332776606,0.517166600329801
373,12.461786,45.712302,2023-04-30,20,4,2023,"IT",0,"ITALY","ITH","North-east","ITH3","Veneto","ITH34","Treviso","Ponte di Piave",,"CDC-CO2",1,14,0,,14,14,"Italy",2023-05-15,2023-04-28,45.7130190206361,12.4618787789492,0.396957123098202,0.106647187728269,-0.35935397039031,-0.106647187728269,0.378585187352155,0.112223456678368,-0.332851423726674,-0.112223456678368,0.0466220096585868,0.0589255322545074,0.0336107229169345,0.0589255322545074,2023-04-30,45.7130190206361,12.4618787789492,14910,13959,45.7130190206361,12.4618787789492,13997.5714285714,13585.4,14127.7272727273,13539.3571428571,14520.3,13893.8571428571,14679.1666666667,13931.875,2023-04-30,45.7502092733946,12.450056949809,20.9575672456413,2023-04-23,2023-04-16,2023-04-23,2023-04-16,0.489702345454134,0.731030286406167
386,12.587252,45.781058,2023-04-30,20,4,2023,"IT",0,"ITALY","ITH","North-east","ITH3","Veneto","ITH34","Treviso","Motta di Livenza",,"CDC-CO2",1,50,0,,50,50,"Italy",2023-05-15,2023-04-28,45.7803926669451,12.5876429187259,0.455359363342452,0.139186295503212,-0.427665284215662,-0.139186295503212,0.489214578633118,0.171054193798828,-0.44530335800191,-0.171054193798828,0.0845396791655265,0.0635743537954648,0.0659087065946073,0.0635743537954648,2023-04-30,45.7803926669451,12.5876429187259,14835,14158,45.7803926669451,12.5876429187259,13949.25,13561.2,14173.5,13547.0666666667,14538.7,13840.1666666667,14727.4166666667,13949.3636363636,2023-04-30,45.7502092733946,12.5500574072372,34.6964664254047,2023-04-23,2023-04-16,2023-04-23,2023-04-16,3.94721229132847,4.23959569205181
358,12.646058,45.875186,2023-05-16,22,5,2023,"IT",0,"ITALY","ITH","North-east","ITH4","Friuli-Venezia-Giulia","ITH41","Pordenone","Pasiano di Pordenone",,"CDC-CO2",3,"100-100-25",,,225,225,"Italy",2023-05-31,2023-05-13,45.8747157717777,12.6460334121937,0.524848484848485,0.143220647037441,-0.497975708502024,-0.143220647037441,0.483128623641094,0.21077686363544,-0.427150281457748,-0.21077686363544,0.057714071999124,0.0509361229023875,0.0369845889534786,0.0509361229023875,2023-05-16,45.8747157717777,12.6460334121937,14948,13790,45.8747157717777,12.6460334121937,13896.8,13569,14129.5384615385,13553.8,14533,13856.7142857143,14649.5,13931.8333333333,2023-05-16,45.8502097308228,12.6500578646654,157.201480090735,2023-05-09,2023-05-02,2023-05-09,2023-05-02,58.8168752454221,69.9794939779676
217,12.722005,45.911852,2023-05-16,22,5,2023,"IT",0,"ITALY","ITH","North-east","ITH4","Friuli-Venezia-Giulia","ITH41","Pordenone","Fiume Veneto",,"CDC-CO2",1,84,,,84,84,"Italy",2023-05-31,2023-05-13,45.9106483831425,12.7223902113438,0.334526854219949,0.0249459831074445,-0.357793390580276,-0.0249459831074445,0.364209617114703,0.0563924825432996,-0.376902875198588,-0.0563924825432996,0.115949611421427,0.106502730398966,0.0809694191161886,0.106502730398966,2023-05-16,45.9106483831425,12.7223902113438,14977,13728,45.9106483831425,12.7223902113438,13943.4,13574.75,14125.0769230769,13571.4666666667,14537.4545454545,13865,14676.7777777778,13918.6363636364,2023-05-16,45.950210188251,12.7500583220936,174.56796235306,2023-05-09,2023-05-02,2023-05-09,2023-05-02,69.1850283462554,72.9475758131593
218,12.894505,45.914624,2023-05-16,22,5,2023,"IT",0,"ITALY","ITH","North-east","ITH4","Friuli-Venezia-Giulia","ITH41","Pordenone","San Vito al Tagliamento",,"CDC-CO2",1,50,,,50,50,"Italy",2023-05-31,2023-05-13,45.915139959563,12.8930701153266,0.569532908704883,0.217624047766111,-0.505217612624077,-0.217624047766111,0.469758924576523,0.125402954437142,-0.450416362165467,-0.125402954437142,0.0789583155356687,0.0766383181879142,0.0506241945072026,0.0766383181879142,2023-05-16,45.915139959563,12.8930701153266,14679,14083,45.915139959563,12.8930701153266,13883,13593.1666666667,14114.9230769231,13578.8666666667,14460.4,13853.1428571429,14656.4444444444,13870.1111111111,2023-05-16,45.950210188251,12.8500587795218,172.37775669698,2023-05-09,2023-05-02,2023-05-09,2023-05-02,51.2410299219191,55.2919203275815
211,13.295943,45.893711,2023-05-16,22,5,2023,"IT",0,"ITALY","ITH","North-east","ITH4","Friuli-Venezia-Giulia","ITH42","Udine","Bagnaria Arsa",,"CDC-CO2",1,35,,,35,35,"Italy",2023-05-31,2023-05-13,45.8926820774601,13.2973119931804,0.604899661193641,0.247316183917359,-0.5318407960199,-0.247316183917359,0.5416610997369,0.191636476646817,-0.494012997711984,-0.191636476646817,0.0909457017595417,0.0964922739392829,0.0619684485987326,0.0964922739392829,2023-05-16,45.8926820774601,13.2973119931804,14730,13980,45.8926820774601,13.2973119931804,13883.6666666667,13539.3333333333,14130.7272727273,13596.4,14481.5555555556,13830.8,14560.2727272727,13943.3333333333,2023-05-16,45.8502097308228,13.2500606092345,352.359429362936,2023-05-09,2023-05-02,2023-05-09,2023-05-02,45.2224517352879,50.9163773451
316,13.191821,45.832649,2023-05-16,22,5,2023,"IT",0,"ITALY","ITH","North-east","ITH4","Friuli-Venezia-Giulia","ITH42","Udine","San Giorgio di Nogaro",,"CDC-CO2",1,43,,,43,43,"Italy",2023-05-31,2023-05-13,45.8342915839923,13.1940057355066,0.448002266931142,0.101768003449763,-0.406938325991189,-0.101768003449763,0.453980193939503,0.115127203305335,-0.42315717517182,-0.115127203305335,0.0483598357501717,0.0401659457374636,0.0322874650153788,0.0401659457374636,2023-05-16,45.8342915839923,13.1940057355066,14795,14077,45.8342915839923,13.1940057355066,13979.6,13633.6666666667,14121.5454545455,13595.7857142857,14467.4444444444,13860.2222222222,14565.7,13964.3636363636,2023-05-16,45.8502097308228,13.1500601518063,391.581315099378,2023-05-09,2023-05-02,2023-05-09,2023-05-02,47.83151544258,54.4281295966357
316,13.191821,45.832649,2023-05-16,22,5,2023,"IT",0,"ITALY","ITH","North-east","ITH4","Friuli-Venezia-Giulia","ITH42","Udine","San Giorgio di Nogaro",,"Gravid ",1,10,,,10,10,"Italy",2023-05-31,2023-05-13,45.8342915839923,13.1940057355066,0.448002266931142,0.101768003449763,-0.406938325991189,-0.101768003449763,0.453980193939503,0.115127203305335,-0.42315717517182,-0.115127203305335,0.0483598357501717,0.0401659457374636,0.0322874650153788,0.0401659457374636,2023-05-16,45.8342915839923,13.1940057355066,14795,14077,45.8342915839923,13.1940057355066,13979.6,13633.6666666667,14121.5454545455,13595.7857142857,14467.4444444444,13860.2222222222,14565.7,13964.3636363636,2023-05-16,45.8502097308228,13.1500601518063,391.581315099378,2023-05-09,2023-05-02,2023-05-09,2023-05-02,47.83151544258,54.4281295966357
210,13.085103,45.785864,2023-05-16,22,5,2023,"IT",0,"ITALY","ITH","North-east","ITH4","Friuli-Venezia-Giulia","ITH42","Udine","Palazzolo dello Stella",,"CDC-CO2",3,"100-100-37",,,237,237,"Italy",2023-05-31,2023-05-13,45.7848842433657,13.0862079014123,0.369202226345083,0.076923076923077,-0.368476821192053,-0.076923076923077,0.467040528889083,0.151957374322496,-0.434103941908992,-0.151957374322496,0.15479906794823,0.143847733350544,0.105190604294947,0.143847733350544,2023-05-16,45.7848842433657,13.0862079014123,14756,14264,45.7848842433657,13.0862079014123,13984.4,13609.8,14109.9090909091,13596.9285714286,14374.4545454545,13839.75,14532.1538461538,13923.1428571429,2023-05-16,45.7502092733946,13.0500596943781,341.325040116557,2023-05-09,2023-05-02,2023-05-09,2023-05-02,77.2556371584069,81.9069853194524
212,13.073224,45.93968,2023-05-16,22,5,2023,"IT",0,"ITALY","ITH","North-east","ITH4","Friuli-Venezia-Giulia","ITH42","Udine","Bertiolo",,"CDC-CO2",1,14,,,14,14,"Italy",2023-05-31,2023-05-13,45.937597841666,13.0727331721505,0.369388858842618,0.0332585186696593,-0.386257870243635,-0.0332585186696593,0.225302290010765,0.129095165160732,-0.196318415518654,-0.129095165160732,0.0577098940385624,0.0765853782546767,0.0345654157372651,0.0765853782546767,2023-05-16,45.937597841666,13.0727331721505,15053,14116,45.937597841666,13.0727331721505,13815.6,13588.4,14147.6923076923,13538.1428571429,14490.6,13844,14617.3333333333,13923.7272727273,2023-05-16,45.950210188251,13.0500596943781,251.954118948168,2023-05-09,2023-05-02,2023-05-09,2023-05-02,43.3877256736159,49.9855381716043
401,13.102874,45.659181,2023-05-16,22,5,2023,"IT",0,"ITALY","ITH","North-east","ITH4","Friuli-Venezia-Giulia","ITH42","Udine","Lignano","Sabbiadoro","CDC-CO2",1,26,,,26,26,"Italy",2023-05-31,2023-05-13,45.659120103589,13.1041742070947,0.355328274496866,0.0859106529209622,-0.33636955107352,-0.0859106529209622,0.193353319640694,0.170944121203588,-0.139015183571837,-0.170944121203588,0.29987890700468,0.115696922274827,0.319556230765494,0.115696922274827,2023-05-16,45.659120103589,13.1041742070947,,,45.659120103589,13.1041742070947,,,,,,,,,2023-05-16,45.6502088159665,13.1500601518063,505.483123286661,2023-05-09,2023-05-02,2023-05-09,2023-05-02,59.2567596063018,63.6875924086198
402,13.394527,45.729911,2023-05-16,22,5,2023,"IT",0,"ITALY","ITH","North-east","ITH4","Friuli-Venezia-Giulia","ITH42","Udine","Aquileia",,"CDC-CO2",1,59,,,59,59,"Italy",2023-05-31,2023-05-13,45.7309853263185,13.3961266744335,0.306411323896753,0.122719141323793,-0.254196642685851,-0.122719141323793,0.180616816314501,-0.069949334247888,-0.205712518044958,0.069949334247888,0.00938521579279428,0.018904122774869,0.00195916683852336,0.018904122774869,2023-05-16,45.7309853263185,13.3961266744335,14731,13995,45.7309853263185,13.3961266744335,14049,13675.5,13988,13612.1666666667,14472.125,13884.125,14460.5714285714,13959.7,2023-05-16,45.7502092733946,13.3500610666627,486.108179569885,2023-05-09,2023-05-02,2023-05-09,2023-05-02,60.9103341246955,64.2234076079913
403,13.061359,45.855597,2023-05-16,22,5,2023,"IT",0,"ITALY","ITH","North-east","ITH4","Friuli-Venezia-Giulia","ITH42","Udine","Revignano Teor",,"CDC-CO2",2,"100-41",,,141,141,"Italy",2023-05-31,2023-05-13,45.8567494660953,13.0592584428887,0.189856065798492,-0.119824235254352,-0.261016949152542,0.119824235254352,0.419111021425861,0.0696740362837022,-0.410637599496719,-0.0696740362837022,0.104688498195634,0.0937250063787626,0.067980802258894,0.0937250063787626,2023-05-16,45.8567494660953,13.0592584428887,14677,14083,45.8567494660953,13.0592584428887,13989.75,13608.3333333333,14116.6363636364,13565.0714285714,14463.8888888889,13833.8571428571,14517.4,13927.9166666667,2023-05-16,45.8502097308228,13.0500596943781,259.791941607895,2023-05-09,2023-05-02,2023-05-09,2023-05-02,50.9859743826091,57.8599104247987
214,13.473531,45.788481,2023-05-16,22,5,2023,"IT",0,"ITALY","ITH","North-east","ITH4","Friuli-Venezia-Giulia","ITH43","Gorizia","San Canzian d'Isonzo",,"CDC-CO2",1,57,,,57,57,"Italy",2023-05-31,2023-05-13,45.7893758197863,13.4724834735837,0.302044609665427,-0.0151142355008787,-0.332065604944141,0.0151142355008787,0.413090097341321,0.0668475464103689,-0.392654877070329,-0.0668475464103689,0.125394765087577,0.104505262715713,0.0744060872334,0.104505262715713,2023-05-16,45.7893758197863,13.4724834735837,14753,13876,45.7893758197863,13.4724834735837,13989.2,13555.1428571429,14151.4,13596.1538461538,14380.5,13850.7777777778,14619.2857142857,13940.3333333333,2023-05-16,45.7502092733946,13.4500615240909,578.437513958139,2023-05-09,2023-05-02,2023-05-09,2023-05-02,57.5163134485483,64.1577282298822
162,11.455028,44.963914,2023-05-02,20,5,2023,"IT",0,"ITALY","ITH","North-east","ITH3","Veneto","ITH37","Rovigo","Ficarolo",,"CDC-CO2",1,4,0,,4,4,"Italy",2023-05-17,2023-04-28,44.9629257583963,11.4557656607352,0.54959898691431,0.295570848773602,-0.521973466003317,-0.295570848773602,0.367050719922386,0.131029567701081,-0.367626644243453,-0.131029567701081,0.146435011309756,0.129755566829594,0.114022913925078,0.129755566829594,2023-05-02,44.9629257583963,11.4557656607352,14742,14091,44.9629257583963,11.4557656607352,13909.4,13662.7142857143,14076.9230769231,13558.0666666667,14502,13834,14616.625,13937.4545454545,2023-05-02,44.9502056139692,11.4500523755272,185.827136406253,2023-04-25,2023-04-18,2023-04-25,2023-04-18,66.2883763443679,72.8217765765148
227,11.37895,45.005233,2023-05-02,20,5,2023,"IT",0,"ITALY","ITH","North-east","ITH3","Veneto","ITH37","Rovigo","Ceneselli",,"CDC-CO2",1,21,0,,21,21,"Italy",2023-05-17,2023-04-28,45.0033499461817,11.379408861585,0.358651911468813,0.0915336431602344,-0.360705289672544,-0.0915336431602344,0.644158732893916,0.396481102284067,-0.574969544104185,-0.396481102284067,0.158109610886774,0.169916717587926,0.12099004422286,0.169916717587926,2023-05-02,45.0033499461817,11.379408861585,14287,14302,45.0033499461817,11.379408861585,13967.4285714286,13617.4285714286,14078.2857142857,13565.5,14503.1578947368,13862.7857142857,14625.4444444444,13920,2023-05-02,45.0502060713973,11.350051918099,107.606475402728,2023-04-25,2023-04-18,2023-04-25,2023-04-18,49.5507911976893,58.1920783575042
319,11.610336,44.916966,2023-05-02,20,5,2023,"IT",0,"ITALY","ITH","North-east","ITH3","Veneto","ITH37","Rovigo","Occhiobello",,"CDC-CO2",1,13,0,,13,13,"Italy",2023-05-17,2023-04-28,44.9180099941903,11.6084792590355,,,,,0.353945436034728,0.306660391120745,-0.287747490941523,-0.306660391120745,0.163228459544143,0.121259328229784,0.155474509265187,0.121259328229784,2023-05-02,44.9180099941903,11.6084792590355,14552,14081,44.9180099941903,11.6084792590355,13931.5,13677.1666666667,14101.5454545455,13565.4285714286,14500.0625,13923.0909090909,14689.3571428571,13899.5,2023-05-02,44.9502056139692,11.6500532903836,242.955588938203,2023-04-25,2023-04-18,2023-04-25,2023-04-18,97.4621744074393,108.343244740041
349,11.50945,45.073324,2023-05-02,20,5,2023,"IT",0,"ITALY","ITH","North-east","ITH3","Veneto","ITH37","Rovigo","Badia Polesine",,"CDC-CO2",1,7,0,,7,7,"Italy",2023-05-17,2023-04-28,45.0752151689112,11.5096645777824,0.550540216086435,0.298873692679002,-0.498375870069606,-0.298873692679002,0.493935541723903,0.275911841997094,-0.46157783819404,-0.275911841997094,0.122213153155028,0.094010245541796,0.0991383855516749,0.094010245541796,2023-05-02,45.0752151689112,11.5096645777824,14686,14088,45.0752151689112,11.5096645777824,13985,13653.3333333333,14015.4,13568.1538461538,14530.8823529412,13881,14587.8823529412,13901.6666666667,2023-05-02,45.0502060713973,11.5500528329554,163.900174571048,2023-04-25,2023-04-18,2023-04-25,2023-04-18,73.6669284214731,86.8803839415778
350,11.640704,45.063327,2023-05-02,20,5,2023,"IT",0,"ITALY","ITH","North-east","ITH3","Veneto","ITH37","Rovigo","Villanova del Ghebbo",,"CDC-CO2",1,6,0,,6,6,"Italy",2023-05-17,2023-04-28,45.0617404396494,11.6399202939797,0.506408645388289,0.202648475120385,-0.445382204002894,-0.202648475120385,0.502543994139675,0.227530454336594,-0.448937214433163,-0.227530454336594,0.136321465318307,0.14329887005271,0.0992478089351496,0.14329887005271,2023-05-02,45.0617404396494,11.6399202939797,14756,14268,45.0617404396494,11.6399202939797,13993.8,13675.6,14022.7777777778,13581.2142857143,14490.9411764706,13844.4545454545,14587.2,13938.1666666667,2023-05-02,45.0502060713973,11.6500532903836,166.891501252481,2023-04-25,2023-04-18,2023-04-25,2023-04-18,78.3889956316561,86.1406993037672
195,10.842836,45.26645,2023-05-02,20,5,2023,"IT",0,"ITALY","ITH","North-east","ITH3","Veneto","ITH31","Verona","Nogarole Rocca",,"CDC-CO2",1,78,0,,78,78,"Italy",2023-05-17,2023-04-28,45.2683529549969,10.8449112675339,0.241792600312663,-0.025357873210634,-0.258848388800845,0.025357873210634,0.276258948056024,0.0295019625468857,-0.291885771910042,-0.0295019625468857,0.112348930160388,0.127931434078883,0.0754788626343152,0.127931434078883,2023-05-02,45.2683529549969,10.8449112675339,14614,14292,45.2683529549969,10.8449112675339,13889.5,13668,14134.6,13579.4666666667,14611.5,13918.7647058824,14782.8461538462,14017.4444444444,2023-05-02,45.2502069862537,10.8500496309581,63.024753292113,2023-04-25,2023-04-18,2023-04-25,2023-04-18,36.6044283767696,49.4458763905568
320,11.247569,45.337162,2023-05-02,20,5,2023,"IT",0,"ITALY","ITH","North-east","ITH3","Veneto","ITH31","Verona","Ronco all'Adige",,"CDC-CO2",1,6,0,,6,6,"Italy",2023-05-17,2023-04-28,45.3357266013059,11.2491531453877,0.441606886657102,0.194484070375654,-0.37719298245614,-0.194484070375654,0.436325162302354,0.199991966697861,-0.404307565586668,-0.199991966697861,0.132534429755947,0.112790167694801,0.102131158816375,0.112790167694801,2023-05-02,45.3357266013059,11.2491531453877,14688,14138,45.3357266013059,11.2491531453877,13924.7777777778,13659.6,14086.0909090909,13627.25,14557.8823529412,13937.0909090909,14689.4375,14014.5,2023-05-02,45.3502074436819,11.2500514606708,77.0854756524059,2023-04-25,2023-04-18,2023-04-25,2023-04-18,41.6235219351074,49.1554532673035
320,11.247569,45.337162,2023-05-02,20,5,2023,"IT",0,"ITALY","ITH","North-east","ITH3","Veneto","ITH31","Verona","Ronco all'Adige",,"Gravid ",0,0,0,,0,0,"Italy",2023-05-17,2023-04-28,45.3357266013059,11.2491531453877,0.441606886657102,0.194484070375654,-0.37719298245614,-0.194484070375654,0.436325162302354,0.199991966697861,-0.404307565586668,-0.199991966697861,0.132534429755947,0.112790167694801,0.102131158816375,0.112790167694801,2023-05-02,45.3357266013059,11.2491531453877,14688,14138,45.3357266013059,11.2491531453877,13924.7777777778,13659.6,14086.0909090909,13627.25,14557.8823529412,13937.0909090909,14689.4375,14014.5,2023-05-02,45.3502074436819,11.2500514606708,77.0854756524059,2023-04-25,2023-04-18,2023-04-25,2023-04-18,41.6235219351074,49.1554532673035
321,11.000028,45.234662,2023-05-02,20,5,2023,"IT",0,"ITALY","ITH","North-east","ITH3","Veneto","ITH31","Verona","Erbè",,"CDC-CO2",1,17,0,,17,17,"Italy",2023-05-17,2023-04-28,45.2324203436322,11.0021164422548,0.41380846325167,0.233819241982507,-0.41003998223012,-0.233819241982507,0.417173134257842,0.187340071916283,-0.384380649231109,-0.187340071916283,0.0823579050330193,0.0862785254626747,0.0657570324761094,0.0862785254626747,2023-05-02,45.2324203436321,11.0021164422548,14763,14291,45.2324203436321,11.0021164422548,13884.3333333333,13623,14082.8333333333,13596.7857142857,14554.8125,13954.6923076923,14713.2777777778,14014,2023-05-02,45.2502069862537,10.9500500883863,57.4287696814281,2023-04-25,2023-04-18,2023-04-25,2023-04-18,41.9451123641338,44.2498641730053
379,11.130067,45.292435,2023-05-02,20,5,2023,"IT",0,"ITALY","ITH","North-east","ITH3","Veneto","ITH31","Verona","Oppeano",,"CDC-CO2",0,0,0,,0,0,"Italy",2023-05-17,2023-04-28,45.2908108370999,11.1278805820315,0.256103178258867,-0.0516431924882629,-0.304472614207127,0.0516431924882629,0.288977827584977,0.0626162757162981,-0.31642245404267,-0.0626162757162981,0.112986872017912,0.0998547963614196,0.0769160111704398,0.0998547963614196,2023-05-02,45.2908108370999,11.1278805820315,14652,14322,45.2908108370999,11.1278805820315,13937.125,13602,14086.1818181818,13601.4375,14607,13802.9285714286,14765.9285714286,13995.9,2023-05-02,45.2502069862537,11.1500510032426,62.6277357701765,2023-04-25,2023-04-18,2023-04-25,2023-04-18,34.0195670669054,39.9669276274362
381,10.791083,45.332144,2023-05-02,20,5,2023,"IT",0,"ITALY","ITH","North-east","ITH3","Veneto","ITH31","Verona","Villafranca Veronese",,"CDC-CO2",1,27,0,,27,27,"Italy",2023-05-17,2023-04-28,45.3312350248853,10.7910123504867,0.333333333333333,0.0437514022885349,-0.328763210511282,-0.0437514022885349,0.421547572567167,0.120114380517878,-0.40972336796975,-0.120114380517878,0.0764439986362249,0.0724267485024228,0.057029082946285,0.0724267485024228,2023-05-02,45.3312350248853,10.7910123504867,14688,14260,45.3312350248853,10.7910123504867,13979.7142857143,13672.8333333333,14134.2727272727,13590.3846153846,14593.7647058824,13907.6,14761.5294117647,14003.0909090909,2023-05-02,45.3502074436819,10.7500491735299,58.7387550920976,2023-04-25,2023-04-18,2023-04-25,2023-04-18,36.9985986420652,44.3740661328193
399,10.8808,45.4572,2023-05-02,20,5,2023,"IT",0,"ITALY","ITH","North-east","ITH3","Veneto","ITH31","Verona","Verona",,"CDC-CO2",1,9,0,,9,9,"Italy",2023-05-17,2023-04-28,45.4569991646621,10.8808438788987,0.451815329448678,0.178675400291121,-0.411636522118109,-0.178675400291121,0.352091769710287,0.101669668586469,-0.332762100331487,-0.101669668586469,0.0831922376808451,0.0551776980802093,0.0653755551997245,0.0551776980802093,2023-05-02,45.456999164662,10.8808438788987,14791,14252,45.456999164662,10.8808438788987,14019.8333333333,13612.1666666667,14143.0909090909,13659.9411764706,14620.6,13912.6,14802,13980.875,2023-05-02,45.4502079011101,10.8500496309581,54.7113590694134,2023-04-25,2023-04-18,2023-04-25,2023-04-18,29.985267279204,45.5102477497494
399,10.8808,45.4572,2023-05-02,20,5,2023,"IT",0,"ITALY","ITH","North-east","ITH3","Veneto","ITH31","Verona","Verona",,"Gravid ",1,17,0,,17,17,"Italy",2023-05-17,2023-04-28,45.4569991646621,10.8808438788987,0.451815329448678,0.178675400291121,-0.411636522118109,-0.178675400291121,0.352091769710287,0.101669668586469,-0.332762100331487,-0.101669668586469,0.0831922376808451,0.0551776980802093,0.0653755551997245,0.0551776980802093,2023-05-02,45.456999164662,10.8808438788987,14791,14252,45.456999164662,10.8808438788987,14019.8333333333,13612.1666666667,14143.0909090909,13659.9411764706,14620.6,13912.6,14802,13980.875,2023-05-02,45.4502079011101,10.8500496309581,54.7113590694134,2023-04-25,2023-04-18,2023-04-25,2023-04-18,29.985267279204,45.5102477497494
339,11.378061,45.491496,2023-05-02,20,5,2023,"IT",0,"ITALY","ITH","North-east","ITH3","Veneto","ITH32","Vicenza","Montorso Vicentino",,"CDC-CO2",1,50,0,,50,50,"Italy",2023-05-17,2023-04-28,45.4929317760268,11.379408861585,0.559220389805097,0.346104064198809,-0.473505242278266,-0.346104064198809,0.419881136133222,0.219561586708664,-0.381308398822976,-0.219561586708664,0.125782643731479,0.110778996525159,0.0917265946790598,0.110778996525159,2023-05-02,45.4929317760268,11.379408861585,14997,14198,45.4929317760268,11.379408861585,14082.0909090909,13692.6666666667,14196.75,13663.3125,14627.9285714286,13925,14811.9285714286,14020.875,2023-05-02,45.4502079011101,11.350051918099,87.3580400824576,2023-04-25,2023-04-18,2023-04-25,2023-04-18,48.0746824108064,51.922525028931
342,11.483487,45.179494,2023-05-07,21,5,2023,"IT",0,"ITALY","ITH","North-east","ITH3","Veneto","ITH36","Padova","Casale di Scodosia",,"CDC-CO2",2,"100-54",0,,154,154,"Italy",2023-05-22,2023-05-03,45.178521426585,11.4827151192588,0.510572460030944,0.188958798457479,-0.449282533399307,-0.188958798457479,0.411378022229953,0.177396112760634,-0.390480476475388,-0.177396112760634,0.104289093290013,0.0895985412665293,0.0723842810361753,0.0895985412665293,2023-05-07,45.178521426585,11.4827151192588,14987,14305,45.178521426585,11.4827151192588,13923.5,13654.3333333333,14068.9090909091,13548.9230769231,14582.2941176471,13897.9090909091,14631.0588235294,13939.7272727273,2023-05-07,45.1502065288255,11.4500523755272,97.1118065184855,2023-04-30,2023-04-23,2023-04-30,2023-04-23,49.9707459448837,50.9226400441839
9,12.049587,44.986146,2023-05-07,21,5,2023,"IT",0,"ITALY","ITH","North-east","ITH3","Veneto","ITH37","Rovigo","Papozze",,"CDC-CO2",1,35,0,,35,35,"Italy",2023-05-22,2023-05-03,44.9853836404993,12.0486537482541,0.174628989632039,-0.0913665670702941,-0.231720315497762,0.0913665670702941,0.457837208504978,0.200656533267496,-0.422235514104874,-0.200656533267496,0.18977479895682,0.192084605328513,0.12449738932947,0.192084605328513,2023-05-07,44.9853836404993,12.0486537482541,14866,14206,44.9853836404993,12.0486537482541,13983,13679.8,14083.125,13570.1666666667,14440.5714285714,13911.8461538462,14656.625,13894.1,2023-05-07,44.9502056139692,12.0500551200963,368.732466149755,2023-04-30,2023-04-23,2023-04-30,2023-04-23,81.1861099610105,81.5966958017089
235,12.264539,45.04901,2023-05-07,21,5,2023,"IT",0,"ITALY","ITH","North-east","ITH3","Veneto","ITH37","Rovigo","Porto Viro",,"CDC-CO2",3,"100-100-73",0,,273,273,"Italy",2023-05-22,2023-05-03,45.0482657103876,12.2642494164428,0.202534510070152,-0.0642718788519106,-0.242169237961664,0.0642718788519106,0.294871928146825,0.0521615204179951,-0.307364394677867,-0.0521615204179951,0.125487821787284,0.128415276896045,0.0922117399211448,0.128415276896045,2023-05-07,45.0482657103876,12.2642494164428,14733,14217,45.0482657103876,12.2642494164428,14064,13779.5,14104.5,13582.5,14481.8666666667,13883.25,14678.3529411765,13938.2,2023-05-07,45.0502060713973,12.2500560349527,346.595545686025,2023-04-30,2023-04-23,2023-04-30,2023-04-23,63.3647296898998,63.8703521532007
383,12.450199,44.902272,2023-05-07,21,5,2023,"IT",0,"ITALY","ITH","North-east","ITH3","Veneto","ITH37","Rovigo","Porto Tolle",,"CDC-CO2",2,"100-73",0,,173,173,"Italy",2023-05-22,2023-05-03,44.9000436885079,12.4484040496874,0.576779955346068,0.277587939698492,-0.507232629831634,-0.277587939698492,0.508046538151072,0.247599570037688,-0.463080395071418,-0.247599570037688,0.21397818224136,0.2158815507359,0.164230766945191,0.2158815507359,2023-05-07,44.9000436885079,12.4484040496874,14932,14240,44.9000436885079,12.4484040496874,13991.1111111111,13734.5,14062.1,13678.2,14360.0714285714,13966.1666666667,14662.5555555556,14059.6666666667,2023-05-07,44.9502056139692,12.450056949809,346.416435609746,2023-04-30,2023-04-23,2023-04-30,2023-04-23,56.1401380039752,56.6345007326454
396,12.079125,45.054087,2023-05-07,21,5,2023,"IT",0,"ITALY","ITH","North-east","ITH3","Veneto","ITH37","Rovigo","Adria",,"CDC-CO2",1,47,0,,47,47,"Italy",2023-05-22,2023-05-03,45.0527572868082,12.0800947831983,0.71771523178808,0.427834164803028,-0.626494219086812,-0.427834164803028,0.609020762273053,0.339971881646231,-0.522374127830192,-0.339971881646231,0.169755097648309,0.150582289867949,0.150482457868387,0.150582289867949,2023-05-07,45.0527572868082,12.0800947831983,14871,14210,45.0527572868082,12.0800947831983,13965.3333333333,13692.8,14067.625,13595.5384615385,14445.5,13874.4615384615,14640.4,13921.8888888889,2023-05-07,45.0502060713973,12.0500551200963,356.927143843001,2023-04-30,2023-04-23,2023-04-30,2023-04-23,84.5027213227004,84.9650632190751
375,11.549733,45.288584,2023-05-07,21,5,2023,"IT",0,"ITALY","ITH","North-east","ITH3","Veneto","ITH32","Vicenza","Noventa Vicentina",,"CDC-CO2",1,10,0,,10,10,"Italy",2023-05-22,2023-05-03,45.2908108370999,11.5500887655678,0.306352459016393,0.0480887792848335,-0.3103802672148,-0.0480887792848335,0.374262774228292,0.112683823117526,-0.368896587361635,-0.112683823117526,0.0751641394914879,0.0702909013123477,0.0624576709876092,0.0702909013123477,2023-05-07,45.2908108370999,11.5500887655678,14908,14105,45.2908108370999,11.5500887655678,14017.7142857143,13687.3333333333,14117.5,13594.7857142857,14595.5625,13945,14794.1333333333,13956.4545454545,2023-05-07,45.2502069862537,11.5500528329554,116.788634578348,2023-04-30,2023-04-23,2023-04-30,2023-04-23,67.2939275922254,72.0961375639308
393,11.595169,45.387761,2023-05-07,21,5,2023,"IT",0,"ITALY","ITH","North-east","ITH3","Veneto","ITH32","Vicenza","Barbarano Mossano",,"CDC-CO2",1,49,0,,49,49,"Italy",2023-05-22,2023-05-03,45.3896255183531,11.5950045297737,0.416689026026295,0.144839549002602,-0.394611727416799,-0.144839549002602,0.358431414431098,0.115451956421104,-0.358407695198095,-0.115451956421104,0.0967725350312026,0.101392119764103,0.0674346340734183,0.101392119764103,2023-05-07,45.3896255183531,11.5950045297737,14867,14112,45.3896255183531,11.5950045297737,13941.1111111111,13660.1666666667,14088.4,13583.4375,14516.4375,13945.3333333333,14686.25,13943.9,2023-05-07,45.3502074436819,11.5500528329554,134.465603574208,2023-04-30,2023-04-23,2023-04-30,2023-04-23,78.0542150400579,81.0628826185421
369,12.283716,45.198981,2023-05-07,21,5,2023,"IT",0,"ITALY","ITH","North-east","ITH3","Veneto","ITH35","Venezia","Chioggia",,"CDC-CO2",1,6,0,,6,6,"Italy",2023-05-22,2023-05-03,45.200979308688,12.2822157221252,0.212641703881828,0.0376249265138154,-0.163480553724456,-0.0376249265138154,0.159034110033924,0.0163160127878762,-0.136340404593082,-0.0163160127878762,0.136903180350541,0.104477558556287,0.198632127484296,0.104477558556287,2023-05-07,45.200979308688,12.2822157221252,14773,14232,45.200979308688,12.2822157221252,13947.6,13854.6,14001.875,13761.8461538462,14253.3076923077,14028.2222222222,14551.8571428571,14160.5,2023-05-07,45.1502065288255,12.2500560349527,336.942856460955,2023-04-30,2023-04-23,2023-04-30,2023-04-23,60.8751716539264,64.3958647884138
369,12.283716,45.198981,2023-05-07,21,5,2023,"IT",0,"ITALY","ITH","North-east","ITH3","Veneto","ITH35","Venezia","Chioggia",,"Gravid ",1,21,0,,21,21,"Italy",2023-05-22,2023-05-03,45.200979308688,12.2822157221252,0.212641703881828,0.0376249265138154,-0.163480553724456,-0.0376249265138154,0.159034110033924,0.0163160127878762,-0.136340404593082,-0.0163160127878762,0.136903180350541,0.104477558556287,0.198632127484296,0.104477558556287,2023-05-07,45.200979308688,12.2822157221252,14773,14232,45.200979308688,12.2822157221252,13947.6,13854.6,14001.875,13761.8461538462,14253.3076923077,14028.2222222222,14551.8571428571,14160.5,2023-05-07,45.1502065288255,12.2500560349527,336.942856460955,2023-04-30,2023-04-23,2023-04-30,2023-04-23,60.8751716539264,64.3958647884138
385,12.123522,45.139014,2023-05-07,21,5,2023,"IT",0,"ITALY","ITH","North-east","ITH3","Veneto","ITH35","Venezia","Cavarzere",,"CDC-CO2",1,18,0,,18,18,"Italy",2023-05-22,2023-05-03,45.1380972387996,12.1250105474043,0.263101316850309,0.00556268720581941,-0.293696669419213,-0.00556268720581941,0.369939216389873,0.209613964066971,-0.317254251080035,-0.209613964066971,0.07460659340392,0.0630223545844188,0.0715719433775559,0.0630223545844188,2023-05-07,45.1380972387996,12.1250105474043,14674,14317,45.1380972387996,12.1250105474043,13976.1428571429,13684.7142857143,14047.1111111111,13605.6153846154,14485.4166666667,13906.75,14753.2307692308,13959.2222222222,2023-05-07,45.1502065288255,12.1500555775245,344.854069657624,2023-04-30,2023-04-23,2023-04-30,2023-04-23,65.5103105828166,69.1944353880826
165,11.210249,45.157135,2023-05-07,21,5,2023,"IT",0,"ITALY","ITH","North-east","ITH3","Veneto","ITH31","Verona","Casaleone",,"CDC-CO2",2,"100-7",0,,107,107,"Italy",2023-05-22,2023-05-03,45.156063544482,11.2087289576023,0.487958849660977,0.185102420856611,-0.447679708826206,-0.185102420856611,0.433242106490222,0.146327242217535,-0.414428218466225,-0.146327242217535,0.13396296948565,0.115490462509138,0.074283098025807,0.115490462509138,2023-05-07,45.156063544482,11.2087289576023,15072,14301,45.156063544482,11.2087289576023,13958.5,13670.8,14096.5,13585.4,14606.3888888889,13921.3636363636,14734,13974.4444444444,2023-05-07,45.1502065288255,11.2500514606708,79.810671149884,2023-04-30,2023-04-23,2023-04-30,2023-04-23,40.2280253188219,46.2514526571613
337,11.34443,45.243415,2023-05-07,21,5,2023,"IT",0,"ITALY","ITH","North-east","ITH3","Veneto","ITH31","Verona","Minerbe",,"CDC-CO2",1,29,0,,29,29,"Italy",2023-05-22,2023-05-03,45.2414034964734,11.3434762502202,0.350713501646542,0.0649069666810904,-0.333152762730228,-0.0649069666810904,0.426967256243605,0.160344777128852,-0.400428516225346,-0.160344777128852,0.0925880588989952,0.0968231834733992,0.0686849164808429,0.0968231834733992,2023-05-07,45.2414034964734,11.3434762502202,14703,14281,45.2414034964734,11.3434762502202,13976.7142857143,13655.1666666667,14014.5454545455,13608.5333333333,14558.9375,13955.3333333333,14694.5625,13982.5454545455,2023-05-07,45.2502069862537,11.350051918099,82.1943531969591,2023-04-30,2023-04-23,2023-04-30,2023-04-23,48.166332910303,48.9298315672204
380,11.348957,45.142783,2023-05-07,21,5,2023,"IT",0,"ITALY","ITH","North-east","ITH3","Veneto","ITH31","Verona","Villa Bartolomea",,"CDC-CO2",2,"100-7",0,,107,107,"Italy",2023-05-22,2023-05-03,45.1425888152202,11.3479678266408,0.526753864447087,0.308601712189156,-0.491635687732342,-0.308601712189156,0.369888142545246,0.135402915572375,-0.370713935520405,-0.135402915572375,0.12439045108799,0.110362474367604,0.0896995456694931,0.110362474367604,2023-05-07,45.1425888152202,11.3479678266408,14843,14111,45.1425888152202,11.3479678266408,13887.6,13638.2,14033.1,13599.2857142857,14526.2105263158,13899.5,14676.25,13980.8181818182,2023-05-07,45.1502065288255,11.350051918099,91.1769831149723,2023-04-30,2023-04-23,2023-04-30,2023-04-23,49.1769645581953,51.7321820561774
325,11.828016,45.212872,2023-05-09,21,5,2023,"IT",0,"ITALY","ITH","North-east","ITH3","Veneto","ITH36","Padova","Tribano",,"CDC-CO2",1,81,0,,81,81,"Italy",2023-05-24,2023-05-08,45.2144540379498,11.8285665036448,0.431533269045323,0.146996329920804,-0.407776197249881,-0.146996329920804,0.419773588468187,0.151454130062963,-0.399318737205213,-0.151454130062963,0.152560154124518,0.141714674715438,0.117305708312562,0.141714674715438,2023-05-09,45.2144540379498,11.8285665036448,14863,14109,45.2144540379498,11.8285665036448,13985.8571428571,13665,14052.1111111111,13539.3846153846,14521.4615384615,13894.2727272727,14667.3333333333,13942.5833333333,2023-05-09,45.2502069862537,11.8500542052399,227.902038751577,2023-05-02,2023-04-25,2023-05-02,2023-04-25,35.6466648448259,118.908302431926
390,11.832971,45.340596,2023-05-09,21,5,2023,"IT",0,"ITALY","ITH","North-east","ITH3","Veneto","ITH36","Padova","Albignasego",,"CDC-CO2",3,"100-100-35",0,,235,235,"Italy",2023-05-24,2023-05-08,45.3402181777265,11.8330580800654,0.370638876302673,0.163237838877139,-0.358329591378536,-0.163237838877139,0.340544445463764,0.119614745885965,-0.331928466720132,-0.119614745885965,0.076738466548686,0.0630594609246945,0.0571169622561016,0.0630594609246945,2023-05-09,45.3402181777265,11.8330580800654,14889,14122,45.3402181777265,11.8330580800654,14016.3333333333,13670.5,14073.1111111111,13571.2307692308,14529.5714285714,13901.8333333333,14706,13969.2222222222,2023-05-09,45.3502074436819,11.8500542052399,241.402432658477,2023-05-02,2023-04-25,2023-05-02,2023-04-25,24.9219924807549,120.579616137082
400,11.80041,45.405474,2023-05-08,21,5,2023,"IT",0,"ITALY","ITH","North-east","ITH3","Veneto","ITH36","Padova","Selvazzano Dentro",,"CDC-CO2",8,"100-100-100-100-100-100-100-12",0,,712,712,"Italy",2023-05-23,2023-05-08,45.4075918240355,11.8016170451212,0.574593128390597,0.31906835826548,-0.507792207792208,-0.31906835826548,0.463509013991662,0.21235001398933,-0.431666051453879,-0.21235001398933,0.087736949618362,0.0755090080024236,0.0590054134501191,0.0755090080024236,2023-05-08,45.4075918240355,11.8016170451212,14716,14152,45.4075918240355,11.8016170451212,13969.6666666667,13703.5714285714,14054,13594.5714285714,14476.1333333333,13901.6923076923,14699.7857142857,13978.4444444444,2023-05-08,45.4502079011101,11.8500542052399,158.223387261853,2023-05-01,2023-04-24,2023-05-01,2023-04-24,58.8734330032021,117.977644130122
374,11.649377,45.743659,2023-05-09,21,5,2023,"IT",0,"ITALY","ITH","North-east","ITH3","Veneto","ITH32","Vicenza","Marostica",,"CDC-CO2",1,3,0,,3,3,"Italy",2023-05-24,2023-05-08,45.7444600555803,11.6489034468209,,,,,,,,,,,,,2023-05-09,45.7444600555803,11.6489034468209,14766,14036,45.7444600555803,11.6489034468209,14072,13660.1428571429,14140.3076923077,13713.3846153846,14495.7692307692,13920.7777777778,14621.625,13980,2023-05-09,45.7502092733946,11.6500532903836,132.11038267496,2023-05-02,2023-04-25,2023-05-02,2023-04-25,69.4399061799049,108.581844363478
374,11.649377,45.743659,2023-05-09,21,5,2023,"IT",0,"ITALY","ITH","North-east","ITH3","Veneto","ITH32","Vicenza","Marostica",,"Gravid ",0,0,0,,0,0,"Italy",2023-05-24,2023-05-08,45.7444600555803,11.6489034468209,,,,,,,,,,,,,2023-05-09,45.7444600555803,11.6489034468209,14766,14036,45.7444600555803,11.6489034468209,14072,13660.1428571429,14140.3076923077,13713.3846153846,14495.7692307692,13920.7777777778,14621.625,13980,2023-05-09,45.7502092733946,11.6500532903836,132.11038267496,2023-05-02,2023-04-25,2023-05-02,2023-04-25,69.4399061799049,108.581844363478
6,12.139038,45.36125,2023-05-09,21,5,2023,"IT",0,"ITALY","ITH","North-east","ITH3","Veneto","ITH35","Venezia","Campagna Lupia",,"CDC-CO2",5,"100-100-100-100-9",0,,409,409,"Italy",2023-05-24,2023-05-08,45.3626760598295,12.1384852766661,0.400337837837838,0.13406292749658,-0.340339531123686,-0.13406292749658,0.302315572602236,0.0886320640386236,-0.277986050086149,-0.0886320640386236,0.0686464566991901,0.0464585679188475,0.0667939386478099,0.0464585679188475,2023-05-09,45.3626760598295,12.1384852766661,14733,14288,45.3626760598295,12.1384852766661,13975.8571428571,13689.5714285714,14019.7,13596.4615384615,14587.2857142857,13936.8181818182,14637.1333333333,14077.1111111111,2023-05-09,45.3502074436819,12.1500555775245,270.219922924705,2023-05-02,2023-04-25,2023-05-02,2023-04-25,55.5371976085007,131.072918948252
392,12.223217,45.510817,2023-05-09,21,5,2023,"IT",0,"ITALY","ITH","North-east","ITH3","Veneto","ITH35","Venezia","Venezia",,"CDC-CO2",2,"100-20",0,,120,120,"Italy",2023-05-24,2023-05-08,45.5108980817092,12.2238252286575,0.219080262782062,0.132997079904433,-0.187204450625869,-0.132997079904433,0.294389945309649,0.162224060373565,-0.256725029082125,-0.162224060373565,0.10223210421057,0.0680416714732944,0.0864305138649678,0.0680416714732944,2023-05-09,45.5108980817092,12.2238252286575,14956,14331,45.5108980817092,12.2238252286575,14016,13650.4,14088.1818181818,13639,14611.1818181818,13982.75,14707.8333333333,14025.25,2023-05-09,45.5502083585383,12.2500560349527,137.939437446068,2023-05-02,2023-04-25,2023-05-02,2023-04-25,25.1818650346249,83.2335143033997
314,12.260767,45.594461,2023-05-09,21,5,2023,"IT",0,"ITALY","ITH","North-east","ITH3","Veneto","ITH34","Treviso","Preganziol",,"CDC-CO2",2,"100-13",0,,113,113,"Italy",2023-05-24,2023-05-08,45.5962380337006,12.2597578400222,,,,,0.350328674839455,0.144375533945016,-0.306165398258572,-0.144375533945016,0.0698091543816719,0.0540963755934881,0.0412906120421134,0.0540963755934881,2023-05-09,45.5962380337006,12.2597578400222,14858,14312,45.5962380337006,12.2597578400222,13969.8571428571,13618.2,14086.6923076923,13561.0714285714,14521.25,13907,14621.3571428571,13945.6666666667,2023-05-09,45.5502083585383,12.2500560349527,137.939437446068,2023-05-02,2023-04-25,2023-05-02,2023-04-25,25.1818650346249,83.2335143033997
353,11.910472,45.725139,2023-05-09,21,5,2023,"IT",0,"ITALY","ITH","North-east","ITH3","Veneto","ITH34","Treviso","Riese Pio X",,"CDC-CO2",1,34,0,,34,34,"Italy",2023-05-24,2023-05-08,45.7264937498979,11.9094148792156,0.389626933575978,0.121127587725738,-0.380582173205569,-0.121127587725738,0.401073349888533,0.0952110186296936,-0.39137221794254,-0.0952110186296936,0.109899245763365,0.102420229236133,0.0815958135669197,0.102420229236133,2023-05-09,45.7264937498979,11.9094148792156,14872,14117,45.7264937498979,11.9094148792156,14007.1428571429,13594,14125.7857142857,13559.8,14513.0666666667,13833.5,14688.0909090909,13960.2,2023-05-09,45.7502092733946,11.9500546626681,83.3330146505323,2023-05-02,2023-04-25,2023-05-02,2023-04-25,17.089232718572,56.6350316379103
354,12.089294,45.737439,2023-05-09,21,5,2023,"IT",0,"ITALY","ITH","North-east","ITH3","Veneto","ITH34","Treviso","Trevignano",,"CDC-CO2",1,46,0,,46,46,"Italy",2023-05-24,2023-05-08,45.7354769027391,12.0890779360395,0.317410433689503,0.223584354932866,-0.293028994447872,-0.223584354932866,0.324953447189707,0.223725115899502,-0.298259448770587,-0.223725115899502,0.0480739415947102,0.045125289767525,0.0373815120929152,0.045125289767525,2023-05-09,45.7354769027391,12.0890779360395,14943,14105,45.7354769027391,12.0890779360395,13991.375,13593,14157,13586.1333333333,14555.8666666667,13935.375,14761,13913,2023-05-09,45.7502092733946,12.0500551200963,69.3536270493641,2023-05-02,2023-04-25,2023-05-02,2023-04-25,12.3080257587135,48.8475595130585
361,12.255492,45.700641,2023-05-09,21,5,2023,"IT",0,"ITALY","ITH","North-east","ITH3","Veneto","ITH34","Treviso","Villorba",,"CDC-CO2",1,2,0,,2,2,"Italy",2023-05-24,2023-05-08,45.6995442913743,12.2552662636016,0.378466557911909,0.0854206807964033,-0.350199733688415,-0.0854206807964033,0.417292644850227,0.107312073303009,-0.380922976472802,-0.107312073303009,0.062494702491632,0.0491526050373993,0.0436809669276009,0.0491526050373993,2023-05-09,45.6995442913743,12.2552662636016,14939,14120,45.6995442913743,12.2552662636016,14009.5714285714,13616,14121.6666666667,13573.1428571429,14491.75,13976,14712.4545454545,13925.1666666667,2023-05-09,45.7502092733946,12.2500560349527,73.1525902883441,2023-05-02,2023-04-25,2023-05-02,2023-04-25,24.0369266779162,60.0319130357821
378,11.683377,45.207218,2023-05-09,21,5,2023,"IT",0,"ITALY","ITH","North-east","ITH3","Veneto","ITH37","Rovigo","Este","Deserto","CDC-CO2",1,2,0,,2,2,"Italy",2023-05-24,2023-05-08,45.2054708851086,11.6848360581857,0.583594800537875,0.315583690188047,-0.518916595012898,-0.315583690188047,0.474382265885136,0.218330086669725,-0.441251618079492,-0.218330086669725,0.121934065247572,0.110379986265062,0.0858526718292072,0.110379986265062,2023-05-09,45.2054708851086,11.6848360581857,14606,14085,45.2054708851086,11.6848360581857,13955.875,13649.2,14049.75,13581.4285714286,14449.5333333333,13897.5555555556,14670.8,13972.4166666667,2023-05-09,45.2502069862537,11.6500532903836,155.664250613219,2023-05-02,2023-04-25,2023-05-02,2023-04-25,26.5038360971957,106.048395422287
387,11.771234,45.070988,2023-05-09,21,5,2023,"IT",0,"ITALY","ITH","North-east","ITH3","Veneto","ITH37","Rovigo","Rovigo",,"CDC-CO2",2,"102-4",0,,106,106,"Italy",2023-05-24,2023-05-08,45.0707235924906,11.7701760101771,0.617831074035454,0.352069716775599,-0.53689945517583,-0.352069716775599,0.56770728581105,0.286177348500621,-0.494596899402478,-0.286177348500621,0.118830220066436,0.127055117992656,0.0898419797389518,0.127055117992656,2023-05-09,45.0707235924906,11.7701760101771,14976,14297,45.0707235924906,11.7701760101771,13990.7142857143,13746.6666666667,14073.25,13600.7857142857,14523.8,13920,14774,14028.4444444444,2023-05-09,45.0502060713973,11.7500537478117,214.65708845765,2023-05-02,2023-04-25,2023-05-02,2023-04-25,19.5144809931517,94.1228855929803
387,11.771234,45.070988,2023-05-09,21,5,2023,"IT",0,"ITALY","ITH","North-east","ITH3","Veneto","ITH37","Rovigo","Rovigo",,"Gravid ",1,2,0,,2,2,"Italy",2023-05-24,2023-05-08,45.0707235924906,11.7701760101771,0.617831074035454,0.352069716775599,-0.53689945517583,-0.352069716775599,0.56770728581105,0.286177348500621,-0.494596899402478,-0.286177348500621,0.118830220066436,0.127055117992656,0.0898419797389518,0.127055117992656,2023-05-09,45.0707235924906,11.7701760101771,14976,14297,45.0707235924906,11.7701760101771,13990.7142857143,13746.6666666667,14073.25,13600.7857142857,14523.8,13920,14774,14028.4444444444,2023-05-09,45.0502060713973,11.7500537478117,214.65708845765,2023-05-02,2023-04-25,2023-05-02,2023-04-25,19.5144809931517,94.1228855929803
388,11.790342,44.975883,2023-05-09,21,5,2023,"IT",0,"ITALY","ITH","North-east","ITH3","Veneto","ITH37","Rovigo","Guarda Veneta",,"CDC-CO2",1,44,0,,44,44,"Italy",2023-05-24,2023-05-08,44.9764004876581,11.7881423158595,0.357315306615162,0.112606372452009,-0.354372440375813,-0.112606372452009,0.458898148800147,0.237478546018086,-0.401186172201485,-0.237478546018086,0.147727727885584,0.134511549857442,0.154095764810462,0.134511549857442,2023-05-09,44.9764004876581,11.7881423158595,14716,14064,44.9764004876581,11.7881423158595,13900.6,13683.5,14072.875,13569.1333333333,14473.3333333333,13890.2,14658.5333333333,13892.8888888889,2023-05-09,44.9502056139692,11.7500537478117,406.274447646632,2023-05-02,2023-04-25,2023-05-02,2023-04-25,3.88594940304756,101.975833922625
395,12.674271,45.983511,2023-05-09,21,5,2023,"IT",0,"ITALY","ITH","North-east","ITH3","Veneto","ITH41","Pordenone","Cordenons",,"CDC-CO2",0,0,0,,0,0,"Italy",2023-05-24,2023-05-08,45.982513605872,12.6729828707173,0.541275082550165,0.19495864513588,-0.484707609493516,-0.19495864513588,0.500516567358788,0.169160362739064,-0.462775289295154,-0.169160362739064,0.0594175538708651,0.0622251867724757,0.0428074849187544,0.0622251867724757,2023-05-09,45.982513605872,12.6729828707173,14722,13942,45.982513605872,12.6729828707173,13927.375,13571,14137.9230769231,13561.2857142857,14521.7777777778,13885,14637.1818181818,13943.375,2023-05-09,45.950210188251,12.6500578646654,96.9287690300262,2023-05-02,2023-04-25,2023-05-02,2023-04-25,4.83238024218008,44.7788836554973
1,12.877089,45.606292,2023-05-14,22,5,2023,"IT",0,"ITALY","ITH","North-east","ITH3","Veneto","ITH35","Venezia","Caorle",,"CDC-CO2",4,"100-100-100-27",,,327,327,"Italy",2023-05-29,2023-05-13,45.6052211865418,12.8751038096442,0.267023007204276,0.100747022006865,-0.265552460538533,-0.100747022006865,0.239147326612751,0.0725825053277113,-0.226256081313631,-0.0725825053277113,0.064808438349387,0.0600053674036105,0.0517079053760487,0.0600053674036105,2023-05-14,45.6052211865418,12.8751038096442,14740,14300,45.6052211865418,12.8751038096442,13960.4,13679,14064,13578.8571428571,14444.8333333333,13933.75,14474.2857142857,14024.9090909091,2023-05-14,45.6502088159665,12.8500587795218,283.211415075639,2023-05-07,2023-04-30,2023-05-07,2023-04-30,115.639589896426,181.763411319116
1,12.877089,45.606292,2023-05-14,22,5,2023,"IT",0,"ITALY","ITH","North-east","ITH3","Veneto","ITH35","Venezia","Caorle",,"Gravid ",1,4,,,4,4,"Italy",2023-05-29,2023-05-13,45.6052211865418,12.8751038096442,0.267023007204276,0.100747022006865,-0.265552460538533,-0.100747022006865,0.239147326612751,0.0725825053277113,-0.226256081313631,-0.0725825053277113,0.064808438349387,0.0600053674036105,0.0517079053760487,0.0600053674036105,2023-05-14,45.6052211865418,12.8751038096442,14740,14300,45.6052211865418,12.8751038096442,13960.4,13679,14064,13578.8571428571,14444.8333333333,13933.75,14474.2857142857,14024.9090909091,2023-05-14,45.6502088159665,12.8500587795218,283.211415075639,2023-05-07,2023-04-30,2023-05-07,2023-04-30,115.639589896426,181.763411319116
3,12.429368,45.55892,2023-05-14,22,5,2023,"IT",0,"ITALY","ITH","North-east","ITH3","Veneto","ITH35","Venezia","Quarto d'Altino",,"CDC-CO2",9,"100-100-100-100-100-100-100-100-74",,,874,874,"Italy",2023-05-29,2023-05-13,45.5603054223358,12.430437744005,0.272471250880075,-0.0450862979922508,-0.313150883991281,0.0450862979922508,0.352000703490675,0.0354653967481184,-0.353905572011072,-0.0354653967481184,0.119939517540809,0.103018206283026,0.0812812046818227,0.103018206283026,2023-05-14,45.5603054223358,12.430437744005,14821,14305,45.5603054223358,12.430437744005,13935.2857142857,13616.8333333333,14096.3333333333,13565.375,14569.4444444444,13896.2222222222,14680,13980.8181818182,2023-05-14,45.5502083585383,12.450056949809,249.793162395894,2023-05-07,2023-04-30,2023-05-07,2023-04-30,100.586275936803,171.676272807177
198,12.797359,45.826409,2023-05-14,22,5,2023,"IT",0,"ITALY","ITH","North-east","ITH3","Veneto","ITH35","Venezia","Cinto di Caomaggiore",,"CDC-CO2",1,85,,,85,85,"Italy",2023-05-29,2023-05-13,45.8253084311511,12.798747010494,0.372590255871013,0.0481798715203426,-0.331067301155676,-0.0481798715203426,0.236284289276808,0.264668367346939,-0.144919168591224,-0.264668367346939,0,0,0,0,2023-05-14,45.8253084311511,12.798747010494,14953,14086,45.8253084311511,12.798747010494,13915.1666666667,13624.3333333333,14133.9090909091,13587.9333333333,14497.6,13889.625,14586.3846153846,13933.4,2023-05-14,45.8502097308228,12.7500583220936,155.047154382919,2023-05-07,2023-04-30,2023-05-07,2023-04-30,61.0493295462802,111.252749057137
199,12.859687,45.690322,2023-05-14,22,5,2023,"IT",0,"ITALY","ITH","North-east","ITH3","Veneto","ITH35","Venezia","Concordia Sagittaria",,"CDC-CO2",6,"100-100-100-100-100-86",,,586,586,"Italy",2023-05-29,2023-05-13,45.6905611385331,12.8616290803824,0.379537953795379,0.11407249466951,-0.3376,-0.11407249466951,-0.0356327891872916,0.544560022490863,0.0406844770385891,-0.544560022490863,0,0,0,0,2023-05-14,45.6905611385331,12.8616290803824,14583,13894,45.6905611385331,12.8616290803824,13926.75,13662.6666666667,14103.8,13635.9333333333,14399.9090909091,13952.4285714286,14559.8,13988.1666666667,2023-05-14,45.6502088159665,12.8500587795218,283.211415075639,2023-05-07,2023-04-30,2023-05-07,2023-04-30,115.639589896426,181.763411319116
307,12.658373,45.674905,2023-05-14,22,5,2023,"IT",0,"ITALY","ITH","North-east","ITH3","Veneto","ITH35","Venezia","Ceggia",,"CDC-CO2",2,"100-37",,,137,137,"Italy",2023-05-29,2023-05-13,45.6770864092714,12.6595081414555,0.130983302411874,-0.101944608131998,-0.151057401812689,0.101944608131998,0.259132534881742,0.147799227630131,-0.230636974420476,-0.147799227630131,0.0774363429265106,0.0697918134677124,0.0684389701517159,0.0697918134677124,2023-05-14,45.6770864092714,12.6595081414555,15106,14264,45.6770864092714,12.6595081414555,13998.6666666667,13592.8333333333,14161.625,13524.5714285714,14526.1538461538,13868.375,14803.4285714286,13895.9,2023-05-14,45.6502088159665,12.6500578646654,202.297268697235,2023-05-07,2023-04-30,2023-05-07,2023-04-30,81.6270082484698,139.341432833753
346,12.084125,45.464148,2023-05-14,22,5,2023,"IT",0,"ITALY","ITH","North-east","ITH3","Veneto","ITH35","Venezia","Mirano",,"CDC-CO2",2,"100-81",,,181,181,"Italy",2023-05-29,2023-05-13,45.4659823175033,12.0845863596189,0.222222222222222,0.411830357142857,-0.103839441535777,-0.411830357142857,0.195668447942257,0.372349275329598,-0.0695976929870837,-0.372349275329598,0.0202239780649693,0.0492645127988986,0.0417199336421833,0.0492645127988986,2023-05-14,45.4659823175033,12.0845863596189,14868,14291,45.4659823175033,12.0845863596189,13992,13658.8571428571,14054.5,13558.8461538462,14611.4545454545,13893.3,14691,13994.6666666667,2023-05-14,45.4502079011101,12.0500551200963,227.468875132909,2023-05-07,2023-04-30,2023-05-07,2023-04-30,81.1580687332898,169.936895628693
347,12.975591,45.694464,2023-05-14,22,5,2023,"IT",0,"ITALY","ITH","North-east","ITH3","Veneto","ITH35","Venezia","San Michele al Tagliamento",,"CDC-CO2",2,"100-80",,,180,180,"Italy",2023-05-29,2023-05-13,45.6950527149538,12.9739184908973,0.184047673619069,-0.105299618981642,-0.212960788917586,0.105299618981642,0.0271506999214597,0.613729933071318,0.00071328934405318,-0.613729933071318,0.000976443915722918,0.0502226946118801,0.00810505280762231,0.0502226946118801,2023-05-14,45.6950527149538,12.9739184908973,14866,14236,45.6950527149538,12.9739184908973,13910.5,13630,14077.4444444444,13620.2352941176,14412.3333333333,13865.25,14519,13904.2,2023-05-14,45.6502088159665,12.95005923695,348.021517519519,2023-05-07,2023-04-30,2023-05-07,2023-04-30,103.302875649184,168.054269288667
384,12.637082,45.544211,2023-05-14,22,5,2023,"IT",0,"ITALY","ITH","North-east","ITH3","Veneto","ITH35","Venezia","Jesolo",,"CDC-CO2",1,57,,,57,57,"Italy",2023-05-29,2023-05-13,45.5423391166534,12.6370502593525,0.285176470588235,-0.0103279579633991,-0.287903796274464,0.0103279579633991,0.294280373766873,0.0170148524204023,-0.289318391296052,-0.0170148524204023,0.0337514740751382,0.0489119648778709,0.0287595799338338,0.0489119648778709,2023-05-14,45.5423391166534,12.6370502593525,14838,14315,45.5423391166534,12.6370502593525,13943.1666666667,13626.8333333333,14075.5714285714,13591.6428571429,14368.75,13919.75,14639.5,13983.9,2023-05-14,45.5502083585383,12.6500578646654,286.499597783724,2023-05-07,2023-04-30,2023-05-07,2023-04-30,104.991711942479,176.995592246065
389,12.985235,45.771308,2023-05-14,22,5,2023,"IT",0,"ITALY","ITH","North-east","ITH3","Veneto","ITH35","Venezia","San Michele al Tagliamento","San Giorgio","CDC-CO2",3,"100-100-31",,,231,231,"Italy",2023-05-29,2023-05-13,45.7714095141039,12.9873932201591,0.494177732379979,0.29911190053286,-0.43383650264654,-0.29911190053286,0.453638529003727,0.254388889930084,-0.39873030787287,-0.254388889930084,0.0868508599361919,0.072941695196625,0.0740957961741922,0.072941695196625,2023-05-14,45.7714095141039,12.9873932201591,14813,13964,45.7714095141039,12.9873932201591,14022.75,13635.4,14101.5,13629.6153846154,14439,13953.4285714286,14540.25,13947,2023-05-14,45.7502092733946,12.95005923695,234.475846831396,2023-05-07,2023-04-30,2023-05-07,2023-04-30,78.5355013292283,135.708008710877
10,11.670841,45.559359,2023-05-14,22,5,2023,"IT",0,"ITALY","ITH","North-east","ITH3","Veneto","ITH36","Padova","Gazzo Padovano",,"CDC-CO2",1,48,,,48,48,"Italy",2023-05-29,2023-05-13,45.5603054223358,11.6713613289239,0.603655054254712,0.36664503569111,-0.518932564010097,-0.36664503569111,0.52724683828403,0.309687280455833,-0.457912075702099,-0.309687280455833,0.0922673665458541,0.062751676551353,0.0755092921675888,0.062751676551353,2023-05-14,45.5603054223358,11.6713613289239,14811,14095,45.5603054223358,11.6713613289239,14018.8888888889,13614.1428571429,14068.75,13566.5833333333,14540.75,13782,14658.8181818182,13881.5555555556,2023-05-14,45.5502083585383,11.6500532903836,176.733247491415,2023-05-07,2023-04-30,2023-05-07,2023-04-30,82.4060641932301,147.837629979011
341,11.906861,45.591114,2023-05-14,22,5,2023,"IT",0,"ITALY","ITH","North-east","ITH3","Veneto","ITH36","Padova","Santa Giustina in Colle",,"CDC-CO2",2,"100-40",,,140,140,"Italy",2023-05-29,2023-05-13,45.59174645728,11.904923302795,0.50561797752809,0.196810207336523,-0.479495268138801,-0.196810207336523,0.484693036960066,0.178059958341082,-0.451225800497657,-0.178059958341082,0.0566838814121179,0.0448807176401197,0.0391646955233302,0.0448807176401197,2023-05-14,45.59174645728,11.904923302795,14872,14114,45.59174645728,11.904923302795,13942.1428571429,13641.1666666667,14023.7272727273,13583.7333333333,14533.2307692308,13907.375,14645.5,13927.2,2023-05-14,45.5502083585383,11.9500546626681,189.928693934722,2023-05-07,2023-04-30,2023-05-07,2023-04-30,83.3876614011824,158.249715212849
382,11.92895,45.46068,2023-05-14,22,5,2023,"IT",0,"ITALY","ITH","North-east","ITH3","Veneto","ITH36","Padova","Cadoneghe",,"CDC-CO2",2,"100-24",,,124,124,"Italy",2023-05-29,2023-05-13,45.4614907410827,11.927381184898,0.211950129381322,0.0775988286969253,-0.230769230769231,-0.0775988286969253,0.456968738591367,0.273342359439912,-0.394568649702726,-0.273342359439912,0.0745779574461801,0.0767022358450433,0.0541147544330063,0.0767022358450433,2023-05-14,45.4614907410827,11.927381184898,14550,14129,45.4614907410827,11.927381184898,14012.4,13634.1666666667,14039.3333333333,13543.7142857143,14541.6153846154,13881,14691.7692307692,13947,2023-05-14,45.4502079011101,11.9500546626681,224.563401333435,2023-05-07,2023-04-30,2023-05-07,2023-04-30,76.2821582332253,167.443645454943
391,11.980783,45.320831,2023-05-14,22,5,2023,"IT",0,"ITALY","ITH","North-east","ITH3","Veneto","ITH36","Padova","Brugine",,"CDC-CO2",2,"100-43",,,143,143,"Italy",2023-05-29,2023-05-13,45.3222518720441,11.9812801019452,0.333536029188203,0.184764991896272,-0.294951284322409,-0.184764991896272,0.361174149871349,0.185005605758926,-0.339685391915778,-0.185005605758926,0.119424483964303,0.112796610977431,0.0851492145455343,0.112796610977431,2023-05-14,45.3222518720441,11.9812801019452,14832,14272,45.3222518720441,11.9812801019452,13982.125,13621.375,14049.6,13554.6153846154,14470.5714285714,13880.3333333333,14720.3333333333,13963.1,2023-05-14,45.3502074436819,11.9500546626681,280.506825997727,2023-05-07,2023-04-30,2023-05-07,2023-04-30,73.6673178849742,162.986105531221
391,11.980783,45.320831,2023-05-14,22,5,2023,"IT",0,"ITALY","ITH","North-east","ITH3","Veneto","ITH36","Padova","Brugine",,"Gravid ",1,20,,,20,20,"Italy",2023-05-29,2023-05-13,45.3222518720441,11.9812801019452,0.333536029188203,0.184764991896272,-0.294951284322409,-0.184764991896272,0.361174149871349,0.185005605758926,-0.339685391915778,-0.185005605758926,0.119424483964303,0.112796610977431,0.0851492145455343,0.112796610977431,2023-05-14,45.3222518720441,11.9812801019452,14832,14272,45.3222518720441,11.9812801019452,13982.125,13621.375,14049.6,13554.6153846154,14470.5714285714,13880.3333333333,14720.3333333333,13963.1,2023-05-14,45.3502074436819,11.9500546626681,280.506825997727,2023-05-07,2023-04-30,2023-05-07,2023-04-30,73.6673178849742,162.986105531221
340,11.73371,45.474447,2023-05-14,22,5,2023,"IT",0,"ITALY","ITH","North-east","ITH3","Veneto","ITH32","Vicenza","Grisignano di Zocco",,"CDC-CO2",1,18,,,18,18,"Italy",2023-05-29,2023-05-13,45.4749654703445,11.7342433988123,,,,,0.552052398365969,0.262202898643338,-0.499400426572866,-0.262202898643338,0.0916661121822897,0.069493083835148,0.071653979209051,0.069493083835148,2023-05-14,45.4749654703444,11.7342433988123,14879,14127,45.4749654703444,11.7342433988123,14003.5,13658.8571428571,14048.2,13551.8461538462,14562.9230769231,13850.9090909091,14638.6153846154,13943.0909090909,2023-05-14,45.4502079011101,11.7500537478117,187.537255267787,2023-05-07,2023-04-30,2023-05-07,2023-04-30,75.3288046577945,147.975273051299
376,11.459718,45.701843,2023-05-14,22,5,2023,"IT",0,"ITALY","ITH","North-east","ITH3","Veneto","ITH32","Vicenza","Thiene",,"CDC-CO2",1,1,,,1,1,"Italy",2023-05-29,2023-05-13,45.7040358677949,11.4602572371558,0.501298701298701,0.408382066276803,-0.326296466268931,-0.408382066276803,0.418734839019043,0.258015916573519,-0.328290404030256,-0.258015916573519,0.128095561550459,0.118323389220736,0.101928909324365,0.118323389220736,2023-05-14,45.7040358677949,11.4602572371558,14887,14111,45.7040358677949,11.4602572371558,14097.2,13613.8333333333,14181.4166666667,13676.4285714286,14619.3,13923.8333333333,14631.75,13905.8571428571,2023-05-14,45.7502092733946,11.4500523755272,187.3296087372,2023-05-07,2023-04-30,2023-05-07,2023-04-30,99.5489544088487,130.642560673412
377,11.517407,45.557696,2023-05-14,22,5,2023,"IT",0,"ITALY","ITH","North-east","ITH3","Veneto","ITH32","Vicenza","Vicenza",,"CDC-CO2",1,57,,,57,57,"Italy",2023-05-29,2023-05-13,45.5558138459152,11.5186477306236,0.183645655877342,0.210031347962382,-0.128288405326405,-0.210031347962382,0.245036004936869,0.280617128748929,-0.166830493317525,-0.280617128748929,0.0688175082347825,0.0471112746138347,0.0605197921332437,0.0471112746138347,2023-05-14,45.5558138459152,11.5186477306236,15010,14168,45.5558138459152,11.5186477306236,14046.4,13680,14065.9090909091,13657.2857142857,14588.4,13849.1,14690.9230769231,13987.125,2023-05-14,45.5502083585383,11.5500528329554,176.338995190992,2023-05-07,2023-04-30,2023-05-07,2023-04-30,80.3269539410248,132.925157706719
178,12.42435,45.864107,2023-05-16,22,5,2023,"IT",0,"ITALY","ITH","North-east","ITH3","Veneto","ITH34","Treviso","Codognè",,"CDC-CO2",1,69,,,69,69,"Italy",2023-05-31,2023-05-13,45.8657326189365,12.4259461675844,0.541097724230254,0.127301214257736,-0.489262613195343,-0.127301214257736,0.490433743959265,0.0995771693264506,-0.449521061764341,-0.0995771693264506,0.0840632674569916,0.0577011678044699,0.0587557873058667,0.0577011678044699,2023-05-16,45.8657326189365,12.4259461675844,15065,14130,45.8657326189365,12.4259461675844,13916.25,13555.6666666667,14191.5714285714,13544,14560,13853.2857142857,14759.4615384615,13929.4,2023-05-16,45.8502097308228,12.450056949809,136.45540101474,2023-05-09,2023-05-02,2023-05-09,2023-05-02,52.535643942887,74.8911595037207
355,12.299455,45.797542,2023-05-16,22,5,2023,"IT",0,"ITALY","ITH","North-east","ITH3","Veneto","ITH34","Treviso","Santa Lucia di Piave",,"CDC-CO2",1,19,,,19,19,"Italy",2023-05-31,2023-05-13,45.7983589726275,12.3001820278076,0.614678899082569,0.270405330372016,-0.544206974128234,-0.270405330372016,0.40248438273976,0.173332257002568,-0.363154944826784,-0.173332257002568,0.067425427307764,0.1016665823115,0.0439217514438969,0.1016665823115,2023-05-16,45.7983589726275,12.3001820278076,14677,14054,45.7983589726275,12.3001820278076,13955.25,13545.25,14124.2,13519.2307692308,14459.5,13882.6666666667,14708.3636363636,13931,2023-05-16,45.7502092733946,12.2500560349527,131.957529804233,2023-05-09,2023-05-02,2023-05-09,2023-05-02,58.8049395158887,82.8418661938049
373,12.461786,45.712302,2023-05-16,22,5,2023,"IT",0,"ITALY","ITH","North-east","ITH3","Veneto","ITH34","Treviso","Ponte di Piave",,"CDC-CO2",2,"100-8",,,108,108,"Italy",2023-05-31,2023-05-13,45.7130190206361,12.4618787789492,0.542929292929293,0.291527215078387,-0.457943925233645,-0.291527215078387,0.414768474404937,0.238443541200587,-0.34815817544113,-0.238443541200587,0.102852956917868,0.10395673265099,0.0791356366114585,0.10395673265099,2023-05-16,45.7130190206361,12.4618787789492,14859,13959,45.7130190206361,12.4618787789492,13997.5714285714,13585.4,14127.7272727273,13539.3571428571,14520.3,13893.8571428571,14679.1666666667,13931.875,2023-05-16,45.7502092733946,12.450056949809,138.279176383687,2023-05-09,2023-05-02,2023-05-09,2023-05-02,59.1965948073193,81.0030786613934
386,12.587252,45.781058,2023-05-16,22,5,2023,"IT",0,"ITALY","ITH","North-east","ITH3","Veneto","ITH34","Treviso","Motta di Livenza",,"CDC-CO2",2,"100-15",,,115,115,"Italy",2023-05-31,2023-05-13,45.7803926669451,12.5876429187259,0.455359363342452,0.139186295503212,-0.427665284215662,-0.139186295503212,0.489214578633118,0.171054193798828,-0.44530335800191,-0.171054193798828,0.0845396791655265,0.0635743537954648,0.0659087065946073,0.0635743537954648,2023-05-16,45.7803926669451,12.5876429187259,14721,14121,45.7803926669451,12.5876429187259,13949.25,13561.2,14173.5,13547.0666666667,14538.7,13840.1666666667,14727.4166666667,13949.3636363636,2023-05-16,45.7502092733946,12.5500574072372,146.298898528708,2023-05-09,2023-05-02,2023-05-09,2023-05-02,62.8258060049266,72.7543892860413
162,11.455028,44.963914,2023-05-16,22,5,2023,"IT",0,"ITALY","ITH","North-east","ITH3","Veneto","ITH37","Rovigo","Ficarolo",,"CDC-CO2",10,"100-100-100-100-100-100-100-100-100-60",,,960,960,"Italy",2023-05-31,2023-05-13,44.9629257583963,11.4557656607352,0.54959898691431,0.295570848773602,-0.521973466003317,-0.295570848773602,0.37100167021598,0.284869804073568,-0.298038108557654,-0.284869804073568,0.13922747903784,0.115426350067203,0.133223748584651,0.115426350067203,2023-05-16,44.9629257583963,11.4557656607352,14627,14397,44.9629257583963,11.4557656607352,13909.4,13662.7142857143,14076.9230769231,13558.0666666667,14502,13834,14616.625,13937.4545454545,2023-05-16,44.9502056139692,11.4500523755272,281.527841354298,2023-05-09,2023-05-02,2023-05-09,2023-05-02,85.8445630404167,95.7007049480453
227,11.37895,45.005233,2023-05-16,22,5,2023,"IT",0,"ITALY","ITH","North-east","ITH3","Veneto","ITH37","Rovigo","Ceneselli",,"CDC-CO2",5,"100-100-100-100-63",,,463,463,"Italy",2023-05-31,2023-05-13,45.0033499461817,11.379408861585,0.424523920111472,0.201096534168788,-0.389984137774756,-0.201096534168788,0.66437542296561,0.470031240868921,-0.573630851939818,-0.470031240868921,0.12905353260743,0.142996405555951,0.102537982433627,0.142996405555951,2023-05-16,45.0033499461817,11.379408861585,14914,14406,45.0033499461817,11.379408861585,13967.4285714286,13617.4285714286,14078.2857142857,13565.5,14503.1578947368,13862.7857142857,14625.4444444444,13920,2023-05-16,45.0502060713973,11.350051918099,169.727236332499,2023-05-09,2023-05-02,2023-05-09,2023-05-02,53.1044287579134,62.1207609297708
319,11.610336,44.916966,2023-05-16,22,5,2023,"IT",0,"ITALY","ITH","North-east","ITH3","Veneto","ITH37","Rovigo","Occhiobello",,"CDC-CO2",3,"100-100-18",,,218,218,"Italy",2023-05-31,2023-05-13,44.9180099941903,11.6084792590355,,,,,0.465356169477379,0.626958530032594,-0.303506466631032,-0.626958530032594,0.00891110527514737,0.00901500859744767,0.0153558584544498,0.00901500859744767,2023-05-16,44.9180099941903,11.6084792590355,14650,14081,44.9180099941903,11.6084792590355,13931.5,13677.1666666667,14101.5454545455,13565.4285714286,14500.0625,13923.0909090909,14689.3571428571,13899.5,2023-05-16,44.9502056139692,11.6500532903836,340.819222678896,2023-05-09,2023-05-02,2023-05-09,2023-05-02,93.2684707827866,97.8636337406933
349,11.50945,45.073324,2023-05-16,22,5,2023,"IT",0,"ITALY","ITH","North-east","ITH3","Veneto","ITH37","Rovigo","Badia Polesine",,"CDC-CO2",3,"100-100-91",,,291,291,"Italy",2023-05-31,2023-05-13,45.0752151689112,11.5096645777824,0.634182908545727,0.436100131752306,-0.559091721795101,-0.436100131752306,0.57133759473785,0.372225001087522,-0.506137200055425,-0.372225001087522,0.131173266320747,0.114795761764408,0.102191304861854,0.114795761764408,2023-05-16,45.0752151689112,11.5096645777824,14764,14051,45.0752151689112,11.5096645777824,13985,13653.3333333333,14015.4,13568.1538461538,14530.8823529412,13881,14587.8823529412,13901.6666666667,2023-05-16,45.0502060713973,11.5500528329554,274.94808270115,2023-05-09,2023-05-02,2023-05-09,2023-05-02,82.4937635092065,111.047908130102
350,11.640704,45.063327,2023-05-16,22,5,2023,"IT",0,"ITALY","ITH","North-east","ITH3","Veneto","ITH37","Rovigo","Villanova del Ghebbo",,"CDC-CO2",4,"100-100-100-55",,,355,355,"Italy",2023-05-31,2023-05-13,45.0617404396494,11.6399202939797,0.531891891891892,0.332079905992949,-0.43493670886076,-0.332079905992949,0.481761745437059,0.276431577804907,-0.425956447992268,-0.276431577804907,0.124952768906126,0.122529001407516,0.0964325790654582,0.122529001407516,2023-05-16,45.0617404396494,11.6399202939797,14752,14121,45.0617404396494,11.6399202939797,13993.8,13675.6,14022.7777777778,13581.2142857143,14490.9411764706,13844.4545454545,14587.2,13938.1666666667,2023-05-16,45.0502060713973,11.6500532903836,274.446350713202,2023-05-09,2023-05-02,2023-05-09,2023-05-02,88.3805780559778,107.554849460721
195,10.842836,45.26645,2023-05-16,22,5,2023,"IT",0,"ITALY","ITH","North-east","ITH3","Veneto","ITH31","Verona","Nogarole Rocca",,"CDC-CO2",2,"100-73",,,173,173,"Italy",2023-05-31,2023-05-13,45.2683529549969,10.8449112675339,0.210112359550562,0.157442235357335,-0.116640746500778,-0.157442235357335,0.291196435448098,0.165168966593688,-0.232311927519739,-0.165168966593688,0.104882530380453,0.124428357743179,0.0968700809466029,0.124428357743179,2023-05-16,45.2683529549969,10.8449112675339,14794,14337,45.2683529549969,10.8449112675339,13889.5,13668,14134.6,13579.4666666667,14611.5,13918.7647058824,14782.8461538462,14017.4444444444,2023-05-16,45.2502069862537,10.8500496309581,108.871747239515,2023-05-09,2023-05-02,2023-05-09,2023-05-02,40.7247845008969,45.8469939474016
320,11.247569,45.337162,2023-05-16,22,5,2023,"IT",0,"ITALY","ITH","North-east","ITH3","Veneto","ITH31","Verona","Ronco all'Adige",,"CDC-CO2",3,"100-100-36",,,236,236,"Italy",2023-05-31,2023-05-13,45.3357266013059,11.2491531453877,0.441606886657102,0.194484070375654,-0.37719298245614,-0.194484070375654,0.495672581166361,0.283564965543562,-0.435842170781681,-0.283564965543562,0.111611363483436,0.119303974503115,0.0831876646044801,0.119303974503115,2023-05-16,45.3357266013059,11.2491531453877,14798,14326,45.3357266013059,11.2491531453877,13924.7777777778,13659.6,14086.0909090909,13627.25,14557.8823529412,13937.0909090909,14689.4375,14014.5,2023-05-16,45.3502074436819,11.2500514606708,142.579893049711,2023-05-09,2023-05-02,2023-05-09,2023-05-02,57.4808816742152,65.4944173973054
320,11.247569,45.337162,2023-05-16,22,5,2023,"IT",0,"ITALY","ITH","North-east","ITH3","Veneto","ITH31","Verona","Ronco all'Adige",,"Gravid ",1,56,,,56,56,"Italy",2023-05-31,2023-05-13,45.3357266013059,11.2491531453877,0.441606886657102,0.194484070375654,-0.37719298245614,-0.194484070375654,0.495672581166361,0.283564965543562,-0.435842170781681,-0.283564965543562,0.111611363483436,0.119303974503115,0.0831876646044801,0.119303974503115,2023-05-16,45.3357266013059,11.2491531453877,14798,14326,45.3357266013059,11.2491531453877,13924.7777777778,13659.6,14086.0909090909,13627.25,14557.8823529412,13937.0909090909,14689.4375,14014.5,2023-05-16,45.3502074436819,11.2500514606708,142.579893049711,2023-05-09,2023-05-02,2023-05-09,2023-05-02,57.4808816742152,65.4944173973054
321,11.000028,45.234662,2023-05-16,22,5,2023,"IT",0,"ITALY","ITH","North-east","ITH3","Veneto","ITH31","Verona","Erbè",,"CDC-CO2",1,82,,,82,82,"Italy",2023-05-31,2023-05-13,45.2324203436322,11.0021164422548,0.465582931165862,0.324001835704452,-0.407317073170732,-0.324001835704452,0.466103476419707,0.291019892985525,-0.384355852902845,-0.291019892985525,0.0922219393522256,0.0896988039308109,0.103114698944322,0.0896988039308109,2023-05-16,45.2324203436321,11.0021164422548,14827,14264,45.2324203436321,11.0021164422548,13884.3333333333,13623,14082.8333333333,13596.7857142857,14554.8125,13954.6923076923,14713.2777777778,14014,2023-05-16,45.2502069862537,10.9500500883863,113.233458043833,2023-05-09,2023-05-02,2023-05-09,2023-05-02,47.6251812130213,55.8046883624047
379,11.130067,45.292435,2023-05-16,22,5,2023,"IT",0,"ITALY","ITH","North-east","ITH3","Veneto","ITH31","Verona","Oppeano",,"CDC-CO2",6,"100-100-100-100-100-10",,,510,510,"Italy",2023-05-31,2023-05-13,45.2908108370999,11.1278805820315,0.256103178258867,-0.0516431924882629,-0.304472614207127,0.0516431924882629,0.279968929949905,0.161059814842855,-0.235726103178969,-0.161059814842855,0.117515079054582,0.109577178326565,0.0675861623007142,0.109577178326565,2023-05-16,45.2908108370999,11.1278805820315,14760,14322,45.2908108370999,11.1278805820315,13937.125,13602,14086.1818181818,13601.4375,14607,13802.9285714286,14765.9285714286,13995.9,2023-05-16,45.2502069862537,11.1500510032426,117.906419137362,2023-05-09,2023-05-02,2023-05-09,2023-05-02,48.6296431580558,55.2786833671853
381,10.791083,45.332144,2023-05-16,22,5,2023,"IT",0,"ITALY","ITH","North-east","ITH3","Veneto","ITH31","Verona","Villafranca Veronese",,"CDC-CO2",2,"100-29",,,129,129,"Italy",2023-05-31,2023-05-13,45.3312350248853,10.7910123504867,0.436602505346777,0.158698866436668,-0.376866764275256,-0.158698866436668,0.435762447907985,0.152316280996551,-0.385951675018627,-0.152316280996551,0.0778592308925795,0.070496244528357,0.0626174797406804,0.070496244528357,2023-05-16,45.3312350248853,10.7910123504867,14861,14315,45.3312350248853,10.7910123504867,13979.7142857143,13672.8333333333,14134.2727272727,13590.3846153846,14593.7647058824,13907.6,14761.5294117647,14003.0909090909,2023-05-16,45.3502074436819,10.7500491735299,113.844677022382,2023-05-09,2023-05-02,2023-05-09,2023-05-02,49.1387780874502,55.1059219302842
399,10.8808,45.4572,2023-05-16,22,5,2023,"IT",0,"ITALY","ITH","North-east","ITH3","Veneto","ITH31","Verona","Verona",,"CDC-CO2",1,76,,,76,76,"Italy",2023-05-31,2023-05-13,45.4569991646621,10.8808438788987,0.451815329448678,0.178675400291121,-0.411636522118109,-0.178675400291121,0.413225873256621,0.210145155068468,-0.342624751964879,-0.210145155068468,0.133015095174874,0.0426645616338168,0.113587948461908,0.0426645616338168,2023-05-16,45.456999164662,10.8808438788987,14777,13329,45.456999164662,10.8808438788987,14019.8333333333,13612.1666666667,14143.0909090909,13659.9411764706,14620.6,13912.6,14802,13980.875,2023-05-16,45.4502079011101,10.8500496309581,110.197272058074,2023-05-09,2023-05-02,2023-05-09,2023-05-02,41.7293041280936,55.4859129886609
399,10.8808,45.4572,2023-05-16,22,5,2023,"IT",0,"ITALY","ITH","North-east","ITH3","Veneto","ITH31","Verona","Verona",,"Gravid ",1,1,,,1,1,"Italy",2023-05-31,2023-05-13,45.4569991646621,10.8808438788987,0.451815329448678,0.178675400291121,-0.411636522118109,-0.178675400291121,0.413225873256621,0.210145155068468,-0.342624751964879,-0.210145155068468,0.133015095174874,0.0426645616338168,0.113587948461908,0.0426645616338168,2023-05-16,45.456999164662,10.8808438788987,14777,13329,45.456999164662,10.8808438788987,14019.8333333333,13612.1666666667,14143.0909090909,13659.9411764706,14620.6,13912.6,14802,13980.875,2023-05-16,45.4502079011101,10.8500496309581,110.197272058074,2023-05-09,2023-05-02,2023-05-09,2023-05-02,41.7293041280936,55.4859129886609
339,11.378061,45.491496,2023-05-16,22,5,2023,"IT",0,"ITALY","ITH","North-east","ITH3","Veneto","ITH32","Vicenza","Montorso Vicentino",,"CDC-CO2",1,72,,,72,72,"Italy",2023-05-31,2023-05-13,45.4929317760268,11.379408861585,0.684757745893117,0.368812299374894,-0.602135653549535,-0.368812299374894,0.498996612223616,0.240607570760491,-0.457470526699762,-0.240607570760491,0.157103826976713,0.116003645179193,0.121848254192227,0.116003645179193,2023-05-16,45.4929317760268,11.379408861585,14799,14198,45.4929317760268,11.379408861585,14082.0909090909,13692.6666666667,14196.75,13663.3125,14627.9285714286,13925,14811.9285714286,14020.875,2023-05-16,45.4502079011101,11.350051918099,162.77826050781,2023-05-09,2023-05-02,2023-05-09,2023-05-02,58.0308225806803,75.4202204253525
