id,dt_placement,week,month,year,method,health district,site,longitude,latitude,x,y,altitude,genus,total,country_code,nuts0_code,nuts0_name,nuts1_code,nuts1_name,nuts2_code,nuts2_name,nuts3_code,nuts3_name,lau1_municipality,lau2_settlement,ndbi,ndmi,ndvi,ndwi,ndi_mission,ndi_acquisition,ndi_dates_diff,ndbi_std,ndmi_std,ndvi_std,ndwi_std,ndbi_mean,ndmi_mean,ndvi_mean,ndwi_mean,ndi_measures_mission,ndi_measures_acquisition,ndi_measures_dates_diff,lst_day,lst_day_mission,lst_day_acquisition,lst_day_diff,lst_night,lst_night_mission,lst_night_acquisition,lst_night_diff,lst_jan_day_mean,lst_feb_day_mean,lst_mar_day_mean,lst_apr_day_mean,lst_jan_night_mean,lst_feb_night_mean,lst_mar_night_mean,lst_apr_night_mean,acc_rainfall_1week,acc_rainfall_2week,acc_rainfall_jan,sp_cnt_1km,biol_cnt_1km,wc_l_1km,pg_area_1km,fs_area_1km,wc_mean_dist_1km,coast_mean_dist_1km,dem_mean_1km,slope_mean_1km,aspect_mean_1km,waw_mean_1km,flow_accu_1km
T1.1,2019-11-16,46,11,2019,Prokopack aspirtor,Treichville,Entente,388909,586182,-4.0025580000000005,5.302408,12,Aedes,2,,,,,,,,,,,,0.13027352804821501,-0.13027352804821501,-0.007407407407406999,-0.008602150537634001,sentinel2_level1C_scene,2019-10-22,25.0,0.0,0.0,0.0,0.0,-0.04257528556594,0.04257528556594,-0.096512935883015,0.074441115464393,sentinel2_level1C_scene,2019-11-06,10,15078.0,modis,2019-11-12,4.0,14950,modis,2019-11-09,7,15236.1428571429,15295.0,15583.0,,14876.6,14850.875,14881.833333333301,14751.6,29.75,59.1,1224.54995,,,,,,,,,,,,
T1.2,2019-11-16,46,11,2019,Prokopack aspirtor,Treichville,Entente,388964,586259,-4.002063,5.303105,4,Aedes,1,,,,,,,,,,,,0.13027352804821501,-0.13027352804821501,-0.007407407407406999,-0.008602150537634001,sentinel2_level1C_scene,2019-10-22,25.0,0.0,0.0,0.0,0.0,-0.04257528556594,0.04257528556594,-0.096512935883015,0.074441115464393,sentinel2_level1C_scene,2019-11-06,10,15078.0,modis,2019-11-12,4.0,14950,modis,2019-11-09,7,15236.1428571429,15295.0,15583.0,,14876.6,14850.875,14881.833333333301,14751.6,29.75,59.1,1224.54995,,,,,,,,,,,,
T1.3,2019-11-16,46,11,2019,Prokopack aspirtor,Treichville,Entente,389033,586335,-4.001441000000001,5.303794,10,Aedes,7,,,,,,,,,,,,0.19586374695863698,-0.19586374695863698,0.018228498074455004,-0.056473095364944007,sentinel2_level1C_scene,2019-10-17,30.0,0.001988393646777,0.001988393646777,0.010191809134320998,0.0026083834880409997,0.152684890058765,-0.152684890058765,0.013726765929293002,-0.043129662250004,sentinel2_level1C_scene,2019-11-16,0,15078.0,modis,2019-11-12,4.0,14900,modis,2019-11-09,7,15299.666666666699,15274.666666666699,15578.5,,14874.0,14847.375,14881.4,14739.6,29.75,59.1,1224.54995,,,,,,,,,,,,
T1.4,2019-11-16,46,11,2019,Prokopack aspirtor,Treichville,Entente,388880,586262,-4.002821,5.303131,35,Aedes,28,,,,,,,,,,,,0.13027352804821501,-0.13027352804821501,-0.007407407407406999,-0.008602150537634001,sentinel2_level1C_scene,2019-10-22,25.0,0.0,0.0,0.0,0.0,-0.04257528556594,0.04257528556594,-0.096512935883015,0.074441115464393,sentinel2_level1C_scene,2019-11-06,10,15078.0,modis,2019-11-12,4.0,14950,modis,2019-11-09,7,15236.1428571429,15295.0,15583.0,,14876.6,14850.875,14881.833333333301,14751.6,29.75,59.1,1224.54995,,,,,,,,,,,,
T1.5,2019-11-16,46,11,2019,Prokopack aspirtor,Treichville,Entente,389022,586240,-4.001539,5.302934,86,Aedes,35,,,,,,,,,,,,0.19586374695863698,-0.19586374695863698,0.018228498074455004,-0.056473095364944007,sentinel2_level1C_scene,2019-10-17,30.0,0.001988393646777,0.001988393646777,0.010191809134320998,0.0026083834880409997,0.152684890058765,-0.152684890058765,0.013726765929293002,-0.043129662250004,sentinel2_level1C_scene,2019-11-16,0,15078.0,modis,2019-11-12,4.0,14900,modis,2019-11-09,7,15299.666666666699,15274.666666666699,15578.5,,14874.0,14847.375,14881.4,14739.6,29.75,59.1,1224.54995,,,,,,,,,,,,
T1.6,2019-11-16,46,11,2019,Prokopack aspirtor,Treichville,Entente,388978,586363,-4.001938,5.304046,11,Aedes,5,,,,,,,,,,,,0.19586374695863698,-0.19586374695863698,0.018228498074455004,-0.056473095364944007,sentinel2_level1C_scene,2019-10-17,30.0,0.04482959201604799,0.04482959201604799,0.015298981726579999,0.010917406245458,0.069696589707819,-0.069696589707819,0.00636698384226,-0.011610552911451999,sentinel2_level1C_scene,2019-10-22,25,15078.0,modis,2019-11-12,4.0,14900,modis,2019-11-09,7,15299.666666666699,15274.666666666699,15578.5,,14874.0,14847.375,14881.4,14739.6,29.75,59.1,1224.54995,,,,,,,,,,,,
T1.7,2019-11-16,46,11,2019,Prokopack aspirtor,Treichville,Entente,388914,586076,-4.002511,5.301449,7,Aedes,0,,,,,,,,,,,,0.13027352804821501,-0.13027352804821501,-0.007407407407406999,-0.008602150537634001,sentinel2_level1C_scene,2019-10-22,25.0,0.0,0.0,0.0,0.0,-0.04257528556594,0.04257528556594,-0.096512935883015,0.074441115464393,sentinel2_level1C_scene,2019-11-06,10,15078.0,modis,2019-11-12,4.0,14950,modis,2019-11-09,7,15236.1428571429,15295.0,15583.0,,14876.6,14850.875,14881.833333333301,14751.6,29.75,59.1,1224.54995,,,,,,,,,,,,
T1.8,2019-11-16,46,11,2019,Prokopack aspirtor,Treichville,Entente,388899,586275,-4.00265,5.303249,9,Aedes,5,,,,,,,,,,,,0.13027352804821501,-0.13027352804821501,-0.007407407407406999,-0.008602150537634001,sentinel2_level1C_scene,2019-10-22,25.0,0.0,0.0,0.0,0.0,-0.04257528556594,0.04257528556594,-0.096512935883015,0.074441115464393,sentinel2_level1C_scene,2019-11-06,10,15078.0,modis,2019-11-12,4.0,14950,modis,2019-11-09,7,15236.1428571429,15295.0,15583.0,,14876.6,14850.875,14881.833333333301,14751.6,29.75,59.1,1224.54995,,,,,,,,,,,,
T1.9,2019-11-16,46,11,2019,Prokopack aspirtor,Treichville,Entente,388833,586189,-4.0032440000000005,5.30247,14,Aedes,20,,,,,,,,,,,,0.13027352804821501,-0.13027352804821501,-0.007407407407406999,-0.008602150537634001,sentinel2_level1C_scene,2019-10-22,25.0,0.0,0.0,0.0,0.0,-0.04257528556594,0.04257528556594,-0.096512935883015,0.074441115464393,sentinel2_level1C_scene,2019-11-06,10,15078.0,modis,2019-11-12,4.0,14950,modis,2019-11-09,7,15236.1428571429,15295.0,15583.0,,14876.6,14850.875,14881.833333333301,14751.6,29.75,59.1,1224.54995,,,,,,,,,,,,
T1.10,2019-11-16,46,11,2019,Prokopack aspirtor,Treichville,Entente,388939,586261,-4.002288,5.303123,7,Aedes,20,,,,,,,,,,,,0.13027352804821501,-0.13027352804821501,-0.007407407407406999,-0.008602150537634001,sentinel2_level1C_scene,2019-10-22,25.0,0.0,0.0,0.0,0.0,-0.04257528556594,0.04257528556594,-0.096512935883015,0.074441115464393,sentinel2_level1C_scene,2019-11-06,10,15078.0,modis,2019-11-12,4.0,14950,modis,2019-11-09,7,15236.1428571429,15295.0,15583.0,,14876.6,14850.875,14881.833333333301,14751.6,29.75,59.1,1224.54995,,,,,,,,,,,,
B1.1,2019-11-21,47,11,2019,Prokopack aspirtor,Bingerville,Gbagba,401621,591451,-3.887915,5.350244,18,Aedes,13,,,,,,,,,,,,0.111974110032362,-0.111974110032362,0.13201320132013197,-0.15100671140939598,sentinel2_level1C_scene,2019-11-16,5.0,0.12027480887751199,0.12027480887751199,0.13521985223026,0.09781568996481,0.00696272201645,-0.00696272201645,0.25724500059791,-0.24397918011981196,sentinel2_level1C_scene,2019-11-16,5,15266.0,modis,2019-11-19,2.0,14841,modis,2019-11-18,3,15149.875,15210.5,15396.0,15245.666666666699,14871.363636363601,14833.5555555556,14836.75,14726.333333333301,23.15,49.7,1333.316617,,,,,,,,,,,,
B1.2,2019-11-21,47,11,2019,Prokopack aspirtor,Bingerville,Gbagba,402056,591536,-3.8839900000000003,5.351018,28,Aedes,27,,,,,,,,,,,,0.039590443686007004,-0.039590443686007004,0.14529914529914498,-0.15327868852459,sentinel2_level1C_scene,2019-11-16,5.0,0.05253739268636099,0.05253739268636099,0.05976895556516299,0.051817311405408004,0.025746926505405,-0.025746926505405,0.213622994407776,-0.21450718831970397,sentinel2_level1C_scene,2019-11-16,5,,,,,14840,modis,2019-11-18,3,15187.5,15274.4,15409.5,15363.333333333301,14868.636363636399,14828.5555555556,14829.0,14745.0,23.15,49.7,1333.316617,,,,,,,,,,,,
B1.3,2019-11-21,47,11,2019,Prokopack aspirtor,Bingerville,Gbagba,401850,591465,-3.885848,5.350373,24,Aedes,19,,,,,,,,,,,,0.111974110032362,-0.111974110032362,0.13201320132013197,-0.15100671140939598,sentinel2_level1C_scene,2019-11-16,5.0,0.12027480887751199,0.12027480887751199,0.13521985223026,0.09781568996481,0.00696272201645,-0.00696272201645,0.25724500059791,-0.24397918011981196,sentinel2_level1C_scene,2019-11-16,5,15266.0,modis,2019-11-19,2.0,14841,modis,2019-11-18,3,15149.875,15210.5,15396.0,15245.666666666699,14871.363636363601,14833.5555555556,14836.75,14726.333333333301,23.15,49.7,1333.316617,,,,,,,,,,,,
B1.4,2019-11-21,47,11,2019,Prokopack aspirtor,Bingerville,Gbagba,401711,591593,-3.887104,5.351529,20,Aedes,6,,,,,,,,,,,,0.111974110032362,-0.111974110032362,0.13201320132013197,-0.15100671140939598,sentinel2_level1C_scene,2019-11-16,5.0,0.12027480887751199,0.12027480887751199,0.13521985223026,0.09781568996481,0.00696272201645,-0.00696272201645,0.25724500059791,-0.24397918011981196,sentinel2_level1C_scene,2019-11-16,5,15266.0,modis,2019-11-19,2.0,14841,modis,2019-11-18,3,15149.875,15210.5,15396.0,15245.666666666699,14871.363636363601,14833.5555555556,14836.75,14726.333333333301,23.15,49.7,1333.316617,,,,,,,,,,,,
B1.5,2019-11-21,47,11,2019,Prokopack aspirtor,Bingerville,Gbagba,401686,591537,-3.8873290000000003,5.351022,22,Aedes,11,,,,,,,,,,,,0.111974110032362,-0.111974110032362,0.13201320132013197,-0.15100671140939598,sentinel2_level1C_scene,2019-11-16,5.0,0.12027480887751199,0.12027480887751199,0.13521985223026,0.09781568996481,0.00696272201645,-0.00696272201645,0.25724500059791,-0.24397918011981196,sentinel2_level1C_scene,2019-11-16,5,15266.0,modis,2019-11-19,2.0,14841,modis,2019-11-18,3,15149.875,15210.5,15396.0,15245.666666666699,14871.363636363601,14833.5555555556,14836.75,14726.333333333301,23.15,49.7,1333.316617,,,,,,,,,,,,
B1.6,2019-11-21,47,11,2019,Prokopack aspirtor,Bingerville,Gbagba,401739,591494,-3.886851,5.3506339999999994,24,Aedes,9,,,,,,,,,,,,0.111974110032362,-0.111974110032362,0.13201320132013197,-0.15100671140939598,sentinel2_level1C_scene,2019-11-16,5.0,0.12027480887751199,0.12027480887751199,0.13521985223026,0.09781568996481,0.00696272201645,-0.00696272201645,0.25724500059791,-0.24397918011981196,sentinel2_level1C_scene,2019-11-16,5,15266.0,modis,2019-11-19,2.0,14841,modis,2019-11-18,3,15149.875,15210.5,15396.0,15245.666666666699,14871.363636363601,14833.5555555556,14836.75,14726.333333333301,23.15,49.7,1333.316617,,,,,,,,,,,,
B1.7,2019-11-21,47,11,2019,Prokopack aspirtor,Bingerville,Gbagba,401587,591586,-3.8882230000000004,5.351464,14,Aedes,5,,,,,,,,,,,,0.111974110032362,-0.111974110032362,0.13201320132013197,-0.15100671140939598,sentinel2_level1C_scene,2019-11-16,5.0,0.12027480887751199,0.12027480887751199,0.13521985223026,0.09781568996481,0.00696272201645,-0.00696272201645,0.25724500059791,-0.24397918011981196,sentinel2_level1C_scene,2019-11-16,5,15266.0,modis,2019-11-19,2.0,14841,modis,2019-11-18,3,15149.875,15210.5,15396.0,15245.666666666699,14871.363636363601,14833.5555555556,14836.75,14726.333333333301,23.15,49.7,1333.316617,,,,,,,,,,,,
B1.8,2019-11-21,47,11,2019,Prokopack aspirtor,Bingerville,Gbagba,401650,591538,-3.887654,5.351031,13,Aedes,8,,,,,,,,,,,,0.111974110032362,-0.111974110032362,0.13201320132013197,-0.15100671140939598,sentinel2_level1C_scene,2019-11-16,5.0,0.12027480887751199,0.12027480887751199,0.13521985223026,0.09781568996481,0.00696272201645,-0.00696272201645,0.25724500059791,-0.24397918011981196,sentinel2_level1C_scene,2019-11-16,5,15266.0,modis,2019-11-19,2.0,14841,modis,2019-11-18,3,15149.875,15210.5,15396.0,15245.666666666699,14871.363636363601,14833.5555555556,14836.75,14726.333333333301,23.15,49.7,1333.316617,,,,,,,,,,,,
B1.9,2019-11-21,47,11,2019,Prokopack aspirtor,Bingerville,Gbagba,402026,591519,-3.884261,5.350864,23,Aedes,4,,,,,,,,,,,,0.039590443686007004,-0.039590443686007004,0.14529914529914498,-0.15327868852459,sentinel2_level1C_scene,2019-11-16,5.0,0.05253739268636099,0.05253739268636099,0.05976895556516299,0.051817311405408004,0.025746926505405,-0.025746926505405,0.213622994407776,-0.21450718831970397,sentinel2_level1C_scene,2019-11-16,5,,,,,14840,modis,2019-11-18,3,15187.5,15274.4,15409.5,15363.333333333301,14868.636363636399,14828.5555555556,14829.0,14745.0,23.15,49.7,1333.316617,,,,,,,,,,,,
B1.10,2019-11-21,47,11,2019,Prokopack aspirtor,Bingerville,Gbagba,402025,591521,-3.88427,5.350882,27,Aedes,0,,,,,,,,,,,,0.039590443686007004,-0.039590443686007004,0.14529914529914498,-0.15327868852459,sentinel2_level1C_scene,2019-11-16,5.0,0.05253739268636099,0.05253739268636099,0.05976895556516299,0.051817311405408004,0.025746926505405,-0.025746926505405,0.213622994407776,-0.21450718831970397,sentinel2_level1C_scene,2019-11-16,5,,,,,14840,modis,2019-11-18,3,15187.5,15274.4,15409.5,15363.333333333301,14868.636363636399,14828.5555555556,14829.0,14745.0,23.15,49.7,1333.316617,,,,,,,,,,,,
C1.1,2019-11-26,48,11,2019,Prokopack aspirtor,Cocody,Aïba,392644,591153,-3.968925,5.3474260000000005,54,Aedes,17,,,,,,,,,,,,0.179431468404852,-0.179431468404852,0.071141574095959,-0.09099662975445401,sentinel2_level1C_scene,2019-11-16,10.0,0.09857680546035999,0.09857680546035999,0.13031916849261602,0.133651306899255,0.07761726846957699,-0.07761726846957699,0.08549587143734598,-0.08162905151328799,sentinel2_level1C_scene,2019-11-16,10,,,,,14921,modis,2019-11-23,3,15198.333333333301,15316.166666666699,15523.0,15487.666666666699,14893.0,14859.875,14889.833333333301,14715.5,38.0,53.15,1353.1332439999999,,,,,,,,,,,,
C1.2,2019-11-26,48,11,2019,Prokopack aspirtor,Cocody,Aïba,392581,591026,-3.9694910000000005,5.3462760000000005,36,Aedes,4,,,,,,,,,,,,0.179431468404852,-0.179431468404852,0.071141574095959,-0.09099662975445401,sentinel2_level1C_scene,2019-11-16,10.0,0.09857680546035999,0.09857680546035999,0.13031916849261602,0.133651306899255,0.07761726846957699,-0.07761726846957699,0.08549587143734598,-0.08162905151328799,sentinel2_level1C_scene,2019-11-16,10,,,,,14921,modis,2019-11-23,3,15198.333333333301,15316.166666666699,15523.0,15487.666666666699,14893.0,14859.875,14889.833333333301,14715.5,38.0,53.15,1353.1332439999999,,,,,,,,,,,,
C1.3,2019-11-26,48,11,2019,Prokopack aspirtor,Cocody,Aïba,392612,591014,-3.969211,5.346168,42,Aedes,13,,,,,,,,,,,,0.179431468404852,-0.179431468404852,0.071141574095959,-0.09099662975445401,sentinel2_level1C_scene,2019-11-16,10.0,0.09857680546035999,0.09857680546035999,0.13031916849261602,0.133651306899255,0.07761726846957699,-0.07761726846957699,0.08549587143734598,-0.08162905151328799,sentinel2_level1C_scene,2019-11-16,10,,,,,14921,modis,2019-11-23,3,15198.333333333301,15316.166666666699,15523.0,15487.666666666699,14893.0,14859.875,14889.833333333301,14715.5,38.0,53.15,1353.1332439999999,,,,,,,,,,,,
C1.4,2019-11-26,48,11,2019,Prokopack aspirtor,Cocody,Aïba,392454,590939,-3.9706360000000003,5.345487,48,Aedes,4,,,,,,,,,,,,0.20642015440877698,-0.20642015440877698,0.016922676386358,-0.046623794212218996,sentinel2_level1C_scene,2019-11-16,10.0,0.0,0.0,0.0,0.0,-0.06082326438664799,0.06082326438664799,0.2254554057251,-0.18049225159526003,sentinel2_level1C_scene,2019-11-26,0,,,,,14921,modis,2019-11-23,3,15198.333333333301,15316.166666666699,15523.0,15487.666666666699,14893.0,14859.875,14889.833333333301,14715.5,38.0,53.15,1353.1332439999999,,,,,,,,,,,,
C1.5,2019-11-26,48,11,2019,Prokopack aspirtor,Cocody,Aïba,392498,591159,-3.970242,5.347478,45,Aedes,6,,,,,,,,,,,,0.179431468404852,-0.179431468404852,0.071141574095959,-0.09099662975445401,sentinel2_level1C_scene,2019-11-16,10.0,0.101520632365488,0.101520632365488,0.084846283698786,0.109890417370761,0.11220077030187599,-0.11220077030187599,0.024736400345212003,-0.027214344262084997,sentinel2_level1C_scene,2019-11-16,10,,,,,14921,modis,2019-11-23,3,15198.333333333301,15316.166666666699,15523.0,15487.666666666699,14893.0,14859.875,14889.833333333301,14715.5,38.0,53.15,1353.1332439999999,,,,,,,,,,,,
C1.6,2019-11-26,48,11,2019,Prokopack aspirtor,Cocody,Aïba,392543,590812,-3.9698309999999997,5.34434,42,Aedes,18,,,,,,,,,,,,0.018713150474236998,-0.018713150474236998,-0.047050037341300005,0.035525321239607006,sentinel2_level1C_scene,2019-11-16,10.0,0.0,0.0,0.0,0.0,0.020837718375078997,-0.020837718375078997,0.052965142598460996,-0.049165539016689006,sentinel2_level1C_scene,2019-11-26,0,,,,,14921,modis,2019-11-23,3,15198.333333333301,15316.166666666699,15523.0,15487.666666666699,14893.0,14859.875,14889.833333333301,14715.5,38.0,53.15,1353.1332439999999,,,,,,,,,,,,
C1.7,2019-11-26,48,11,2019,Prokopack aspirtor,Cocody,Aïba,392479,591040,-3.970412,5.346401,47,Aedes,5,,,,,,,,,,,,0.179431468404852,-0.179431468404852,0.071141574095959,-0.09099662975445401,sentinel2_level1C_scene,2019-11-16,10.0,0.101520632365488,0.101520632365488,0.084846283698786,0.109890417370761,0.11220077030187599,-0.11220077030187599,0.024736400345212003,-0.027214344262084997,sentinel2_level1C_scene,2019-11-16,10,,,,,14921,modis,2019-11-23,3,15198.333333333301,15316.166666666699,15523.0,15487.666666666699,14893.0,14859.875,14889.833333333301,14715.5,38.0,53.15,1353.1332439999999,,,,,,,,,,,,
C1.8,2019-11-26,48,11,2019,Prokopack aspirtor,Cocody,Aïba,388920,586102,-4.002458,5.301685,50,Aedes,5,,,,,,,,,,,,,,,,,,,0.024859354500465003,0.024859354500465003,0.038875840178993995,0.043437958735017,-0.070408008744772,0.070408008744772,-0.028098755663963,0.065123382836033,sentinel2_level1C_scene,2019-11-26,0,15188.0,modis,2019-11-26,0.0,14929,modis,2019-11-23,3,15236.1428571429,15295.0,15583.0,,14876.6,14850.875,14881.833333333301,14751.6,40.75,54.85,1265.54995,,,,,,,,,,,,
C1.9,2019-11-26,48,11,2019,Prokopack aspirtor,Cocody,Aïba,392539,590980,-3.96987,5.345859,47,Aedes,11,,,,,,,,,,,,0.179431468404852,-0.179431468404852,0.071141574095959,-0.09099662975445401,sentinel2_level1C_scene,2019-11-16,10.0,0.09857680546035999,0.09857680546035999,0.13031916849261602,0.133651306899255,0.07761726846957699,-0.07761726846957699,0.08549587143734598,-0.08162905151328799,sentinel2_level1C_scene,2019-11-16,10,,,,,14921,modis,2019-11-23,3,15198.333333333301,15316.166666666699,15523.0,15487.666666666699,14893.0,14859.875,14889.833333333301,14715.5,38.0,53.15,1353.1332439999999,,,,,,,,,,,,
C1.10,2019-11-26,48,11,2019,Prokopack aspirtor,Cocody,Aïba,392616,590864,-3.9691730000000005,5.344811,39,Aedes,3,,,,,,,,,,,,0.018713150474236998,-0.018713150474236998,-0.047050037341300005,0.035525321239607006,sentinel2_level1C_scene,2019-11-16,10.0,0.0,0.0,0.0,0.0,0.020837718375078997,-0.020837718375078997,0.052965142598460996,-0.049165539016689006,sentinel2_level1C_scene,2019-11-26,0,,,,,14921,modis,2019-11-23,3,15198.333333333301,15316.166666666699,15523.0,15487.666666666699,14893.0,14859.875,14889.833333333301,14715.5,38.0,53.15,1353.1332439999999,,,,,,,,,,,,
T2.1,2020-02-12,7,2,2020,Prokopack aspirtor,Treichville,Entente,388909,586182,-4.0025580000000005,5.302408,12,Aedes,0,,,,,,,,,,,,0.20076573342905,-0.20076573342905,0.00814971325083,-0.030864197530863998,sentinel2_level1C_scene,2020-02-09,3.0,0.05234386509724201,0.05234386509724201,0.034922562848334,0.035157167707863,0.15183581939335902,-0.15183581939335902,0.017220981673196998,-0.033359534207581996,sentinel2_level1C_scene,2020-02-09,3,15276.0,modis,2020-02-09,3.0,14941,modis,2020-02-08,4,15185.25,15377.75,15495.75,15469.666666666699,14860.428571428602,14899.6,14866.0,14885.5,28.3,29.45,41.15,,,,,,,,,,,,
T2.2,2020-02-12,7,2,2020,Prokopack aspirtor,Treichville,Entente,388964,586259,-4.002063,5.303105,4,Aedes,1,,,,,,,,,,,,0.20076573342905,-0.20076573342905,0.00814971325083,-0.030864197530863998,sentinel2_level1C_scene,2020-02-09,3.0,0.05234386509724201,0.05234386509724201,0.034922562848334,0.035157167707863,0.15183581939335902,-0.15183581939335902,0.017220981673196998,-0.033359534207581996,sentinel2_level1C_scene,2020-02-09,3,15276.0,modis,2020-02-09,3.0,14941,modis,2020-02-08,4,15185.25,15377.75,15495.75,15469.666666666699,14860.428571428602,14899.6,14866.0,14885.5,28.3,29.45,41.15,,,,,,,,,,,,
T2.3,2020-02-12,7,2,2020,Prokopack aspirtor,Treichville,Entente,389033,586335,-4.001441000000001,5.303794,10,Aedes,1,,,,,,,,,,,,0.20326308633582604,-0.20326308633582604,0.019425920556682998,-0.053325344517675004,sentinel2_level1C_scene,2020-02-09,3.0,0.07719088656362899,0.07719088656362899,0.035459914757331,0.042099813574554,0.157264900444503,-0.157264900444503,0.017166428004381,-0.031884741502055,sentinel2_level1C_scene,2020-02-09,3,15276.0,modis,2020-02-09,3.0,14933,modis,2020-02-08,4,15166.214285714299,15366.4,15520.75,15500.0,14854.428571428602,14888.2666666667,14865.428571428602,14856.0,28.3,29.45,41.15,,,,,,,,,,,,
T2.4,2020-02-12,7,2,2020,Prokopack aspirtor,Treichville,Entente,388880,586262,-4.002821,5.303131,35,Aedes,4,,,,,,,,,,,,0.20076573342905,-0.20076573342905,0.00814971325083,-0.030864197530863998,sentinel2_level1C_scene,2020-02-09,3.0,0.05234386509724201,0.05234386509724201,0.034922562848334,0.035157167707863,0.15183581939335902,-0.15183581939335902,0.017220981673196998,-0.033359534207581996,sentinel2_level1C_scene,2020-02-09,3,15276.0,modis,2020-02-09,3.0,14941,modis,2020-02-08,4,15185.25,15377.75,15495.75,15469.666666666699,14860.428571428602,14899.6,14866.0,14885.5,28.3,29.45,41.15,,,,,,,,,,,,
T2.5,2020-02-12,7,2,2020,Prokopack aspirtor,Treichville,Entente,389022,586240,-4.001539,5.302934,86,Aedes,3,,,,,,,,,,,,0.20326308633582604,-0.20326308633582604,0.019425920556682998,-0.053325344517675004,sentinel2_level1C_scene,2020-02-09,3.0,0.07719088656362899,0.07719088656362899,0.035459914757331,0.042099813574554,0.157264900444503,-0.157264900444503,0.017166428004381,-0.031884741502055,sentinel2_level1C_scene,2020-02-09,3,15276.0,modis,2020-02-09,3.0,14933,modis,2020-02-08,4,15166.214285714299,15366.4,15520.75,15500.0,14854.428571428602,14888.2666666667,14865.428571428602,14856.0,28.3,29.45,41.15,,,,,,,,,,,,
T2.6,2020-02-12,7,2,2020,Prokopack aspirtor,Treichville,Entente,388978,586363,-4.001938,5.304046,11,Aedes,0,,,,,,,,,,,,0.20326308633582604,-0.20326308633582604,0.019425920556682998,-0.053325344517675004,sentinel2_level1C_scene,2020-02-09,3.0,0.040179898018289,0.040179898018289,0.035555207679731006,0.022558950214433,0.17760302150756302,-0.17760302150756302,0.027693548160003,-0.046850163596534,sentinel2_level1C_scene,2020-02-09,3,15276.0,modis,2020-02-09,3.0,14933,modis,2020-02-08,4,15166.214285714299,15366.4,15520.75,15500.0,14854.428571428602,14888.2666666667,14865.428571428602,14856.0,28.3,29.45,41.15,,,,,,,,,,,,
T2.7,2020-02-12,7,2,2020,Prokopack aspirtor,Treichville,Entente,388914,586076,-4.002511,5.301449,7,Aedes,5,,,,,,,,,,,,0.20076573342905,-0.20076573342905,0.00814971325083,-0.030864197530863998,sentinel2_level1C_scene,2020-02-09,3.0,0.05234386509724201,0.05234386509724201,0.034922562848334,0.035157167707863,0.15183581939335902,-0.15183581939335902,0.017220981673196998,-0.033359534207581996,sentinel2_level1C_scene,2020-02-09,3,15276.0,modis,2020-02-09,3.0,14941,modis,2020-02-08,4,15185.25,15377.75,15495.75,15469.666666666699,14860.428571428602,14899.6,14866.0,14885.5,28.3,29.45,41.15,,,,,,,,,,,,
T2.8,2020-02-12,7,2,2020,Prokopack aspirtor,Treichville,Entente,388899,586275,-4.00265,5.303249,9,Aedes,4,,,,,,,,,,,,0.20076573342905,-0.20076573342905,0.00814971325083,-0.030864197530863998,sentinel2_level1C_scene,2020-02-09,3.0,0.05234386509724201,0.05234386509724201,0.034922562848334,0.035157167707863,0.15183581939335902,-0.15183581939335902,0.017220981673196998,-0.033359534207581996,sentinel2_level1C_scene,2020-02-09,3,15276.0,modis,2020-02-09,3.0,14941,modis,2020-02-08,4,15185.25,15377.75,15495.75,15469.666666666699,14860.428571428602,14899.6,14866.0,14885.5,28.3,29.45,41.15,,,,,,,,,,,,
T2.9,2020-02-12,7,2,2020,Prokopack aspirtor,Treichville,Entente,388833,586189,-4.0032440000000005,5.30247,14,Aedes,3,,,,,,,,,,,,0.20076573342905,-0.20076573342905,0.00814971325083,-0.030864197530863998,sentinel2_level1C_scene,2020-02-09,3.0,0.05234386509724201,0.05234386509724201,0.034922562848334,0.035157167707863,0.15183581939335902,-0.15183581939335902,0.017220981673196998,-0.033359534207581996,sentinel2_level1C_scene,2020-02-09,3,15276.0,modis,2020-02-09,3.0,14941,modis,2020-02-08,4,15185.25,15377.75,15495.75,15469.666666666699,14860.428571428602,14899.6,14866.0,14885.5,28.3,29.45,41.15,,,,,,,,,,,,
T2.10,2020-02-12,7,2,2020,Prokopack aspirtor,Treichville,Entente,388939,586261,-4.002288,5.303123,7,Aedes,4,,,,,,,,,,,,0.20076573342905,-0.20076573342905,0.00814971325083,-0.030864197530863998,sentinel2_level1C_scene,2020-02-09,3.0,0.05234386509724201,0.05234386509724201,0.034922562848334,0.035157167707863,0.15183581939335902,-0.15183581939335902,0.017220981673196998,-0.033359534207581996,sentinel2_level1C_scene,2020-02-09,3,15276.0,modis,2020-02-09,3.0,14941,modis,2020-02-08,4,15185.25,15377.75,15495.75,15469.666666666699,14860.428571428602,14899.6,14866.0,14885.5,28.3,29.45,41.15,,,,,,,,,,,,
B2.1,2020-02-14,7,2,2020,Prokopack aspirtor,Bingerville,Gbagba,401621,591451,-3.887915,5.350244,18,Aedes,1,,,,,,,,,,,,0.14315613227291699,-0.14315613227291699,0.10024187046492901,-0.141662018962632,sentinel2_level1C_scene,2020-02-04,10.0,0.090529202918227,0.090529202918227,0.028763053768723002,0.028131207763503998,0.033583493984265,-0.033583493984265,0.069238892026474,-0.066433014922624,sentinel2_level1C_scene,2020-02-09,5,15417.0,modis,2020-02-07,7.0,14770,modis,2020-02-13,1,15091.083333333301,15298.571428571398,15384.333333333301,15536.0,14801.428571428602,14866.785714285701,14835.714285714299,14862.0,29.85,30.25,57.5,,,,,,,,,,,,
B2.2,2020-02-14,7,2,2020,Prokopack aspirtor,Bingerville,Gbagba,402056,591536,-3.8839900000000003,5.351018,28,Aedes,4,,,,,,,,,,,,-0.078437403875731,0.078437403875731,0.108441353145748,-0.06532968702522,sentinel2_level1C_scene,2020-02-09,5.0,0.10048541076951599,0.10048541076951599,0.031083083999365,0.053772944315934004,-0.0024262825848,0.0024262825848,0.055033189308543,-0.042184077903033,sentinel2_level1C_scene,2020-02-09,5,15428.0,modis,2020-02-07,7.0,14748,modis,2020-02-13,1,15108.5,15308.571428571398,15413.333333333301,15428.5,14800.0952380952,14864.285714285701,14837.0,14849.0,29.85,30.25,57.5,,,,,,,,,,,,
B2.3,2020-02-14,7,2,2020,Prokopack aspirtor,Bingerville,Gbagba,401850,591465,-3.885848,5.350373,24,Aedes,0,,,,,,,,,,,,0.14315613227291699,-0.14315613227291699,0.10024187046492901,-0.141662018962632,sentinel2_level1C_scene,2020-02-04,10.0,0.090529202918227,0.090529202918227,0.028763053768723002,0.028131207763503998,0.033583493984265,-0.033583493984265,0.069238892026474,-0.066433014922624,sentinel2_level1C_scene,2020-02-09,5,15417.0,modis,2020-02-07,7.0,14770,modis,2020-02-13,1,15091.083333333301,15298.571428571398,15384.333333333301,15536.0,14801.428571428602,14866.785714285701,14835.714285714299,14862.0,29.85,30.25,57.5,,,,,,,,,,,,
B2.4,2020-02-14,7,2,2020,Prokopack aspirtor,Bingerville,Gbagba,401711,591593,-3.887104,5.351529,20,Aedes,3,,,,,,,,,,,,0.14315613227291699,-0.14315613227291699,0.10024187046492901,-0.141662018962632,sentinel2_level1C_scene,2020-02-04,10.0,0.090529202918227,0.090529202918227,0.028763053768723002,0.028131207763503998,0.033583493984265,-0.033583493984265,0.069238892026474,-0.066433014922624,sentinel2_level1C_scene,2020-02-09,5,15417.0,modis,2020-02-07,7.0,14770,modis,2020-02-13,1,15091.083333333301,15298.571428571398,15384.333333333301,15536.0,14801.428571428602,14866.785714285701,14835.714285714299,14862.0,29.85,30.25,57.5,,,,,,,,,,,,
B2.5,2020-02-14,7,2,2020,Prokopack aspirtor,Bingerville,Gbagba,401686,591537,-3.8873290000000003,5.351022,22,Aedes,8,,,,,,,,,,,,0.14315613227291699,-0.14315613227291699,0.10024187046492901,-0.141662018962632,sentinel2_level1C_scene,2020-02-04,10.0,0.090529202918227,0.090529202918227,0.028763053768723002,0.028131207763503998,0.033583493984265,-0.033583493984265,0.069238892026474,-0.066433014922624,sentinel2_level1C_scene,2020-02-09,5,15417.0,modis,2020-02-07,7.0,14770,modis,2020-02-13,1,15091.083333333301,15298.571428571398,15384.333333333301,15536.0,14801.428571428602,14866.785714285701,14835.714285714299,14862.0,29.85,30.25,57.5,,,,,,,,,,,,
B2.6,2020-02-14,7,2,2020,Prokopack aspirtor,Bingerville,Gbagba,401739,591494,-3.886851,5.3506339999999994,24,Aedes,3,,,,,,,,,,,,0.14315613227291699,-0.14315613227291699,0.10024187046492901,-0.141662018962632,sentinel2_level1C_scene,2020-02-04,10.0,0.090529202918227,0.090529202918227,0.028763053768723002,0.028131207763503998,0.033583493984265,-0.033583493984265,0.069238892026474,-0.066433014922624,sentinel2_level1C_scene,2020-02-09,5,15417.0,modis,2020-02-07,7.0,14770,modis,2020-02-13,1,15091.083333333301,15298.571428571398,15384.333333333301,15536.0,14801.428571428602,14866.785714285701,14835.714285714299,14862.0,29.85,30.25,57.5,,,,,,,,,,,,
B2.7,2020-02-14,7,2,2020,Prokopack aspirtor,Bingerville,Gbagba,401587,591586,-3.8882230000000004,5.351464,14,Aedes,7,,,,,,,,,,,,0.14315613227291699,-0.14315613227291699,0.10024187046492901,-0.141662018962632,sentinel2_level1C_scene,2020-02-04,10.0,0.090529202918227,0.090529202918227,0.028763053768723002,0.028131207763503998,0.033583493984265,-0.033583493984265,0.069238892026474,-0.066433014922624,sentinel2_level1C_scene,2020-02-09,5,15417.0,modis,2020-02-07,7.0,14770,modis,2020-02-13,1,15091.083333333301,15298.571428571398,15384.333333333301,15536.0,14801.428571428602,14866.785714285701,14835.714285714299,14862.0,29.85,30.25,57.5,,,,,,,,,,,,
B2.8,2020-02-14,7,2,2020,Prokopack aspirtor,Bingerville,Gbagba,401650,591538,-3.887654,5.351031,13,Aedes,2,,,,,,,,,,,,0.14315613227291699,-0.14315613227291699,0.10024187046492901,-0.141662018962632,sentinel2_level1C_scene,2020-02-04,10.0,0.090529202918227,0.090529202918227,0.028763053768723002,0.028131207763503998,0.033583493984265,-0.033583493984265,0.069238892026474,-0.066433014922624,sentinel2_level1C_scene,2020-02-09,5,15417.0,modis,2020-02-07,7.0,14770,modis,2020-02-13,1,15091.083333333301,15298.571428571398,15384.333333333301,15536.0,14801.428571428602,14866.785714285701,14835.714285714299,14862.0,29.85,30.25,57.5,,,,,,,,,,,,
B2.9,2020-02-14,7,2,2020,Prokopack aspirtor,Bingerville,Gbagba,402026,591519,-3.884261,5.350864,23,Aedes,3,,,,,,,,,,,,-0.078437403875731,0.078437403875731,0.108441353145748,-0.06532968702522,sentinel2_level1C_scene,2020-02-09,5.0,0.10048541076951599,0.10048541076951599,0.031083083999365,0.053772944315934004,-0.0024262825848,0.0024262825848,0.055033189308543,-0.042184077903033,sentinel2_level1C_scene,2020-02-09,5,15428.0,modis,2020-02-07,7.0,14748,modis,2020-02-13,1,15108.5,15308.571428571398,15413.333333333301,15428.5,14800.0952380952,14864.285714285701,14837.0,14849.0,29.85,30.25,57.5,,,,,,,,,,,,
B2.10,2020-02-14,7,2,2020,Prokopack aspirtor,Bingerville,Gbagba,402025,591521,-3.88427,5.350882,27,Aedes,3,,,,,,,,,,,,-0.078437403875731,0.078437403875731,0.108441353145748,-0.06532968702522,sentinel2_level1C_scene,2020-02-09,5.0,0.10048541076951599,0.10048541076951599,0.031083083999365,0.053772944315934004,-0.0024262825848,0.0024262825848,0.055033189308543,-0.042184077903033,sentinel2_level1C_scene,2020-02-09,5,15428.0,modis,2020-02-07,7.0,14748,modis,2020-02-13,1,15108.5,15308.571428571398,15413.333333333301,15428.5,14800.0952380952,14864.285714285701,14837.0,14849.0,29.85,30.25,57.5,,,,,,,,,,,,
C2.1,2020-02-23,8,2,2020,Prokopack aspirtor,Cocody,Aïba,392644,591153,-3.968925,5.3474260000000005,54,Aedes,3,,,,,,,,,,,,0.168338500820719,-0.168338500820719,0.057023643949931,-0.087267525035765,sentinel2_level1C_scene,2020-02-04,19.0,0.0044513355965800005,0.0044513355965800005,0.0037005964059869997,0.004187131045138,-0.029075709553173998,0.029075709553173998,0.02716230512666,-0.040493720018692,sentinel2_level1C_scene,2020-02-14,9,15289.0,modis,2020-02-16,7.0,14826,modis,2020-02-20,3,15186.9230769231,15218.25,15340.0,15484.4,14847.95,14903.285714285701,14857.833333333301,14893.5,20.95,52.2,89.7,,,,,,,,,,,,
C2.2,2020-02-23,8,2,2020,Prokopack aspirtor,Cocody,Aïba,392581,591026,-3.9694910000000005,5.3462760000000005,36,Aedes,0,,,,,,,,,,,,0.168338500820719,-0.168338500820719,0.057023643949931,-0.087267525035765,sentinel2_level1C_scene,2020-02-04,19.0,0.0044513355965800005,0.0044513355965800005,0.0037005964059869997,0.004187131045138,-0.029075709553173998,0.029075709553173998,0.02716230512666,-0.040493720018692,sentinel2_level1C_scene,2020-02-14,9,15289.0,modis,2020-02-16,7.0,14826,modis,2020-02-20,3,15186.9230769231,15218.25,15340.0,15484.4,14847.95,14903.285714285701,14857.833333333301,14893.5,20.95,52.2,89.7,,,,,,,,,,,,
C2.3,2020-02-23,8,2,2020,Prokopack aspirtor,Cocody,Aïba,392612,591014,-3.969211,5.346168,42,Aedes,3,,,,,,,,,,,,0.168338500820719,-0.168338500820719,0.057023643949931,-0.087267525035765,sentinel2_level1C_scene,2020-02-04,19.0,0.0044513355965800005,0.0044513355965800005,0.0037005964059869997,0.004187131045138,-0.029075709553173998,0.029075709553173998,0.02716230512666,-0.040493720018692,sentinel2_level1C_scene,2020-02-14,9,15289.0,modis,2020-02-16,7.0,14826,modis,2020-02-20,3,15186.9230769231,15218.25,15340.0,15484.4,14847.95,14903.285714285701,14857.833333333301,14893.5,20.95,52.2,89.7,,,,,,,,,,,,
C2.4,2020-02-23,8,2,2020,Prokopack aspirtor,Cocody,Aïba,392454,590939,-3.9706360000000003,5.345487,48,Aedes,2,,,,,,,,,,,,-0.024624373956593996,0.024624373956593996,0.030862901532648,-0.044680851063830004,sentinel2_level1C_scene,2020-02-14,9.0,0.0044513355965800005,0.0044513355965800005,0.0037005964059869997,0.004187131045138,-0.029075709553173998,0.029075709553173998,0.02716230512666,-0.040493720018692,sentinel2_level1C_scene,2020-02-14,9,15289.0,modis,2020-02-16,7.0,14826,modis,2020-02-20,3,15186.9230769231,15218.25,15340.0,15484.4,14847.95,14903.285714285701,14857.833333333301,14893.5,20.95,52.2,89.7,,,,,,,,,,,,
C2.5,2020-02-23,8,2,2020,Prokopack aspirtor,Cocody,Aïba,392498,591159,-3.970242,5.347478,45,Aedes,2,,,,,,,,,,,,0.168338500820719,-0.168338500820719,0.057023643949931,-0.087267525035765,sentinel2_level1C_scene,2020-02-04,19.0,0.0044513355965800005,0.0044513355965800005,0.0037005964059869997,0.004187131045138,-0.029075709553173998,0.029075709553173998,0.02716230512666,-0.040493720018692,sentinel2_level1C_scene,2020-02-14,9,15289.0,modis,2020-02-16,7.0,14826,modis,2020-02-20,3,15186.9230769231,15218.25,15340.0,15484.4,14847.95,14903.285714285701,14857.833333333301,14893.5,20.95,52.2,89.7,,,,,,,,,,,,
C2.6,2020-02-23,8,2,2020,Prokopack aspirtor,Cocody,Aïba,392543,590812,-3.9698309999999997,5.34434,42,Aedes,5,,,,,,,,,,,,0.11939706465688199,-0.11939706465688199,0.078367875647668,-0.11651299245599302,sentinel2_level1C_scene,2020-02-09,14.0,0.0,0.0,0.0,0.0,-0.024624373956593996,0.024624373956593996,0.030862901532648,-0.044680851063830004,sentinel2_level1C_scene,2020-02-14,9,15289.0,modis,2020-02-16,7.0,14826,modis,2020-02-20,3,15186.9230769231,15218.25,15340.0,15484.4,14847.95,14903.285714285701,14857.833333333301,14893.5,20.95,52.2,89.7,,,,,,,,,,,,
C2.7,2020-02-23,8,2,2020,Prokopack aspirtor,Cocody,Aïba,392479,591040,-3.970412,5.346401,47,Aedes,0,,,,,,,,,,,,0.168338500820719,-0.168338500820719,0.057023643949931,-0.087267525035765,sentinel2_level1C_scene,2020-02-04,19.0,0.0044513355965800005,0.0044513355965800005,0.0037005964059869997,0.004187131045138,-0.029075709553173998,0.029075709553173998,0.02716230512666,-0.040493720018692,sentinel2_level1C_scene,2020-02-14,9,15289.0,modis,2020-02-16,7.0,14826,modis,2020-02-20,3,15186.9230769231,15218.25,15340.0,15484.4,14847.95,14903.285714285701,14857.833333333301,14893.5,20.95,52.2,89.7,,,,,,,,,,,,
C2.8,2020-02-23,8,2,2020,Prokopack aspirtor,Cocody,Aïba,388920,586102,-4.002458,5.301685,50,Aedes,0,,,,,,,,,,,,0.20076573342905,-0.20076573342905,0.00814971325083,-0.030864197530863998,sentinel2_level1C_scene,2020-02-09,14.0,0.030268422508051004,0.030268422508051004,0.005622995554334001,0.013682819107131,0.019052054652878,-0.019052054652878,-0.003695197987745,-0.004826807709282,sentinel2_level1C_scene,2020-02-14,9,15405.0,modis,2020-02-16,7.0,14880,modis,2020-02-20,3,15185.25,15377.75,15495.75,15469.666666666699,14860.428571428602,14899.6,14866.0,14885.5,26.75,54.25,67.9,,,,,,,,,,,,
C2.9,2020-02-23,8,2,2020,Prokopack aspirtor,Cocody,Aïba,392539,590980,-3.96987,5.345859,47,Aedes,1,,,,,,,,,,,,0.168338500820719,-0.168338500820719,0.057023643949931,-0.087267525035765,sentinel2_level1C_scene,2020-02-04,19.0,0.0044513355965800005,0.0044513355965800005,0.0037005964059869997,0.004187131045138,-0.029075709553173998,0.029075709553173998,0.02716230512666,-0.040493720018692,sentinel2_level1C_scene,2020-02-14,9,15289.0,modis,2020-02-16,7.0,14826,modis,2020-02-20,3,15186.9230769231,15218.25,15340.0,15484.4,14847.95,14903.285714285701,14857.833333333301,14893.5,20.95,52.2,89.7,,,,,,,,,,,,
C2.10,2020-02-23,8,2,2020,Prokopack aspirtor,Cocody,Aïba,392616,590864,-3.9691730000000005,5.344811,39,Aedes,3,,,,,,,,,,,,0.11939706465688199,-0.11939706465688199,0.078367875647668,-0.11651299245599302,sentinel2_level1C_scene,2020-02-09,14.0,0.0,0.0,0.0,0.0,-0.024624373956593996,0.024624373956593996,0.030862901532648,-0.044680851063830004,sentinel2_level1C_scene,2020-02-14,9,15289.0,modis,2020-02-16,7.0,14826,modis,2020-02-20,3,15186.9230769231,15218.25,15340.0,15484.4,14847.95,14903.285714285701,14857.833333333301,14893.5,20.95,52.2,89.7,,,,,,,,,,,,
T3.1,2020-06-25,26,6,2020,Prokopack aspirtor,Treichville,Entente,388909,586182,-4.0025580000000005,5.302408,12,Aedes,0,,,,,,,,,,,,0.08631274828457901,-0.08631274828457901,-0.0035447026388340003,0.01441371250487,sentinel2_level1C_scene,2020-06-03,22.0,0.04042578635236899,0.04042578635236899,0.018061976351925,0.024164692060290004,0.13581395290827,-0.13581395290827,0.019319663008034,-0.038492409797779,sentinel2_level1C_scene,2020-06-03,22,,,,,14627,modis,2020-06-24,1,15185.25,15377.75,15495.75,15469.666666666699,14860.428571428602,14899.6,14866.0,14885.5,107.2,252.35,1014.783424,,,,,,,,,,,,
T3.2,2020-06-25,26,6,2020,Prokopack aspirtor,Treichville,Entente,388964,586259,-4.002063,5.303105,4,Aedes,5,,,,,,,,,,,,0.08631274828457901,-0.08631274828457901,-0.0035447026388340003,0.01441371250487,sentinel2_level1C_scene,2020-06-03,22.0,0.04042578635236899,0.04042578635236899,0.018061976351925,0.024164692060290004,0.13581395290827,-0.13581395290827,0.019319663008034,-0.038492409797779,sentinel2_level1C_scene,2020-06-03,22,,,,,14627,modis,2020-06-24,1,15185.25,15377.75,15495.75,15469.666666666699,14860.428571428602,14899.6,14866.0,14885.5,107.2,252.35,1014.783424,,,,,,,,,,,,
T3.3,2020-06-25,26,6,2020,Prokopack aspirtor,Treichville,Entente,389033,586335,-4.001441000000001,5.303794,10,Aedes,6,,,,,,,,,,,,0.078672123692588,-0.078672123692588,0.025303643724696,-0.03764404609475,sentinel2_level1C_scene,2020-06-03,22.0,0.045154141716229,0.045154141716229,0.032153302608125,0.037788352048614,0.133905527194556,-0.133905527194556,0.029766983657156,-0.052132426669952006,sentinel2_level1C_scene,2020-06-03,22,,,,,14623,modis,2020-06-24,1,15166.214285714299,15366.4,15520.75,15500.0,14854.428571428602,14888.2666666667,14865.428571428602,14856.0,107.2,252.35,1014.783424,,,,,,,,,,,,
T3.4,2020-06-25,26,6,2020,Prokopack aspirtor,Treichville,Entente,388880,586262,-4.002821,5.303131,35,Aedes,6,,,,,,,,,,,,0.08631274828457901,-0.08631274828457901,-0.0035447026388340003,0.01441371250487,sentinel2_level1C_scene,2020-06-03,22.0,0.04042578635236899,0.04042578635236899,0.018061976351925,0.024164692060290004,0.13581395290827,-0.13581395290827,0.019319663008034,-0.038492409797779,sentinel2_level1C_scene,2020-06-03,22,,,,,14627,modis,2020-06-24,1,15185.25,15377.75,15495.75,15469.666666666699,14860.428571428602,14899.6,14866.0,14885.5,107.2,252.35,1014.783424,,,,,,,,,,,,
T3.5,2020-06-25,26,6,2020,Prokopack aspirtor,Treichville,Entente,389022,586240,-4.001539,5.302934,86,Aedes,24,,,,,,,,,,,,0.078672123692588,-0.078672123692588,0.025303643724696,-0.03764404609475,sentinel2_level1C_scene,2020-06-03,22.0,0.045154141716229,0.045154141716229,0.032153302608125,0.037788352048614,0.133905527194556,-0.133905527194556,0.029766983657156,-0.052132426669952006,sentinel2_level1C_scene,2020-06-03,22,,,,,14623,modis,2020-06-24,1,15166.214285714299,15366.4,15520.75,15500.0,14854.428571428602,14888.2666666667,14865.428571428602,14856.0,107.2,252.35,1014.783424,,,,,,,,,,,,
T3.6,2020-06-25,26,6,2020,Prokopack aspirtor,Treichville,Entente,388978,586363,-4.001938,5.304046,11,Aedes,2,,,,,,,,,,,,0.078672123692588,-0.078672123692588,0.025303643724696,-0.03764404609475,sentinel2_level1C_scene,2020-06-03,22.0,0.044524720706265994,0.044524720706265994,0.015581530413478997,0.025896501834693997,0.12280513302630698,-0.12280513302630698,0.015656354903922,-0.032548749184143994,sentinel2_level1C_scene,2020-06-03,22,,,,,14623,modis,2020-06-24,1,15166.214285714299,15366.4,15520.75,15500.0,14854.428571428602,14888.2666666667,14865.428571428602,14856.0,107.2,252.35,1014.783424,,,,,,,,,,,,
T3.7,2020-06-25,26,6,2020,Prokopack aspirtor,Treichville,Entente,388914,586076,-4.002511,5.301449,7,Aedes,3,,,,,,,,,,,,0.08631274828457901,-0.08631274828457901,-0.0035447026388340003,0.01441371250487,sentinel2_level1C_scene,2020-06-03,22.0,0.04042578635236899,0.04042578635236899,0.018061976351925,0.024164692060290004,0.13581395290827,-0.13581395290827,0.019319663008034,-0.038492409797779,sentinel2_level1C_scene,2020-06-03,22,,,,,14627,modis,2020-06-24,1,15185.25,15377.75,15495.75,15469.666666666699,14860.428571428602,14899.6,14866.0,14885.5,107.2,252.35,1014.783424,,,,,,,,,,,,
T3.8,2020-06-25,26,6,2020,Prokopack aspirtor,Treichville,Entente,388899,586275,-4.00265,5.303249,9,Aedes,3,,,,,,,,,,,,0.08631274828457901,-0.08631274828457901,-0.0035447026388340003,0.01441371250487,sentinel2_level1C_scene,2020-06-03,22.0,0.04042578635236899,0.04042578635236899,0.018061976351925,0.024164692060290004,0.13581395290827,-0.13581395290827,0.019319663008034,-0.038492409797779,sentinel2_level1C_scene,2020-06-03,22,,,,,14627,modis,2020-06-24,1,15185.25,15377.75,15495.75,15469.666666666699,14860.428571428602,14899.6,14866.0,14885.5,107.2,252.35,1014.783424,,,,,,,,,,,,
T3.9,2020-06-25,26,6,2020,Prokopack aspirtor,Treichville,Entente,388833,586189,-4.0032440000000005,5.30247,14,Aedes,5,,,,,,,,,,,,0.08631274828457901,-0.08631274828457901,-0.0035447026388340003,0.01441371250487,sentinel2_level1C_scene,2020-06-03,22.0,0.04042578635236899,0.04042578635236899,0.018061976351925,0.024164692060290004,0.13581395290827,-0.13581395290827,0.019319663008034,-0.038492409797779,sentinel2_level1C_scene,2020-06-03,22,,,,,14627,modis,2020-06-24,1,15185.25,15377.75,15495.75,15469.666666666699,14860.428571428602,14899.6,14866.0,14885.5,107.2,252.35,1014.783424,,,,,,,,,,,,
T3.10,2020-06-25,26,6,2020,Prokopack aspirtor,Treichville,Entente,388939,586261,-4.002288,5.303123,7,Aedes,20,,,,,,,,,,,,0.08631274828457901,-0.08631274828457901,-0.0035447026388340003,0.01441371250487,sentinel2_level1C_scene,2020-06-03,22.0,0.04042578635236899,0.04042578635236899,0.018061976351925,0.024164692060290004,0.13581395290827,-0.13581395290827,0.019319663008034,-0.038492409797779,sentinel2_level1C_scene,2020-06-03,22,,,,,14627,modis,2020-06-24,1,15185.25,15377.75,15495.75,15469.666666666699,14860.428571428602,14899.6,14866.0,14885.5,107.2,252.35,1014.783424,,,,,,,,,,,,
B3.1,2020-06-27,26,6,2020,Prokopack aspirtor,Bingerville,Gbagba,401621,591451,-3.887915,5.350244,18,Aedes,16,,,,,,,,,,,,0.10143753796315,-0.10143753796315,0.14469950993035902,-0.178438661710037,sentinel2_level1C_scene,2020-06-03,24.0,0.08192836569657598,0.08192836569657598,0.08935107400591699,0.06384958223908702,0.028109129636525,-0.028109129636525,0.23956313660047798,-0.24197302381072197,sentinel2_level1C_scene,2020-06-03,24,,,,,14714,modis,2020-06-24,3,15091.083333333301,15298.571428571398,15384.333333333301,15536.0,14801.428571428602,14866.785714285701,14835.714285714299,14862.0,114.2,235.8666,1038.183123,,,,,,,,,,,,
B3.2,2020-06-27,26,6,2020,Prokopack aspirtor,Bingerville,Gbagba,402056,591536,-3.8839900000000003,5.351018,28,Aedes,6,,,,,,,,,,,,-0.046932814021422006,0.046932814021422006,0.344336084021005,-0.31991161306162497,sentinel2_level1C_scene,2020-06-03,24.0,0.055639029538127,0.055639029538127,0.072335042607047,0.066733473297673,0.030655645932393998,-0.030655645932393998,0.225343705815952,-0.22720521991379503,sentinel2_level1C_scene,2020-06-03,24,,,,,14714,modis,2020-06-24,3,15108.5,15308.571428571398,15413.333333333301,15428.5,14800.0952380952,14864.285714285701,14837.0,14849.0,114.2,235.8666,1038.183123,,,,,,,,,,,,
B3.3,2020-06-27,26,6,2020,Prokopack aspirtor,Bingerville,Gbagba,401850,591465,-3.885848,5.350373,24,Aedes,12,,,,,,,,,,,,0.10143753796315,-0.10143753796315,0.14469950993035902,-0.178438661710037,sentinel2_level1C_scene,2020-06-03,24.0,0.08192836569657598,0.08192836569657598,0.08935107400591699,0.06384958223908702,0.028109129636525,-0.028109129636525,0.23956313660047798,-0.24197302381072197,sentinel2_level1C_scene,2020-06-03,24,,,,,14714,modis,2020-06-24,3,15091.083333333301,15298.571428571398,15384.333333333301,15536.0,14801.428571428602,14866.785714285701,14835.714285714299,14862.0,114.2,235.8666,1038.183123,,,,,,,,,,,,
B3.4,2020-06-27,26,6,2020,Prokopack aspirtor,Bingerville,Gbagba,401711,591593,-3.887104,5.351529,20,Aedes,2,,,,,,,,,,,,0.10143753796315,-0.10143753796315,0.14469950993035902,-0.178438661710037,sentinel2_level1C_scene,2020-06-03,24.0,0.08192836569657598,0.08192836569657598,0.08935107400591699,0.06384958223908702,0.028109129636525,-0.028109129636525,0.23956313660047798,-0.24197302381072197,sentinel2_level1C_scene,2020-06-03,24,,,,,14714,modis,2020-06-24,3,15091.083333333301,15298.571428571398,15384.333333333301,15536.0,14801.428571428602,14866.785714285701,14835.714285714299,14862.0,114.2,235.8666,1038.183123,,,,,,,,,,,,
B3.5,2020-06-27,26,6,2020,Prokopack aspirtor,Bingerville,Gbagba,401686,591537,-3.8873290000000003,5.351022,22,Aedes,3,,,,,,,,,,,,0.10143753796315,-0.10143753796315,0.14469950993035902,-0.178438661710037,sentinel2_level1C_scene,2020-06-03,24.0,0.08192836569657598,0.08192836569657598,0.08935107400591699,0.06384958223908702,0.028109129636525,-0.028109129636525,0.23956313660047798,-0.24197302381072197,sentinel2_level1C_scene,2020-06-03,24,,,,,14714,modis,2020-06-24,3,15091.083333333301,15298.571428571398,15384.333333333301,15536.0,14801.428571428602,14866.785714285701,14835.714285714299,14862.0,114.2,235.8666,1038.183123,,,,,,,,,,,,
B3.6,2020-06-27,26,6,2020,Prokopack aspirtor,Bingerville,Gbagba,401739,591494,-3.886851,5.3506339999999994,24,Aedes,9,,,,,,,,,,,,0.10143753796315,-0.10143753796315,0.14469950993035902,-0.178438661710037,sentinel2_level1C_scene,2020-06-03,24.0,0.08192836569657598,0.08192836569657598,0.08935107400591699,0.06384958223908702,0.028109129636525,-0.028109129636525,0.23956313660047798,-0.24197302381072197,sentinel2_level1C_scene,2020-06-03,24,,,,,14714,modis,2020-06-24,3,15091.083333333301,15298.571428571398,15384.333333333301,15536.0,14801.428571428602,14866.785714285701,14835.714285714299,14862.0,114.2,235.8666,1038.183123,,,,,,,,,,,,
B3.7,2020-06-27,26,6,2020,Prokopack aspirtor,Bingerville,Gbagba,401587,591586,-3.8882230000000004,5.351464,14,Aedes,2,,,,,,,,,,,,0.10143753796315,-0.10143753796315,0.14469950993035902,-0.178438661710037,sentinel2_level1C_scene,2020-06-03,24.0,0.08192836569657598,0.08192836569657598,0.08935107400591699,0.06384958223908702,0.028109129636525,-0.028109129636525,0.23956313660047798,-0.24197302381072197,sentinel2_level1C_scene,2020-06-03,24,,,,,14714,modis,2020-06-24,3,15091.083333333301,15298.571428571398,15384.333333333301,15536.0,14801.428571428602,14866.785714285701,14835.714285714299,14862.0,114.2,235.8666,1038.183123,,,,,,,,,,,,
B3.8,2020-06-27,26,6,2020,Prokopack aspirtor,Bingerville,Gbagba,401650,591538,-3.887654,5.351031,13,Aedes,1,,,,,,,,,,,,0.10143753796315,-0.10143753796315,0.14469950993035902,-0.178438661710037,sentinel2_level1C_scene,2020-06-03,24.0,0.08192836569657598,0.08192836569657598,0.08935107400591699,0.06384958223908702,0.028109129636525,-0.028109129636525,0.23956313660047798,-0.24197302381072197,sentinel2_level1C_scene,2020-06-03,24,,,,,14714,modis,2020-06-24,3,15091.083333333301,15298.571428571398,15384.333333333301,15536.0,14801.428571428602,14866.785714285701,14835.714285714299,14862.0,114.2,235.8666,1038.183123,,,,,,,,,,,,
B3.9,2020-06-27,26,6,2020,Prokopack aspirtor,Bingerville,Gbagba,402026,591519,-3.884261,5.350864,23,Aedes,13,,,,,,,,,,,,-0.046932814021422006,0.046932814021422006,0.344336084021005,-0.31991161306162497,sentinel2_level1C_scene,2020-06-03,24.0,0.055639029538127,0.055639029538127,0.072335042607047,0.066733473297673,0.030655645932393998,-0.030655645932393998,0.225343705815952,-0.22720521991379503,sentinel2_level1C_scene,2020-06-03,24,,,,,14714,modis,2020-06-24,3,15108.5,15308.571428571398,15413.333333333301,15428.5,14800.0952380952,14864.285714285701,14837.0,14849.0,114.2,235.8666,1038.183123,,,,,,,,,,,,
B3.10,2020-06-27,26,6,2020,Prokopack aspirtor,Bingerville,Gbagba,402025,591521,-3.88427,5.350882,27,Aedes,25,,,,,,,,,,,,-0.046932814021422006,0.046932814021422006,0.344336084021005,-0.31991161306162497,sentinel2_level1C_scene,2020-06-03,24.0,0.055639029538127,0.055639029538127,0.072335042607047,0.066733473297673,0.030655645932393998,-0.030655645932393998,0.225343705815952,-0.22720521991379503,sentinel2_level1C_scene,2020-06-03,24,,,,,14714,modis,2020-06-24,3,15108.5,15308.571428571398,15413.333333333301,15428.5,14800.0952380952,14864.285714285701,14837.0,14849.0,114.2,235.8666,1038.183123,,,,,,,,,,,,
C3.1,2020-07-01,27,7,2020,Prokopack aspirtor,Cocody,Aïba,392644,591153,-3.968925,5.3474260000000005,54,Aedes,11,,,,,,,,,,,,0.19944598337950098,-0.19944598337950098,0.064021272243813,-0.096774193548387,sentinel2_level1C_scene,2020-06-03,28.0,0.088591369988339,0.088591369988339,0.10094649242095201,0.07650568285925999,0.117940547630947,-0.117940547630947,0.147028870991544,-0.16072956109254902,sentinel2_level1C_scene,2020-06-03,28,,,,,14701,modis,2020-06-24,7,15186.9230769231,15218.25,15340.0,15484.4,14847.95,14903.285714285701,14857.833333333301,14893.5,85.0,171.8,1097.866649,,,,,,,,,,,,
C3.2,2020-07-01,27,7,2020,Prokopack aspirtor,Cocody,Aïba,392581,591026,-3.9694910000000005,5.3462760000000005,36,Aedes,3,,,,,,,,,,,,0.19944598337950098,-0.19944598337950098,0.064021272243813,-0.096774193548387,sentinel2_level1C_scene,2020-06-03,28.0,0.088591369988339,0.088591369988339,0.10094649242095201,0.07650568285925999,0.117940547630947,-0.117940547630947,0.147028870991544,-0.16072956109254902,sentinel2_level1C_scene,2020-06-03,28,,,,,14701,modis,2020-06-24,7,15186.9230769231,15218.25,15340.0,15484.4,14847.95,14903.285714285701,14857.833333333301,14893.5,85.0,171.8,1097.866649,,,,,,,,,,,,
C3.3,2020-07-01,27,7,2020,Prokopack aspirtor,Cocody,Aïba,392612,591014,-3.969211,5.346168,42,Aedes,7,,,,,,,,,,,,0.19944598337950098,-0.19944598337950098,0.064021272243813,-0.096774193548387,sentinel2_level1C_scene,2020-06-03,28.0,0.088591369988339,0.088591369988339,0.10094649242095201,0.07650568285925999,0.117940547630947,-0.117940547630947,0.147028870991544,-0.16072956109254902,sentinel2_level1C_scene,2020-06-03,28,,,,,14701,modis,2020-06-24,7,15186.9230769231,15218.25,15340.0,15484.4,14847.95,14903.285714285701,14857.833333333301,14893.5,85.0,171.8,1097.866649,,,,,,,,,,,,
C3.4,2020-07-01,27,7,2020,Prokopack aspirtor,Cocody,Aïba,392454,590939,-3.9706360000000003,5.345487,48,Aedes,3,,,,,,,,,,,,0.20299926847110503,-0.20299926847110503,0.033681214421252,-0.07287050713934,sentinel2_level1C_scene,2020-06-03,28.0,0.05964781130311099,0.05964781130311099,0.07116279001288901,0.051591201397423,0.15067835299919,-0.15067835299919,0.10126136543302802,-0.125892146496938,sentinel2_level1C_scene,2020-06-03,28,,,,,14701,modis,2020-06-24,7,15186.9230769231,15218.25,15340.0,15484.4,14847.95,14903.285714285701,14857.833333333301,14893.5,85.0,171.8,1097.866649,,,,,,,,,,,,
C3.5,2020-07-01,27,7,2020,Prokopack aspirtor,Cocody,Aïba,392498,591159,-3.970242,5.347478,45,Aedes,8,,,,,,,,,,,,0.19944598337950098,-0.19944598337950098,0.064021272243813,-0.096774193548387,sentinel2_level1C_scene,2020-06-03,28.0,0.031290605174490005,0.031290605174490005,0.04739108435392599,0.036686291138614,0.175788283107401,-0.175788283107401,0.084262901449214,-0.11264275316693699,sentinel2_level1C_scene,2020-06-03,28,,,,,14701,modis,2020-06-24,7,15186.9230769231,15218.25,15340.0,15484.4,14847.95,14903.285714285701,14857.833333333301,14893.5,85.0,171.8,1097.866649,,,,,,,,,,,,
C3.6,2020-07-01,27,7,2020,Prokopack aspirtor,Cocody,Aïba,392543,590812,-3.9698309999999997,5.34434,42,Aedes,18,,,,,,,,,,,,0.14177574515060698,-0.14177574515060698,0.151746031746032,-0.164811643835616,sentinel2_level1C_scene,2020-06-03,28.0,0.09275976086719301,0.09275976086719301,0.110512773020391,0.084822416217259,0.112962981082003,-0.112962981082003,0.158270361628846,-0.16870188268589803,sentinel2_level1C_scene,2020-06-03,28,,,,,14701,modis,2020-06-24,7,15186.9230769231,15218.25,15340.0,15484.4,14847.95,14903.285714285701,14857.833333333301,14893.5,85.0,171.8,1097.866649,,,,,,,,,,,,
C3.7,2020-07-01,27,7,2020,Prokopack aspirtor,Cocody,Aïba,392479,591040,-3.970412,5.346401,47,Aedes,0,,,,,,,,,,,,0.19944598337950098,-0.19944598337950098,0.064021272243813,-0.096774193548387,sentinel2_level1C_scene,2020-06-03,28.0,0.031290605174490005,0.031290605174490005,0.04739108435392599,0.036686291138614,0.175788283107401,-0.175788283107401,0.084262901449214,-0.11264275316693699,sentinel2_level1C_scene,2020-06-03,28,,,,,14701,modis,2020-06-24,7,15186.9230769231,15218.25,15340.0,15484.4,14847.95,14903.285714285701,14857.833333333301,14893.5,85.0,171.8,1097.866649,,,,,,,,,,,,
C3.8,2020-07-01,27,7,2020,Prokopack aspirtor,Cocody,Aïba,388920,586102,-4.002458,5.301685,50,Aedes,0,,,,,,,,,,,,0.08631274828457901,-0.08631274828457901,-0.0035447026388340003,0.01441371250487,sentinel2_level1C_scene,2020-06-03,28.0,0.04042578635236899,0.04042578635236899,0.018061976351925,0.024164692060290004,0.13581395290827,-0.13581395290827,0.019319663008034,-0.038492409797779,sentinel2_level1C_scene,2020-06-03,28,,,,,14627,modis,2020-06-24,7,15185.25,15377.75,15495.75,15469.666666666699,14860.428571428602,14899.6,14866.0,14885.5,87.15,162.8,1053.533424,,,,,,,,,,,,
C3.9,2020-07-01,27,7,2020,Prokopack aspirtor,Cocody,Aïba,392539,590980,-3.96987,5.345859,47,Aedes,7,,,,,,,,,,,,0.19944598337950098,-0.19944598337950098,0.064021272243813,-0.096774193548387,sentinel2_level1C_scene,2020-06-03,28.0,0.088591369988339,0.088591369988339,0.10094649242095201,0.07650568285925999,0.117940547630947,-0.117940547630947,0.147028870991544,-0.16072956109254902,sentinel2_level1C_scene,2020-06-03,28,,,,,14701,modis,2020-06-24,7,15186.9230769231,15218.25,15340.0,15484.4,14847.95,14903.285714285701,14857.833333333301,14893.5,85.0,171.8,1097.866649,,,,,,,,,,,,
C3.10,2020-07-01,27,7,2020,Prokopack aspirtor,Cocody,Aïba,392616,590864,-3.9691730000000005,5.344811,39,Aedes,19,,,,,,,,,,,,0.14177574515060698,-0.14177574515060698,0.151746031746032,-0.164811643835616,sentinel2_level1C_scene,2020-06-03,28.0,0.09275976086719301,0.09275976086719301,0.110512773020391,0.084822416217259,0.112962981082003,-0.112962981082003,0.158270361628846,-0.16870188268589803,sentinel2_level1C_scene,2020-06-03,28,,,,,14701,modis,2020-06-24,7,15186.9230769231,15218.25,15340.0,15484.4,14847.95,14903.285714285701,14857.833333333301,14893.5,85.0,171.8,1097.866649,,,,,,,,,,,,
T4.1,2020-09-16,38,9,2020,Prokopack aspirtor,Treichville,Entente,388909,586182,-4.0025580000000005,5.302408,12,Aedes,1,,,,,,,,,,,,0.09056342896647099,-0.09056342896647099,-0.018100391864154,0.0011389521640089999,sentinel2_level1C_scene,2020-09-16,0.0,0.018511132285313,0.018511132285313,0.002493565362735,0.010038992278427,0.084035567854968,-0.084035567854968,-0.017063292714408998,0.003478512591979,sentinel2_level1C_scene,2020-09-16,0,,,,,14568,modis,2020-09-14,2,15185.25,15377.75,15495.75,15469.666666666699,14860.428571428602,14899.6,14866.0,14885.5,19.6,29.2,1141.233424,,,,,,,,,,,,
T4.2,2020-09-16,38,9,2020,Prokopack aspirtor,Treichville,Entente,388964,586259,-4.002063,5.303105,4,Aedes,3,,,,,,,,,,,,0.09056342896647099,-0.09056342896647099,-0.018100391864154,0.0011389521640089999,sentinel2_level1C_scene,2020-09-16,0.0,0.018511132285313,0.018511132285313,0.002493565362735,0.010038992278427,0.084035567854968,-0.084035567854968,-0.017063292714408998,0.003478512591979,sentinel2_level1C_scene,2020-09-16,0,,,,,14568,modis,2020-09-14,2,15185.25,15377.75,15495.75,15469.666666666699,14860.428571428602,14899.6,14866.0,14885.5,19.6,29.2,1141.233424,,,,,,,,,,,,
T4.3,2020-09-16,38,9,2020,Prokopack aspirtor,Treichville,Entente,389033,586335,-4.001441000000001,5.303794,10,Aedes,1,,,,,,,,,,,,0.09638178415471,-0.09638178415471,-0.015964673913043997,-0.010816468946267001,sentinel2_level1C_scene,2020-09-16,0.0,0.018711793924426998,0.018711793924426998,0.00222061385836,0.00945072866985,0.090202082261586,-0.090202082261586,-0.017461955499588,0.0033741913084400004,sentinel2_level1C_scene,2020-09-16,0,,,,,14568,modis,2020-09-14,2,15166.214285714299,15366.4,15520.75,15500.0,14854.428571428602,14888.2666666667,14865.428571428602,14856.0,19.6,29.2,1141.233424,,,,,,,,,,,,
T4.4,2020-09-16,38,9,2020,Prokopack aspirtor,Treichville,Entente,388880,586262,-4.002821,5.303131,35,Aedes,2,,,,,,,,,,,,0.09056342896647099,-0.09056342896647099,-0.018100391864154,0.0011389521640089999,sentinel2_level1C_scene,2020-09-16,0.0,0.018511132285313,0.018511132285313,0.002493565362735,0.010038992278427,0.084035567854968,-0.084035567854968,-0.017063292714408998,0.003478512591979,sentinel2_level1C_scene,2020-09-16,0,,,,,14568,modis,2020-09-14,2,15185.25,15377.75,15495.75,15469.666666666699,14860.428571428602,14899.6,14866.0,14885.5,19.6,29.2,1141.233424,,,,,,,,,,,,
T4.5,2020-09-16,38,9,2020,Prokopack aspirtor,Treichville,Entente,389022,586240,-4.001539,5.302934,86,Aedes,4,,,,,,,,,,,,0.09638178415471,-0.09638178415471,-0.015964673913043997,-0.010816468946267001,sentinel2_level1C_scene,2020-09-16,0.0,0.018711793924426998,0.018711793924426998,0.00222061385836,0.00945072866985,0.090202082261586,-0.090202082261586,-0.017461955499588,0.0033741913084400004,sentinel2_level1C_scene,2020-09-16,0,,,,,14568,modis,2020-09-14,2,15166.214285714299,15366.4,15520.75,15500.0,14854.428571428602,14888.2666666667,14865.428571428602,14856.0,19.6,29.2,1141.233424,,,,,,,,,,,,
T4.6,2020-09-16,38,9,2020,Prokopack aspirtor,Treichville,Entente,388978,586363,-4.001938,5.304046,11,Aedes,0,,,,,,,,,,,,0.09638178415471,-0.09638178415471,-0.015964673913043997,-0.010816468946267001,sentinel2_level1C_scene,2020-09-16,0.0,0.018511132285313,0.018511132285313,0.002493565362735,0.010038992278427,0.084035567854968,-0.084035567854968,-0.017063292714408998,0.003478512591979,sentinel2_level1C_scene,2020-09-16,0,,,,,14568,modis,2020-09-14,2,15166.214285714299,15366.4,15520.75,15500.0,14854.428571428602,14888.2666666667,14865.428571428602,14856.0,19.6,29.2,1141.233424,,,,,,,,,,,,
T4.7,2020-09-16,38,9,2020,Prokopack aspirtor,Treichville,Entente,388914,586076,-4.002511,5.301449,7,Aedes,2,,,,,,,,,,,,0.09056342896647099,-0.09056342896647099,-0.018100391864154,0.0011389521640089999,sentinel2_level1C_scene,2020-09-16,0.0,0.018511132285313,0.018511132285313,0.002493565362735,0.010038992278427,0.084035567854968,-0.084035567854968,-0.017063292714408998,0.003478512591979,sentinel2_level1C_scene,2020-09-16,0,,,,,14568,modis,2020-09-14,2,15185.25,15377.75,15495.75,15469.666666666699,14860.428571428602,14899.6,14866.0,14885.5,19.6,29.2,1141.233424,,,,,,,,,,,,
T4.8,2020-09-16,38,9,2020,Prokopack aspirtor,Treichville,Entente,388899,586275,-4.00265,5.303249,9,Aedes,4,,,,,,,,,,,,0.09056342896647099,-0.09056342896647099,-0.018100391864154,0.0011389521640089999,sentinel2_level1C_scene,2020-09-16,0.0,0.018511132285313,0.018511132285313,0.002493565362735,0.010038992278427,0.084035567854968,-0.084035567854968,-0.017063292714408998,0.003478512591979,sentinel2_level1C_scene,2020-09-16,0,,,,,14568,modis,2020-09-14,2,15185.25,15377.75,15495.75,15469.666666666699,14860.428571428602,14899.6,14866.0,14885.5,19.6,29.2,1141.233424,,,,,,,,,,,,
T4.9,2020-09-16,38,9,2020,Prokopack aspirtor,Treichville,Entente,388833,586189,-4.0032440000000005,5.30247,14,Aedes,2,,,,,,,,,,,,0.09056342896647099,-0.09056342896647099,-0.018100391864154,0.0011389521640089999,sentinel2_level1C_scene,2020-09-16,0.0,0.018511132285313,0.018511132285313,0.002493565362735,0.010038992278427,0.084035567854968,-0.084035567854968,-0.017063292714408998,0.003478512591979,sentinel2_level1C_scene,2020-09-16,0,,,,,14568,modis,2020-09-14,2,15185.25,15377.75,15495.75,15469.666666666699,14860.428571428602,14899.6,14866.0,14885.5,19.6,29.2,1141.233424,,,,,,,,,,,,
T4.10,2020-09-16,38,9,2020,Prokopack aspirtor,Treichville,Entente,388939,586261,-4.002288,5.303123,7,Aedes,11,,,,,,,,,,,,0.09056342896647099,-0.09056342896647099,-0.018100391864154,0.0011389521640089999,sentinel2_level1C_scene,2020-09-16,0.0,0.018511132285313,0.018511132285313,0.002493565362735,0.010038992278427,0.084035567854968,-0.084035567854968,-0.017063292714408998,0.003478512591979,sentinel2_level1C_scene,2020-09-16,0,,,,,14568,modis,2020-09-14,2,15185.25,15377.75,15495.75,15469.666666666699,14860.428571428602,14899.6,14866.0,14885.5,19.6,29.2,1141.233424,,,,,,,,,,,,
B4.1,2020-09-24,39,9,2020,Prokopack aspirtor,Bingerville,Gbagba,401621,591451,-3.887915,5.350244,18,Aedes,6,,,,,,,,,,,,0.17403915881073198,-0.17403915881073198,0.087350835322196,-0.137862137862138,sentinel2_level1C_scene,2020-09-01,23.0,0.0,0.0,0.0,0.0,-0.0480109739369,0.0480109739369,0.066046511627907,-0.04039945528824299,sentinel2_level1C_scene,2020-09-11,13,,,,,14601,modis,2020-09-18,6,15091.083333333301,15298.571428571398,15384.333333333301,15536.0,14801.428571428602,14866.785714285701,14835.714285714299,14862.0,9.5,26.5,1152.0831230000001,,,,,,,,,,,,
B4.2,2020-09-24,39,9,2020,Prokopack aspirtor,Bingerville,Gbagba,402056,591536,-3.8839900000000003,5.351018,28,Aedes,1,,,,,,,,,,,,0.063120118218282,-0.063120118218282,0.180633147113594,-0.17812582957260395,sentinel2_level1C_scene,2020-09-01,23.0,0.039596503499505,0.039596503499505,0.04590185032009,0.045397012519681,0.130576111230862,-0.130576111230862,0.12143295239916099,-0.152568111112814,sentinel2_level1C_scene,2020-09-01,23,,,,,14598,modis,2020-09-18,6,15108.5,15308.571428571398,15413.333333333301,15428.5,14800.0952380952,14864.285714285701,14837.0,14849.0,9.5,26.5,1152.0831230000001,,,,,,,,,,,,
B4.3,2020-09-24,39,9,2020,Prokopack aspirtor,Bingerville,Gbagba,401850,591465,-3.885848,5.350373,24,Aedes,2,,,,,,,,,,,,0.17403915881073198,-0.17403915881073198,0.087350835322196,-0.137862137862138,sentinel2_level1C_scene,2020-09-01,23.0,0.0,0.0,0.0,0.0,-0.0480109739369,0.0480109739369,0.066046511627907,-0.04039945528824299,sentinel2_level1C_scene,2020-09-11,13,,,,,14601,modis,2020-09-18,6,15091.083333333301,15298.571428571398,15384.333333333301,15536.0,14801.428571428602,14866.785714285701,14835.714285714299,14862.0,9.5,26.5,1152.0831230000001,,,,,,,,,,,,
B4.4,2020-09-24,39,9,2020,Prokopack aspirtor,Bingerville,Gbagba,401711,591593,-3.887104,5.351529,20,Aedes,1,,,,,,,,,,,,0.17403915881073198,-0.17403915881073198,0.087350835322196,-0.137862137862138,sentinel2_level1C_scene,2020-09-01,23.0,0.0,0.0,0.0,0.0,-0.0480109739369,0.0480109739369,0.066046511627907,-0.04039945528824299,sentinel2_level1C_scene,2020-09-11,13,,,,,14601,modis,2020-09-18,6,15091.083333333301,15298.571428571398,15384.333333333301,15536.0,14801.428571428602,14866.785714285701,14835.714285714299,14862.0,9.5,26.5,1152.0831230000001,,,,,,,,,,,,
B4.5,2020-09-24,39,9,2020,Prokopack aspirtor,Bingerville,Gbagba,401686,591537,-3.8873290000000003,5.351022,22,Aedes,4,,,,,,,,,,,,0.17403915881073198,-0.17403915881073198,0.087350835322196,-0.137862137862138,sentinel2_level1C_scene,2020-09-01,23.0,0.0,0.0,0.0,0.0,-0.0480109739369,0.0480109739369,0.066046511627907,-0.04039945528824299,sentinel2_level1C_scene,2020-09-11,13,,,,,14601,modis,2020-09-18,6,15091.083333333301,15298.571428571398,15384.333333333301,15536.0,14801.428571428602,14866.785714285701,14835.714285714299,14862.0,9.5,26.5,1152.0831230000001,,,,,,,,,,,,
B4.6,2020-09-24,39,9,2020,Prokopack aspirtor,Bingerville,Gbagba,401739,591494,-3.886851,5.3506339999999994,24,Aedes,1,,,,,,,,,,,,0.17403915881073198,-0.17403915881073198,0.087350835322196,-0.137862137862138,sentinel2_level1C_scene,2020-09-01,23.0,0.0,0.0,0.0,0.0,-0.0480109739369,0.0480109739369,0.066046511627907,-0.04039945528824299,sentinel2_level1C_scene,2020-09-11,13,,,,,14601,modis,2020-09-18,6,15091.083333333301,15298.571428571398,15384.333333333301,15536.0,14801.428571428602,14866.785714285701,14835.714285714299,14862.0,9.5,26.5,1152.0831230000001,,,,,,,,,,,,
B4.7,2020-09-24,39,9,2020,Prokopack aspirtor,Bingerville,Gbagba,401587,591586,-3.8882230000000004,5.351464,14,Aedes,0,,,,,,,,,,,,0.17403915881073198,-0.17403915881073198,0.087350835322196,-0.137862137862138,sentinel2_level1C_scene,2020-09-01,23.0,0.0,0.0,0.0,0.0,-0.0480109739369,0.0480109739369,0.066046511627907,-0.04039945528824299,sentinel2_level1C_scene,2020-09-11,13,,,,,14601,modis,2020-09-18,6,15091.083333333301,15298.571428571398,15384.333333333301,15536.0,14801.428571428602,14866.785714285701,14835.714285714299,14862.0,9.5,26.5,1152.0831230000001,,,,,,,,,,,,
B4.8,2020-09-24,39,9,2020,Prokopack aspirtor,Bingerville,Gbagba,401650,591538,-3.887654,5.351031,13,Aedes,4,,,,,,,,,,,,0.17403915881073198,-0.17403915881073198,0.087350835322196,-0.137862137862138,sentinel2_level1C_scene,2020-09-01,23.0,0.0,0.0,0.0,0.0,-0.0480109739369,0.0480109739369,0.066046511627907,-0.04039945528824299,sentinel2_level1C_scene,2020-09-11,13,,,,,14601,modis,2020-09-18,6,15091.083333333301,15298.571428571398,15384.333333333301,15536.0,14801.428571428602,14866.785714285701,14835.714285714299,14862.0,9.5,26.5,1152.0831230000001,,,,,,,,,,,,
B4.9,2020-09-24,39,9,2020,Prokopack aspirtor,Bingerville,Gbagba,402026,591519,-3.884261,5.350864,23,Aedes,6,,,,,,,,,,,,0.063120118218282,-0.063120118218282,0.180633147113594,-0.17812582957260395,sentinel2_level1C_scene,2020-09-01,23.0,0.039596503499505,0.039596503499505,0.04590185032009,0.045397012519681,0.130576111230862,-0.130576111230862,0.12143295239916099,-0.152568111112814,sentinel2_level1C_scene,2020-09-01,23,,,,,14598,modis,2020-09-18,6,15108.5,15308.571428571398,15413.333333333301,15428.5,14800.0952380952,14864.285714285701,14837.0,14849.0,9.5,26.5,1152.0831230000001,,,,,,,,,,,,
B4.10,2020-09-24,39,9,2020,Prokopack aspirtor,Bingerville,Gbagba,402025,591521,-3.88427,5.350882,27,Aedes,3,,,,,,,,,,,,0.063120118218282,-0.063120118218282,0.180633147113594,-0.17812582957260395,sentinel2_level1C_scene,2020-09-01,23.0,0.039596503499505,0.039596503499505,0.04590185032009,0.045397012519681,0.130576111230862,-0.130576111230862,0.12143295239916099,-0.152568111112814,sentinel2_level1C_scene,2020-09-01,23,,,,,14598,modis,2020-09-18,6,15108.5,15308.571428571398,15413.333333333301,15428.5,14800.0952380952,14864.285714285701,14837.0,14849.0,9.5,26.5,1152.0831230000001,,,,,,,,,,,,
C4.1,2020-09-18,38,9,2020,Prokopack aspirtor,Cocody,Aïba,392644,591153,-3.968925,5.3474260000000005,54,Aedes,3,,,,,,,,,,,,0.235792850595784,-0.235792850595784,0.036357986326911,-0.07981220657277,sentinel2_level1C_scene,2020-09-11,7.0,0.0,0.0,0.0,0.0,0.11820802838766901,-0.11820802838766901,0.000503271263211,-0.0017636684303350002,sentinel2_level1C_scene,2020-09-16,2,,,,,14617,modis,2020-09-18,0,15186.9230769231,15218.25,15340.0,15484.4,14847.95,14903.285714285701,14857.833333333301,14893.5,14.8,27.65,1211.466649,,,,,,,,,,,,
C4.2,2020-09-18,38,9,2020,Prokopack aspirtor,Cocody,Aïba,392581,591026,-3.9694910000000005,5.3462760000000005,36,Aedes,1,,,,,,,,,,,,0.235792850595784,-0.235792850595784,0.036357986326911,-0.07981220657277,sentinel2_level1C_scene,2020-09-11,7.0,0.0,0.0,0.0,0.0,0.11820802838766901,-0.11820802838766901,0.000503271263211,-0.0017636684303350002,sentinel2_level1C_scene,2020-09-16,2,,,,,14617,modis,2020-09-18,0,15186.9230769231,15218.25,15340.0,15484.4,14847.95,14903.285714285701,14857.833333333301,14893.5,14.8,27.65,1211.466649,,,,,,,,,,,,
C4.3,2020-09-18,38,9,2020,Prokopack aspirtor,Cocody,Aïba,392612,591014,-3.969211,5.346168,42,Aedes,0,,,,,,,,,,,,0.235792850595784,-0.235792850595784,0.036357986326911,-0.07981220657277,sentinel2_level1C_scene,2020-09-11,7.0,0.0,0.0,0.0,0.0,0.11820802838766901,-0.11820802838766901,0.000503271263211,-0.0017636684303350002,sentinel2_level1C_scene,2020-09-16,2,,,,,14617,modis,2020-09-18,0,15186.9230769231,15218.25,15340.0,15484.4,14847.95,14903.285714285701,14857.833333333301,14893.5,14.8,27.65,1211.466649,,,,,,,,,,,,
C4.4,2020-09-18,38,9,2020,Prokopack aspirtor,Cocody,Aïba,392454,590939,-3.9706360000000003,5.345487,48,Aedes,0,,,,,,,,,,,,0.207383582715704,-0.207383582715704,0.019241143679195,-0.060033663736675,sentinel2_level1C_scene,2020-09-11,7.0,0.0,0.0,0.0,0.0,0.11820802838766901,-0.11820802838766901,0.000503271263211,-0.0017636684303350002,sentinel2_level1C_scene,2020-09-16,2,,,,,14617,modis,2020-09-18,0,15186.9230769231,15218.25,15340.0,15484.4,14847.95,14903.285714285701,14857.833333333301,14893.5,14.8,27.65,1211.466649,,,,,,,,,,,,
C4.5,2020-09-18,38,9,2020,Prokopack aspirtor,Cocody,Aïba,392498,591159,-3.970242,5.347478,45,Aedes,3,,,,,,,,,,,,0.235792850595784,-0.235792850595784,0.036357986326911,-0.07981220657277,sentinel2_level1C_scene,2020-09-11,7.0,0.0,0.0,0.0,0.0,0.11820802838766901,-0.11820802838766901,0.000503271263211,-0.0017636684303350002,sentinel2_level1C_scene,2020-09-16,2,,,,,14617,modis,2020-09-18,0,15186.9230769231,15218.25,15340.0,15484.4,14847.95,14903.285714285701,14857.833333333301,14893.5,14.8,27.65,1211.466649,,,,,,,,,,,,
C4.6,2020-09-18,38,9,2020,Prokopack aspirtor,Cocody,Aïba,392543,590812,-3.9698309999999997,5.34434,42,Aedes,5,,,,,,,,,,,,0.20453686200378102,-0.20453686200378102,0.08397733127253999,-0.114800423878488,sentinel2_level1C_scene,2020-09-11,7.0,0.0,0.0,0.0,0.0,0.11820802838766901,-0.11820802838766901,0.000503271263211,-0.0017636684303350002,sentinel2_level1C_scene,2020-09-16,2,,,,,14617,modis,2020-09-18,0,15186.9230769231,15218.25,15340.0,15484.4,14847.95,14903.285714285701,14857.833333333301,14893.5,14.8,27.65,1211.466649,,,,,,,,,,,,
C4.7,2020-09-18,38,9,2020,Prokopack aspirtor,Cocody,Aïba,392479,591040,-3.970412,5.346401,47,Aedes,0,,,,,,,,,,,,0.235792850595784,-0.235792850595784,0.036357986326911,-0.07981220657277,sentinel2_level1C_scene,2020-09-11,7.0,0.0,0.0,0.0,0.0,0.11820802838766901,-0.11820802838766901,0.000503271263211,-0.0017636684303350002,sentinel2_level1C_scene,2020-09-16,2,,,,,14617,modis,2020-09-18,0,15186.9230769231,15218.25,15340.0,15484.4,14847.95,14903.285714285701,14857.833333333301,14893.5,14.8,27.65,1211.466649,,,,,,,,,,,,
C4.8,2020-09-18,38,9,2020,Prokopack aspirtor,Cocody,Aïba,388920,586102,-4.002458,5.301685,50,Aedes,0,,,,,,,,,,,,0.09056342896647099,-0.09056342896647099,-0.018100391864154,0.0011389521640089999,sentinel2_level1C_scene,2020-09-16,2.0,0.018511132285313,0.018511132285313,0.002493565362735,0.010038992278427,0.084035567854968,-0.084035567854968,-0.017063292714408998,0.003478512591979,sentinel2_level1C_scene,2020-09-16,2,,,,,14772,modis,2020-09-17,1,15185.25,15377.75,15495.75,15469.666666666699,14860.428571428602,14899.6,14866.0,14885.5,12.15,23.9,1142.183424,,,,,,,,,,,,
C4.9,2020-09-18,38,9,2020,Prokopack aspirtor,Cocody,Aïba,392539,590980,-3.96987,5.345859,47,Aedes,1,,,,,,,,,,,,0.235792850595784,-0.235792850595784,0.036357986326911,-0.07981220657277,sentinel2_level1C_scene,2020-09-11,7.0,0.0,0.0,0.0,0.0,0.11820802838766901,-0.11820802838766901,0.000503271263211,-0.0017636684303350002,sentinel2_level1C_scene,2020-09-16,2,,,,,14617,modis,2020-09-18,0,15186.9230769231,15218.25,15340.0,15484.4,14847.95,14903.285714285701,14857.833333333301,14893.5,14.8,27.65,1211.466649,,,,,,,,,,,,
C4.10,2020-09-18,38,9,2020,Prokopack aspirtor,Cocody,Aïba,392616,590864,-3.9691730000000005,5.344811,39,Aedes,4,,,,,,,,,,,,0.20453686200378102,-0.20453686200378102,0.08397733127253999,-0.114800423878488,sentinel2_level1C_scene,2020-09-11,7.0,0.0,0.0,0.0,0.0,0.11820802838766901,-0.11820802838766901,0.000503271263211,-0.0017636684303350002,sentinel2_level1C_scene,2020-09-16,2,,,,,14617,modis,2020-09-18,0,15186.9230769231,15218.25,15340.0,15484.4,14847.95,14903.285714285701,14857.833333333301,14893.5,14.8,27.65,1211.466649,,,,,,,,,,,,
