x,y,dt_placement,month,year,region,ndvi,ndmi,ndwi,ndbi,ndvi_mean,ndmi_mean,ndwi_mean,ndbi_mean,ndvi_std,ndmi_std,ndwi_std,ndbi_std,lst_day,lst_night,lst_jan_mean,lst_feb_mean,lst_mar_mean,lst_apr_mean,acc_rainfall_1week,acc_rainfall_2week,acc_rainfall_jan
-4.002558,5.302408,2022-11-07,11,2022,Ivory Coast,-0.025146400275577,-0.114795120425399,0.0271570986593331,0.114795120425399,0.0261412712054005,-0.103928649367955,-0.0291997531699671,0.103928649367955,0.0639566142163762,0.0405771490212912,0.0570888092432152,0.0405771490212912,,14850,15275.5555555556,15354.5,15572,15567,74.2,99.9,1624.2
-4.002063,5.303105,2022-11-07,11,2022,Ivory Coast,-0.025146400275577,-0.114795120425399,0.0271570986593331,0.114795120425399,0.0261412712054005,-0.103928649367955,-0.0291997531699671,0.103928649367955,0.0639566142163762,0.0405771490212912,0.0570888092432152,0.0405771490212912,,14850,15275.5555555556,15354.5,15572,15567,74.2,99.9,1624.2
-4.001441,5.303794,2022-11-07,11,2022,Ivory Coast,0.00567536889897844,-0.148690847946193,-0.0269487105186902,0.148690847946193,0.0391190365692288,-0.109530167136769,-0.0487930447639062,0.109530167136769,0.0649278594977619,0.0408575484360042,0.0547013755472316,0.0408575484360042,,14835,15312.75,15374.5,15586,,74.2,99.9,1624.2
-4.002821,5.303131,2022-11-07,11,2022,Ivory Coast,-0.025146400275577,-0.114795120425399,0.0271570986593331,0.114795120425399,0.0261412712054005,-0.103928649367955,-0.0291997531699671,0.103928649367955,0.0639566142163762,0.0405771490212912,0.0570888092432152,0.0405771490212912,,14850,15275.5555555556,15354.5,15572,15567,74.2,99.9,1624.2
-4.001539,5.302934,2022-11-07,11,2022,Ivory Coast,0.00567536889897844,-0.148690847946193,-0.0269487105186902,0.148690847946193,0.0391190365692288,-0.109530167136769,-0.0487930447639062,0.109530167136769,0.0649278594977619,0.0408575484360042,0.0547013755472316,0.0408575484360042,,14835,15312.75,15374.5,15586,,74.2,99.9,1624.2
-4.001938,5.304046,2022-11-07,11,2022,Ivory Coast,0.00567536889897844,-0.148690847946193,-0.0269487105186902,0.148690847946193,0.0391190365692288,-0.109530167136769,-0.0487930447639062,0.109530167136769,0.0649278594977619,0.0408575484360042,0.0547013755472316,0.0408575484360042,,14835,15312.75,15374.5,15586,,74.2,99.9,1624.2
-4.002511,5.301449,2022-11-07,11,2022,Ivory Coast,-0.025146400275577,-0.114795120425399,0.0271570986593331,0.114795120425399,0.0261412712054005,-0.103928649367955,-0.0291997531699671,0.103928649367955,0.0639566142163762,0.0405771490212912,0.0570888092432152,0.0405771490212912,,14850,15275.5555555556,15354.5,15572,15567,74.2,99.9,1624.2
-4.00265,5.303249,2022-11-07,11,2022,Ivory Coast,-0.025146400275577,-0.114795120425399,0.0271570986593331,0.114795120425399,0.0261412712054005,-0.103928649367955,-0.0291997531699671,0.103928649367955,0.0639566142163762,0.0405771490212912,0.0570888092432152,0.0405771490212912,,14850,15275.5555555556,15354.5,15572,15567,74.2,99.9,1624.2
-4.003244,5.30247,2022-11-07,11,2022,Ivory Coast,-0.025146400275577,-0.114795120425399,0.0271570986593331,0.114795120425399,0.0261412712054005,-0.103928649367955,-0.0291997531699671,0.103928649367955,0.0639566142163762,0.0405771490212912,0.0570888092432152,0.0405771490212912,,14850,15275.5555555556,15354.5,15572,15567,74.2,99.9,1624.2
-4.002288,5.303123,2022-11-07,11,2022,Ivory Coast,-0.025146400275577,-0.114795120425399,0.0271570986593331,0.114795120425399,0.0261412712054005,-0.103928649367955,-0.0291997531699671,0.103928649367955,0.0639566142163762,0.0405771490212912,0.0570888092432152,0.0405771490212912,,14850,15275.5555555556,15354.5,15572,15567,74.2,99.9,1624.2
-3.887915,5.350244,2022-11-07,11,2022,Ivory Coast,,,,,,,,,,,,,,14789,15180.4444444444,15293.5,15128,15353,83.1,109.2,1510.6
-3.88399,5.351018,2022-11-07,11,2022,Ivory Coast,,,,,,,,,,,,,,14754,15247.3333333333,15345.5,15136,15280,83.1,109.2,1510.6
-3.885848,5.350373,2022-11-07,11,2022,Ivory Coast,,,,,,,,,,,,,,14789,15180.4444444444,15293.5,15128,15353,83.1,109.2,1510.6
-3.887104,5.351529,2022-11-07,11,2022,Ivory Coast,,,,,,,,,,,,,,14789,15180.4444444444,15293.5,15128,15353,83.1,109.2,1510.6
-3.887329,5.351022,2022-11-07,11,2022,Ivory Coast,,,,,,,,,,,,,,14789,15180.4444444444,15293.5,15128,15353,83.1,109.2,1510.6
-3.886851,5.350634,2022-11-07,11,2022,Ivory Coast,,,,,,,,,,,,,,14789,15180.4444444444,15293.5,15128,15353,83.1,109.2,1510.6
-3.888223,5.351464,2022-11-07,11,2022,Ivory Coast,,,,,,,,,,,,,,14789,15180.4444444444,15293.5,15128,15353,83.1,109.2,1510.6
-3.887654,5.351031,2022-11-07,11,2022,Ivory Coast,,,,,,,,,,,,,,14789,15180.4444444444,15293.5,15128,15353,83.1,109.2,1510.6
-3.884261,5.350864,2022-11-07,11,2022,Ivory Coast,,,,,,,,,,,,,,14754,15247.3333333333,15345.5,15136,15280,83.1,109.2,1510.6
-3.88427,5.350882,2022-11-07,11,2022,Ivory Coast,,,,,,,,,,,,,,14754,15247.3333333333,15345.5,15136,15280,83.1,109.2,1510.6
-3.968925,5.347426,2022-11-07,11,2022,Ivory Coast,,,,,,,,,,,,,,14821,15316,15366,15506,,79.4,102.9,1628.8
-3.969491,5.346276,2022-11-07,11,2022,Ivory Coast,,,,,,,,,,,,,,14821,15316,15366,15506,,79.4,102.9,1628.8
-3.969211,5.346168,2022-11-07,11,2022,Ivory Coast,,,,,,,,,,,,,,14821,15316,15366,15506,,79.4,102.9,1628.8
-3.970636,5.345487,2022-11-07,11,2022,Ivory Coast,,,,,,,,,,,,,,14821,15316,15366,15506,,79.4,102.9,1628.8
-3.970242,5.347478,2022-11-07,11,2022,Ivory Coast,,,,,,,,,,,,,,14821,15316,15366,15506,,79.4,102.9,1628.8
-3.969831,5.34434,2022-11-07,11,2022,Ivory Coast,,,,,0.149752832521319,-0.0525143890458342,-0.145105259402388,0.0525143890458342,0.105642875789806,0.0769601776327271,0.0752293114240285,0.0769601776327271,,14821,15316,15366,15506,,79.4,102.9,1628.8
-3.970412,5.346401,2022-11-07,11,2022,Ivory Coast,,,,,,,,,,,,,,14821,15316,15366,15506,,79.4,102.9,1628.8
-4.002458,5.301685,2022-11-07,11,2022,Ivory Coast,-0.025146400275577,-0.114795120425399,0.0271570986593331,0.114795120425399,0.0261412712054005,-0.103928649367955,-0.0291997531699671,0.103928649367955,0.0639566142163762,0.0405771490212912,0.0570888092432152,0.0405771490212912,,14850,15275.5555555556,15354.5,15572,15567,74.2,99.9,1624.2
-3.96987,5.345859,2022-11-07,11,2022,Ivory Coast,,,,,,,,,,,,,,14821,15316,15366,15506,,79.4,102.9,1628.8
-3.969173,5.344811,2022-11-07,11,2022,Ivory Coast,,,,,0.149752832521319,-0.0525143890458342,-0.145105259402388,0.0525143890458342,0.105642875789806,0.0769601776327271,0.0752293114240285,0.0769601776327271,,14821,15316,15366,15506,,79.4,102.9,1628.8
-3.058417,5.283778,2022-11-07,11,2022,Ivory Coast,,,,,,,,,,,,,,14671,15006.2857142857,,15186.5,15209,95.2,139.1,1441.2
-3.049389,5.282611,2022-11-07,11,2022,Ivory Coast,,,,,,,,,,,,,,14674,15042.5555555556,,15215.5,15269,95.2,139.1,1441.2
-3.059194,5.295056,2022-11-07,11,2022,Ivory Coast,,,,,,,,,,,,,,14690,15034.4285714286,14871,15181,15238,95.2,139.1,1441.2
-3.061333,5.285667,2022-11-07,11,2022,Ivory Coast,,,,,,,,,,,,,,14671,15006.2857142857,,15186.5,15209,95.2,139.1,1441.2
-3.053944,5.287639,2022-11-07,11,2022,Ivory Coast,,,,,,,,,,,,,,14674,15042.5555555556,,15215.5,15269,95.2,139.1,1441.2
-3.0515,5.2895,2022-11-07,11,2022,Ivory Coast,,,,,,,,,,,,,,14674,15042.5555555556,,15215.5,15269,95.2,139.1,1441.2
-3.0535,5.277194,2022-11-07,11,2022,Ivory Coast,,,,,,,,,,,,,,14693,15038.3333333333,,15138,15027,95.2,139.1,1441.2
-3.059639,5.289611,2022-11-07,11,2022,Ivory Coast,,,,,,,,,,,,,,14671,15006.2857142857,,15186.5,15209,95.2,139.1,1441.2
-3.052083,5.284639,2022-11-07,11,2022,Ivory Coast,,,,,,,,,,,,,,14674,15042.5555555556,,15215.5,15269,95.2,139.1,1441.2
-3.055694,5.298528,2022-11-07,11,2022,Ivory Coast,,,,,,,,,,,,,,14690,15034.4285714286,14871,15181,15238,95.2,139.1,1441.2
-3.058667,5.300944,2022-11-07,11,2022,Ivory Coast,,,,,,,,,,,,,,14695,15077.5,14871,15159,15226,108.8,157.9,1490.7
-3.045028,5.289167,2022-11-07,11,2022,Ivory Coast,,,,,,,,,,,,,,14688,15046.8888888889,,15197,15250,95.2,139.1,1441.2
-3.052917,5.284167,2022-11-07,11,2022,Ivory Coast,,,,,,,,,,,,,,14674,15042.5555555556,,15215.5,15269,95.2,139.1,1441.2
-3.052306,5.285833,2022-11-07,11,2022,Ivory Coast,,,,,,,,,,,,,,14674,15042.5555555556,,15215.5,15269,95.2,139.1,1441.2
-3.052583,5.285167,2022-11-07,11,2022,Ivory Coast,,,,,,,,,,,,,,14674,15042.5555555556,,15215.5,15269,95.2,139.1,1441.2
-3.053361,5.284056,2022-11-07,11,2022,Ivory Coast,,,,,,,,,,,,,,14674,15042.5555555556,,15215.5,15269,95.2,139.1,1441.2
-3.054944,5.284083,2022-11-07,11,2022,Ivory Coast,,,,,,,,,,,,,,14671,15006.2857142857,,15186.5,15209,95.2,139.1,1441.2
-3.054417,5.28475,2022-11-07,11,2022,Ivory Coast,,,,,,,,,,,,,,14671,15006.2857142857,,15186.5,15209,95.2,139.1,1441.2
-3.053861,5.285583,2022-11-07,11,2022,Ivory Coast,,,,,,,,,,,,,,14674,15042.5555555556,,15215.5,15269,95.2,139.1,1441.2
-3.055639,5.285611,2022-11-07,11,2022,Ivory Coast,,,,,,,,,,,,,,14671,15006.2857142857,,15186.5,15209,95.2,139.1,1441.2
-3.057083,5.285528,2022-11-07,11,2022,Ivory Coast,,,,,,,,,,,,,,14671,15006.2857142857,,15186.5,15209,95.2,139.1,1441.2
-3.057806,5.284889,2022-11-07,11,2022,Ivory Coast,,,,,,,,,,,,,,14671,15006.2857142857,,15186.5,15209,95.2,139.1,1441.2
-3.058667,5.286083,2022-11-07,11,2022,Ivory Coast,,,,,,,,,,,,,,14671,15006.2857142857,,15186.5,15209,95.2,139.1,1441.2
-3.05775,5.2865,2022-11-07,11,2022,Ivory Coast,,,,,,,,,,,,,,14671,15006.2857142857,,15186.5,15209,95.2,139.1,1441.2
-3.056917,5.288139,2022-11-07,11,2022,Ivory Coast,,,,,,,,,,,,,,14671,15006.2857142857,,15186.5,15209,95.2,139.1,1441.2
-3.056417,5.287139,2022-11-07,11,2022,Ivory Coast,,,,,,,,,,,,,,14671,15006.2857142857,,15186.5,15209,95.2,139.1,1441.2
-3.054667,5.287944,2022-11-07,11,2022,Ivory Coast,,,,,,,,,,,,,,14671,15006.2857142857,,15186.5,15209,95.2,139.1,1441.2
-3.055278,5.287806,2022-11-07,11,2022,Ivory Coast,,,,,,,,,,,,,,14671,15006.2857142857,,15186.5,15209,95.2,139.1,1441.2
-3.055833,5.287611,2022-11-07,11,2022,Ivory Coast,,,,,,,,,,,,,,14671,15006.2857142857,,15186.5,15209,95.2,139.1,1441.2
-3.057361,5.286722,2022-11-07,11,2022,Ivory Coast,,,,,,,,,,,,,,14671,15006.2857142857,,15186.5,15209,95.2,139.1,1441.2
-3.055472,5.286278,2022-11-07,11,2022,Ivory Coast,,,,,,,,,,,,,,14671,15006.2857142857,,15186.5,15209,95.2,139.1,1441.2
-3.054111,5.295861,2022-11-07,11,2022,Ivory Coast,,,,,,,,,,,,,,14683,15081,14871,15242,,95.2,139.1,1441.2
-3.054778,5.296389,2022-11-07,11,2022,Ivory Coast,,,,,,,,,,,,,,14690,15034.4285714286,14871,15181,15238,95.2,139.1,1441.2
-3.055333,5.297361,2022-11-07,11,2022,Ivory Coast,,,,,,,,,,,,,,14690,15034.4285714286,14871,15181,15238,95.2,139.1,1441.2
-3.056694,5.299222,2022-11-07,11,2022,Ivory Coast,,,,,,,,,,,,,,14690,15034.4285714286,14871,15181,15238,95.2,139.1,1441.2
-3.056667,5.298278,2022-11-07,11,2022,Ivory Coast,,,,,,,,,,,,,,14690,15034.4285714286,14871,15181,15238,95.2,139.1,1441.2
-3.056194,5.297056,2022-11-07,11,2022,Ivory Coast,,,,,,,,,,,,,,14690,15034.4285714286,14871,15181,15238,95.2,139.1,1441.2
-3.055667,5.295389,2022-11-07,11,2022,Ivory Coast,,,,,,,,,,,,,,14690,15034.4285714286,14871,15181,15238,95.2,139.1,1441.2
-3.056194,5.294083,2022-11-07,11,2022,Ivory Coast,,,,,,,,,,,,,,14690,15034.4285714286,14871,15181,15238,95.2,139.1,1441.2
-3.057222,5.295139,2022-11-07,11,2022,Ivory Coast,,,,,,,,,,,,,,14690,15034.4285714286,14871,15181,15238,95.2,139.1,1441.2
-3.05775,5.2965,2022-11-07,11,2022,Ivory Coast,,,,,,,,,,,,,,14690,15034.4285714286,14871,15181,15238,95.2,139.1,1441.2
-3.058,5.298556,2022-11-07,11,2022,Ivory Coast,,,,,,,,,,,,,,14690,15034.4285714286,14871,15181,15238,95.2,139.1,1441.2
-3.058389,5.299611,2022-11-07,11,2022,Ivory Coast,,,,,,,,,,,,,,14690,15034.4285714286,14871,15181,15238,95.2,139.1,1441.2
-3.05925,5.300056,2022-11-07,11,2022,Ivory Coast,,,,,,,,,,,,,,14690,15034.4285714286,14871,15181,15238,108.8,157.9,1490.7
-3.058583,5.29875,2022-11-07,11,2022,Ivory Coast,,,,,,,,,,,,,,14690,15034.4285714286,14871,15181,15238,95.2,139.1,1441.2
-3.058889,5.297556,2022-11-07,11,2022,Ivory Coast,,,,,,,,,,,,,,14690,15034.4285714286,14871,15181,15238,95.2,139.1,1441.2
-3.061556,5.296583,2022-11-07,11,2022,Ivory Coast,,,,,,,,,,,,,,14690,15034.4285714286,14871,15181,15238,95.2,139.1,1441.2
-3.059861,5.296472,2022-11-07,11,2022,Ivory Coast,,,,,,,,,,,,,,14690,15034.4285714286,14871,15181,15238,95.2,139.1,1441.2
-3.059472,5.295333,2022-11-07,11,2022,Ivory Coast,,,,,,,,,,,,,,14690,15034.4285714286,14871,15181,15238,95.2,139.1,1441.2
-3.051194,5.288083,2022-11-07,11,2022,Ivory Coast,,,,,,,,,,,,,,14674,15042.5555555556,,15215.5,15269,95.2,139.1,1441.2
-3.050667,5.287528,2022-11-07,11,2022,Ivory Coast,,,,,,,,,,,,,,14674,15042.5555555556,,15215.5,15269,95.2,139.1,1441.2
-3.049833,5.288111,2022-11-07,11,2022,Ivory Coast,,,,,,,,,,,,,,14674,15042.5555555556,,15215.5,15269,95.2,139.1,1441.2
-3.048889,5.288278,2022-11-07,11,2022,Ivory Coast,,,,,,,,,,,,,,14674,15042.5555555556,,15215.5,15269,95.2,139.1,1441.2
-3.048028,5.287361,2022-11-07,11,2022,Ivory Coast,,,,,,,,,,,,,,14674,15042.5555555556,,15215.5,15269,95.2,139.1,1441.2
-3.048083,5.288611,2022-11-07,11,2022,Ivory Coast,,,,,,,,,,,,,,14674,15042.5555555556,,15215.5,15269,95.2,139.1,1441.2
-3.046639,5.288611,2022-11-07,11,2022,Ivory Coast,,,,,,,,,,,,,,14674,15042.5555555556,,15215.5,15269,95.2,139.1,1441.2
-3.046139,5.289722,2022-11-07,11,2022,Ivory Coast,,,,,,,,,,,,,,14674,15042.5555555556,,15215.5,15269,95.2,139.1,1441.2
-3.050333,5.288611,2022-11-07,11,2022,Ivory Coast,,,,,,,,,,,,,,14674,15042.5555555556,,15215.5,15269,95.2,139.1,1441.2
-3.056694,5.285139,2022-11-07,11,2022,Ivory Coast,,,,,,,,,,,,,,14671,15006.2857142857,,15186.5,15209,95.2,139.1,1441.2
-3.056833,5.285,2022-11-07,11,2022,Ivory Coast,,,,,,,,,,,,,,14671,15006.2857142857,,15186.5,15209,95.2,139.1,1441.2
-3.057028,5.284778,2022-11-07,11,2022,Ivory Coast,,,,,,,,,,,,,,14671,15006.2857142857,,15186.5,15209,95.2,139.1,1441.2
-3.055333,5.284306,2022-11-07,11,2022,Ivory Coast,,,,,,,,,,,,,,14671,15006.2857142857,,15186.5,15209,95.2,139.1,1441.2
-3.055472,5.284111,2022-11-07,11,2022,Ivory Coast,,,,,,,,,,,,,,14671,15006.2857142857,,15186.5,15209,95.2,139.1,1441.2
-3.055694,5.283667,2022-11-07,11,2022,Ivory Coast,,,,,,,,,,,,,,14671,15006.2857142857,,15186.5,15209,95.2,139.1,1441.2
-3.055667,5.283556,2022-11-07,11,2022,Ivory Coast,,,,,,,,,,,,,,14671,15006.2857142857,,15186.5,15209,95.2,139.1,1441.2
-3.055694,5.282806,2022-11-07,11,2022,Ivory Coast,,,,,,,,,,,,,,14671,15006.2857142857,,15186.5,15209,95.2,139.1,1441.2
-3.053278,5.282222,2022-11-07,11,2022,Ivory Coast,,,,,,,,,,,,,,14674,15042.5555555556,,15215.5,15269,95.2,139.1,1441.2
-3.053333,5.282083,2022-11-07,11,2022,Ivory Coast,,,,,,,,,,,,,,14693,15038.3333333333,,15138,15027,95.2,139.1,1441.2
-3.053056,5.281694,2022-11-07,11,2022,Ivory Coast,,,,,,,,,,,,,,14693,15038.3333333333,,15138,15027,95.2,139.1,1441.2
-3.053167,5.281028,2022-11-07,11,2022,Ivory Coast,,,,,,,,,,,,,,14693,15038.3333333333,,15138,15027,95.2,139.1,1441.2
-3.053361,5.280528,2022-11-07,11,2022,Ivory Coast,,,,,,,,,,,,,,14693,15038.3333333333,,15138,15027,95.2,139.1,1441.2
-3.052083,5.283778,2022-11-07,11,2022,Ivory Coast,,,,,,,,,,,,,,14674,15042.5555555556,,15215.5,15269,95.2,139.1,1441.2
-3.051917,5.283611,2022-11-07,11,2022,Ivory Coast,,,,,,,,,,,,,,14674,15042.5555555556,,15215.5,15269,95.2,139.1,1441.2
-3.05175,5.283333,2022-11-07,11,2022,Ivory Coast,,,,,,,,,,,,,,14674,15042.5555555556,,15215.5,15269,95.2,139.1,1441.2
-3.051417,5.28275,2022-11-07,11,2022,Ivory Coast,,,,,,,,,,,,,,14674,15042.5555555556,,15215.5,15269,95.2,139.1,1441.2
-3.051278,5.282139,2022-11-07,11,2022,Ivory Coast,,,,,,,,,,,,,,14674,15042.5555555556,,15215.5,15269,95.2,139.1,1441.2
-3.0515,5.285639,2022-11-07,11,2022,Ivory Coast,,,,,,,,,,,,,,14674,15042.5555555556,,15215.5,15269,95.2,139.1,1441.2
-3.051278,5.285444,2022-11-07,11,2022,Ivory Coast,,,,,,,,,,,,,,14674,15042.5555555556,,15215.5,15269,95.2,139.1,1441.2
-3.051,5.285306,2022-11-07,11,2022,Ivory Coast,,,,,,,,,,,,,,14674,15042.5555555556,,15215.5,15269,95.2,139.1,1441.2
-3.050278,5.284361,2022-11-07,11,2022,Ivory Coast,,,,,,,,,,,,,,14674,15042.5555555556,,15215.5,15269,95.2,139.1,1441.2
-3.050278,5.283639,2022-11-07,11,2022,Ivory Coast,,,,,,,,,,,,,,14674,15042.5555555556,,15215.5,15269,95.2,139.1,1441.2
-3.054,5.287667,2022-11-07,11,2022,Ivory Coast,,,,,,,,,,,,,,14674,15042.5555555556,,15215.5,15269,95.2,139.1,1441.2
-3.053611,5.287611,2022-11-07,11,2022,Ivory Coast,,,,,,,,,,,,,,14674,15042.5555555556,,15215.5,15269,95.2,139.1,1441.2
-3.053083,5.287778,2022-11-07,11,2022,Ivory Coast,,,,,,,,,,,,,,14674,15042.5555555556,,15215.5,15269,95.2,139.1,1441.2
-3.052889,5.287889,2022-11-07,11,2022,Ivory Coast,,,,,,,,,,,,,,14674,15042.5555555556,,15215.5,15269,95.2,139.1,1441.2
-3.056556,5.288583,2022-11-07,11,2022,Ivory Coast,,,,,,,,,,,,,,14671,15006.2857142857,,15186.5,15209,95.2,139.1,1441.2
-3.056556,5.289139,2022-11-07,11,2022,Ivory Coast,,,,,,,,,,,,,,14671,15006.2857142857,,15186.5,15209,95.2,139.1,1441.2
-3.056556,5.289861,2022-11-07,11,2022,Ivory Coast,,,,,,,,,,,,,,14671,15006.2857142857,,15186.5,15209,95.2,139.1,1441.2
-3.056139,5.2905,2022-11-07,11,2022,Ivory Coast,,,,,,,,,,,,,,14671,15006.2857142857,,15186.5,15209,95.2,139.1,1441.2
-3.055583,5.291472,2022-11-07,11,2022,Ivory Coast,,,,,,,,,,,,,,14690,15034.4285714286,14871,15181,15238,95.2,139.1,1441.2
-3.054278,5.291278,2022-11-07,11,2022,Ivory Coast,,,,,,,,,,,,,,14690,15034.4285714286,14871,15181,15238,95.2,139.1,1441.2
-3.053472,5.290972,2022-11-07,11,2022,Ivory Coast,,,,,,,,,,,,,,14674,15042.5555555556,,15215.5,15269,95.2,139.1,1441.2
-3.052417,5.290222,2022-11-07,11,2022,Ivory Coast,,,,,,,,,,,,,,14674,15042.5555555556,,15215.5,15269,95.2,139.1,1441.2
-3.050472,5.288528,2022-11-07,11,2022,Ivory Coast,,,,,,,,,,,,,,14674,15042.5555555556,,15215.5,15269,95.2,139.1,1441.2
-3.057361,5.287944,2022-11-07,11,2022,Ivory Coast,,,,,,,,,,,,,,14671,15006.2857142857,,15186.5,15209,95.2,139.1,1441.2
-3.057444,5.288139,2022-11-07,11,2022,Ivory Coast,,,,,,,,,,,,,,14671,15006.2857142857,,15186.5,15209,95.2,139.1,1441.2
-3.057361,5.287583,2022-11-07,11,2022,Ivory Coast,,,,,,,,,,,,,,14671,15006.2857142857,,15186.5,15209,95.2,139.1,1441.2
-3.05775,5.289056,2022-11-07,11,2022,Ivory Coast,,,,,,,,,,,,,,14671,15006.2857142857,,15186.5,15209,95.2,139.1,1441.2
-3.057806,5.289111,2022-11-07,11,2022,Ivory Coast,,,,,,,,,,,,,,14671,15006.2857142857,,15186.5,15209,95.2,139.1,1441.2
-3.058944,5.28525,2022-11-07,11,2022,Ivory Coast,,,,,,,,,,,,,,14671,15006.2857142857,,15186.5,15209,95.2,139.1,1441.2
-3.059222,5.285028,2022-11-07,11,2022,Ivory Coast,,,,,,,,,,,,,,14671,15006.2857142857,,15186.5,15209,95.2,139.1,1441.2
-3.059667,5.284694,2022-11-07,11,2022,Ivory Coast,,,,,,,,,,,,,,14671,15006.2857142857,,15186.5,15209,95.2,139.1,1441.2
-3.060083,5.28425,2022-11-07,11,2022,Ivory Coast,,,,,,,,,,,,,,14671,15006.2857142857,,15186.5,15209,95.2,139.1,1441.2
-3.06075,5.284,2022-11-07,11,2022,Ivory Coast,,,,,,,,,,,,,,14671,15006.2857142857,,15186.5,15209,95.2,139.1,1441.2
-3.058722,5.282889,2022-11-07,11,2022,Ivory Coast,,,,,,,,,,,,,,14671,15006.2857142857,,15186.5,15209,95.2,139.1,1441.2
-3.058972,5.282611,2022-11-07,11,2022,Ivory Coast,,,,,,,,,,,,,,14671,15006.2857142857,,15186.5,15209,95.2,139.1,1441.2
-3.059389,5.28225,2022-11-07,11,2022,Ivory Coast,,,,,,,,,,,,,,14671,15006.2857142857,,15186.5,15209,95.2,139.1,1441.2
-3.060139,5.281917,2022-11-07,11,2022,Ivory Coast,,,,,,,,,,,,,,14690,15000.9,,15129,15003,95.2,139.1,1441.2
-3.0555,5.282583,2022-11-07,11,2022,Ivory Coast,,,,,,,,,,,,,,14671,15006.2857142857,,15186.5,15209,95.2,139.1,1441.2
-3.055694,5.28175,2022-11-07,11,2022,Ivory Coast,,,,,,,,,,,,,,14690,15000.9,,15129,15003,95.2,139.1,1441.2
-3.055806,5.281611,2022-11-07,11,2022,Ivory Coast,,,,,,,,,,,,,,14690,15000.9,,15129,15003,95.2,139.1,1441.2
-3.056111,5.281056,2022-11-07,11,2022,Ivory Coast,,,,,,,,,,,,,,14690,15000.9,,15129,15003,95.2,139.1,1441.2
-3.055833,5.280028,2022-11-07,11,2022,Ivory Coast,,,,,,,,,,,,,,14690,15000.9,,15129,15003,95.2,139.1,1441.2
-3.053417,5.280444,2022-11-07,11,2022,Ivory Coast,,,,,,,,,,,,,,14693,15038.3333333333,,15138,15027,95.2,139.1,1441.2
-3.053583,5.279417,2022-11-07,11,2022,Ivory Coast,,,,,,,,,,,,,,14693,15038.3333333333,,15138,15027,95.2,139.1,1441.2
-3.053528,5.278639,2022-11-07,11,2022,Ivory Coast,,,,,,,,,,,,,,14693,15038.3333333333,,15138,15027,95.2,139.1,1441.2
-3.053556,5.278,2022-11-07,11,2022,Ivory Coast,,,,,,,,,,,,,,14693,15038.3333333333,,15138,15027,95.2,139.1,1441.2
-3.051194,5.281722,2022-11-07,11,2022,Ivory Coast,,,,,,,,,,,,,,14693,15038.3333333333,,15138,15027,95.2,139.1,1441.2
-3.051139,5.281111,2022-11-07,11,2022,Ivory Coast,,,,,,,,,,,,,,14693,15038.3333333333,,15138,15027,95.2,139.1,1441.2
-3.051194,5.281028,2022-11-07,11,2022,Ivory Coast,,,,,,,,,,,,,,14693,15038.3333333333,,15138,15027,95.2,139.1,1441.2
-3.050222,5.278389,2022-11-07,11,2022,Ivory Coast,,,,,,,,,,,,,,14693,15038.3333333333,,15138,15027,95.2,139.1,1441.2
-3.051222,5.278806,2022-11-07,11,2022,Ivory Coast,,,,,,,,,,,,,,14693,15038.3333333333,,15138,15027,95.2,139.1,1441.2
-3.049333,5.281972,2022-11-07,11,2022,Ivory Coast,,,,,,,,,,,,,,14693,15038.3333333333,,15138,15027,95.2,139.1,1441.2
-3.049056,5.281444,2022-11-07,11,2022,Ivory Coast,,,,,,,,,,,,,,14693,15038.3333333333,,15138,15027,95.2,139.1,1441.2
-3.049194,5.280056,2022-11-07,11,2022,Ivory Coast,,,,,,,,,,,,,,14693,15038.3333333333,,15138,15027,95.2,139.1,1441.2
-3.049278,5.278694,2022-11-07,11,2022,Ivory Coast,,,,,,,,,,,,,,14693,15038.3333333333,,15138,15027,95.2,139.1,1441.2
-3.048694,5.282111,2022-11-07,11,2022,Ivory Coast,,,,,,,,,,,,,,14674,15042.5555555556,,15215.5,15269,95.2,139.1,1441.2
-3.047944,5.282056,2022-11-07,11,2022,Ivory Coast,,,,,,,,,,,,,,14693,15038.3333333333,,15138,15027,95.2,139.1,1441.2
-3.047306,5.281889,2022-11-07,11,2022,Ivory Coast,,,,,,,,,,,,,,14693,15038.3333333333,,15138,15027,95.2,139.1,1441.2
-3.046806,5.28175,2022-11-07,11,2022,Ivory Coast,,,,,,,,,,,,,,14693,15038.3333333333,,15138,15027,95.2,139.1,1441.2
-3.044694,5.28125,2022-11-07,11,2022,Ivory Coast,,,,,,,,,,,,,,14689,15048.5,,15127,15042.5,95.2,139.1,1441.2
-3.062,5.299778,2022-11-07,11,2022,Ivory Coast,,,,,,,,,,,,,,14690,15034.4285714286,14871,15181,15238,95.2,139.1,1441.2
-3.046694,5.299944,2022-11-07,11,2022,Ivory Coast,,,,,,,,,,,,,,14683,15081,14871,15242,,95.2,139.1,1441.2
-3.048083,5.298944,2022-11-07,11,2022,Ivory Coast,,,,,,,,,,,,,,14683,15081,14871,15242,,95.2,139.1,1441.2
-3.048778,5.298861,2022-11-07,11,2022,Ivory Coast,,,,,,,,,,,,,,14683,15081,14871,15242,,95.2,139.1,1441.2
-3.050056,5.2975,2022-11-07,11,2022,Ivory Coast,,,,,,,,,,,,,,14683,15081,14871,15242,,95.2,139.1,1441.2
-3.051306,5.296111,2022-11-07,11,2022,Ivory Coast,,,,,,,,,,,,,,14683,15081,14871,15242,,95.2,139.1,1441.2
-3.051889,5.295028,2022-11-07,11,2022,Ivory Coast,,,,,,,,,,,,,,14683,15081,14871,15242,,95.2,139.1,1441.2
-3.052111,5.29425,2022-11-07,11,2022,Ivory Coast,,,,,,,,,,,,,,14683,15081,14871,15242,,95.2,139.1,1441.2
-3.051917,5.294167,2022-11-07,11,2022,Ivory Coast,,,,,,,,,,,,,,14683,15081,14871,15242,,95.2,139.1,1441.2
-3.058639,5.289444,2022-11-07,11,2022,Ivory Coast,,,,,,,,,,,,,,14671,15006.2857142857,,15186.5,15209,95.2,139.1,1441.2
-3.060083,5.28975,2022-11-07,11,2022,Ivory Coast,,,,,,,,,,,,,,14671,15006.2857142857,,15186.5,15209,95.2,139.1,1441.2
-3.0605,5.289944,2022-11-07,11,2022,Ivory Coast,,,,,,,,,,,,,,14671,15006.2857142857,,15186.5,15209,95.2,139.1,1441.2
-3.060917,5.290278,2022-11-07,11,2022,Ivory Coast,,,,,,,,,,,,,,14671,15006.2857142857,,15186.5,15209,95.2,139.1,1441.2
-3.060306,5.286083,2022-11-07,11,2022,Ivory Coast,,,,,,,,,,,,,,14671,15006.2857142857,,15186.5,15209,95.2,139.1,1441.2
-3.0605,5.286083,2022-11-07,11,2022,Ivory Coast,,,,,,,,,,,,,,14671,15006.2857142857,,15186.5,15209,95.2,139.1,1441.2
-3.060861,5.285861,2022-11-07,11,2022,Ivory Coast,,,,,,,,,,,,,,14671,15006.2857142857,,15186.5,15209,95.2,139.1,1441.2
-3.061139,5.285861,2022-11-07,11,2022,Ivory Coast,,,,,,,,,,,,,,14671,15006.2857142857,,15186.5,15209,95.2,139.1,1441.2
-3.057806,5.284028,2022-11-07,11,2022,Ivory Coast,,,,,,,,,,,,,,14671,15006.2857142857,,15186.5,15209,95.2,139.1,1441.2
-3.058139,5.283778,2022-11-07,11,2022,Ivory Coast,,,,,,,,,,,,,,14671,15006.2857142857,,15186.5,15209,95.2,139.1,1441.2
-3.998417,5.325222,2022-11-07,11,2022,Ivory Coast,0.0120011163829193,-0.0125272331154684,-0.00110436223081174,0.0125272331154684,0.064929646127894,0.060605376694975,-0.0511053724699445,-0.060605376694975,0.128729554352778,0.0684879352399293,0.111802816110497,0.0684879352399293,,,,,,,79.4,102.9,1628.8
-3.998333,5.325139,2022-11-07,11,2022,Ivory Coast,0.0120011163829193,-0.0125272331154684,-0.00110436223081174,0.0125272331154684,0.064929646127894,0.060605376694975,-0.0511053724699445,-0.060605376694975,0.128729554352778,0.0684879352399293,0.111802816110497,0.0684879352399293,,,,,,,79.4,102.9,1628.8
-3.999528,5.325056,2022-11-07,11,2022,Ivory Coast,0.0120011163829193,-0.0125272331154684,-0.00110436223081174,0.0125272331154684,0.064929646127894,0.060605376694975,-0.0511053724699445,-0.060605376694975,0.128729554352778,0.0684879352399293,0.111802816110497,0.0684879352399293,,,,,,,79.4,102.9,1628.8
-3.997944,5.324389,2022-11-07,11,2022,Ivory Coast,0.0120011163829193,-0.0125272331154684,-0.00110436223081174,0.0125272331154684,0.064929646127894,0.060605376694975,-0.0511053724699445,-0.060605376694975,0.128729554352778,0.0684879352399293,0.111802816110497,0.0684879352399293,,,,,,,79.4,102.9,1628.8
-3.997778,5.324028,2022-11-07,11,2022,Ivory Coast,0.0120011163829193,-0.0125272331154684,-0.00110436223081174,0.0125272331154684,0.064929646127894,0.060605376694975,-0.0511053724699445,-0.060605376694975,0.128729554352778,0.0684879352399293,0.111802816110497,0.0684879352399293,,,,,,,79.4,102.9,1628.8
-3.998194,5.324056,2022-11-07,11,2022,Ivory Coast,0.0120011163829193,-0.0125272331154684,-0.00110436223081174,0.0125272331154684,0.064929646127894,0.060605376694975,-0.0511053724699445,-0.060605376694975,0.128729554352778,0.0684879352399293,0.111802816110497,0.0684879352399293,,,,,,,79.4,102.9,1628.8
-3.998472,5.324361,2022-11-07,11,2022,Ivory Coast,0.0120011163829193,-0.0125272331154684,-0.00110436223081174,0.0125272331154684,0.064929646127894,0.060605376694975,-0.0511053724699445,-0.060605376694975,0.128729554352778,0.0684879352399293,0.111802816110497,0.0684879352399293,,,,,,,79.4,102.9,1628.8
-3.998639,5.32475,2022-11-07,11,2022,Ivory Coast,0.0120011163829193,-0.0125272331154684,-0.00110436223081174,0.0125272331154684,0.064929646127894,0.060605376694975,-0.0511053724699445,-0.060605376694975,0.128729554352778,0.0684879352399293,0.111802816110497,0.0684879352399293,,,,,,,79.4,102.9,1628.8
-3.998778,5.325,2022-11-07,11,2022,Ivory Coast,0.0120011163829193,-0.0125272331154684,-0.00110436223081174,0.0125272331154684,0.064929646127894,0.060605376694975,-0.0511053724699445,-0.060605376694975,0.128729554352778,0.0684879352399293,0.111802816110497,0.0684879352399293,,,,,,,79.4,102.9,1628.8
-3.998361,5.323389,2022-11-07,11,2022,Ivory Coast,0.0120011163829193,-0.0125272331154684,-0.00110436223081174,0.0125272331154684,0.064929646127894,0.060605376694975,-0.0511053724699445,-0.060605376694975,0.128729554352778,0.0684879352399293,0.111802816110497,0.0684879352399293,,,,,,,79.4,102.9,1628.8
-3.998722,5.323111,2022-11-07,11,2022,Ivory Coast,0.0120011163829193,-0.0125272331154684,-0.00110436223081174,0.0125272331154684,0.064929646127894,0.060605376694975,-0.0511053724699445,-0.060605376694975,0.128729554352778,0.0684879352399293,0.111802816110497,0.0684879352399293,,,,,,,79.4,102.9,1628.8
-3.998806,5.323083,2022-11-07,11,2022,Ivory Coast,0.0120011163829193,-0.0125272331154684,-0.00110436223081174,0.0125272331154684,0.064929646127894,0.060605376694975,-0.0511053724699445,-0.060605376694975,0.128729554352778,0.0684879352399293,0.111802816110497,0.0684879352399293,,,,,,,79.4,102.9,1628.8
-3.999056,5.322944,2022-11-07,11,2022,Ivory Coast,0.0120011163829193,-0.0125272331154684,-0.00110436223081174,0.0125272331154684,0.064929646127894,0.060605376694975,-0.0511053724699445,-0.060605376694975,0.128729554352778,0.0684879352399293,0.111802816110497,0.0684879352399293,,,,,,,79.4,102.9,1628.8
-3.999278,5.322778,2022-11-07,11,2022,Ivory Coast,0.0120011163829193,-0.0125272331154684,-0.00110436223081174,0.0125272331154684,0.064929646127894,0.060605376694975,-0.0511053724699445,-0.060605376694975,0.128729554352778,0.0684879352399293,0.111802816110497,0.0684879352399293,,,,,,,79.4,102.9,1628.8
-3.999806,5.322528,2022-11-07,11,2022,Ivory Coast,0.0120011163829193,-0.0125272331154684,-0.00110436223081174,0.0125272331154684,0.064929646127894,0.060605376694975,-0.0511053724699445,-0.060605376694975,0.128729554352778,0.0684879352399293,0.111802816110497,0.0684879352399293,,,,,,,79.4,102.9,1628.8
-4.000556,5.322278,2022-11-07,11,2022,Ivory Coast,-0.136913129041327,0.115957833515085,0.121853546910755,-0.115957833515085,0.00376537494709214,0.0683764193255696,8.20377437773844E-05,-0.0683764193255696,0.0896315054608007,0.0904600798663494,0.0804655342514213,0.0904600798663494,,,,,,,74.2,99.9,1624.2
-4.000667,5.322139,2022-11-07,11,2022,Ivory Coast,-0.136913129041327,0.115957833515085,0.121853546910755,-0.115957833515085,0.00376537494709214,0.0683764193255696,8.20377437773844E-05,-0.0683764193255696,0.0896315054608007,0.0904600798663494,0.0804655342514213,0.0904600798663494,,,,,,,74.2,99.9,1624.2
-4.001528,5.321917,2022-11-07,11,2022,Ivory Coast,-0.136913129041327,0.115957833515085,0.121853546910755,-0.115957833515085,0.00376537494709214,0.0683764193255696,8.20377437773844E-05,-0.0683764193255696,0.0896315054608007,0.0904600798663494,0.0804655342514213,0.0904600798663494,,,,,,,74.2,99.9,1624.2
-4.002139,5.321944,2022-11-07,11,2022,Ivory Coast,,,,,-0.0520587964539049,0.0699477354332815,0.0504191398042314,-0.0699477354332815,0.0766459772355933,0.0746574358332204,0.0658580957765542,0.0746574358332204,,,,,,,74.2,99.9,1624.2
-4.002139,5.322278,2022-11-07,11,2022,Ivory Coast,,,,,-0.0520587964539049,0.0699477354332815,0.0504191398042314,-0.0699477354332815,0.0766459772355933,0.0746574358332204,0.0658580957765542,0.0746574358332204,,,,,,,74.2,99.9,1624.2
-4.001833,5.322333,2022-11-07,11,2022,Ivory Coast,-0.136913129041327,0.115957833515085,0.121853546910755,-0.115957833515085,0.00376537494709214,0.0683764193255696,8.20377437773844E-05,-0.0683764193255696,0.0896315054608007,0.0904600798663494,0.0804655342514213,0.0904600798663494,,,,,,,74.2,99.9,1624.2
-4.001472,5.322417,2022-11-07,11,2022,Ivory Coast,-0.136913129041327,0.115957833515085,0.121853546910755,-0.115957833515085,0.00376537494709214,0.0683764193255696,8.20377437773844E-05,-0.0683764193255696,0.0896315054608007,0.0904600798663494,0.0804655342514213,0.0904600798663494,,,,,,,74.2,99.9,1624.2
-4.001194,5.322583,2022-11-07,11,2022,Ivory Coast,0.0120011163829193,-0.0125272331154684,-0.00110436223081174,0.0125272331154684,0.064929646127894,0.060605376694975,-0.0511053724699445,-0.060605376694975,0.128729554352778,0.0684879352399293,0.111802816110497,0.0684879352399293,,,,,,,74.2,99.9,1624.2
-4.000917,5.322639,2022-11-07,11,2022,Ivory Coast,0.0120011163829193,-0.0125272331154684,-0.00110436223081174,0.0125272331154684,0.064929646127894,0.060605376694975,-0.0511053724699445,-0.060605376694975,0.128729554352778,0.0684879352399293,0.111802816110497,0.0684879352399293,,,,,,,74.2,99.9,1624.2
-4.000639,5.322833,2022-11-07,11,2022,Ivory Coast,0.0120011163829193,-0.0125272331154684,-0.00110436223081174,0.0125272331154684,0.064929646127894,0.060605376694975,-0.0511053724699445,-0.060605376694975,0.128729554352778,0.0684879352399293,0.111802816110497,0.0684879352399293,,,,,,,74.2,99.9,1624.2
-4.000306,5.323,2022-11-07,11,2022,Ivory Coast,0.0120011163829193,-0.0125272331154684,-0.00110436223081174,0.0125272331154684,0.064929646127894,0.060605376694975,-0.0511053724699445,-0.060605376694975,0.128729554352778,0.0684879352399293,0.111802816110497,0.0684879352399293,,,,,,,74.2,99.9,1624.2
-4.000222,5.323056,2022-11-07,11,2022,Ivory Coast,0.0120011163829193,-0.0125272331154684,-0.00110436223081174,0.0125272331154684,0.064929646127894,0.060605376694975,-0.0511053724699445,-0.060605376694975,0.128729554352778,0.0684879352399293,0.111802816110497,0.0684879352399293,,,,,,,74.2,99.9,1624.2
-3.9995,5.323333,2022-11-07,11,2022,Ivory Coast,0.0120011163829193,-0.0125272331154684,-0.00110436223081174,0.0125272331154684,0.064929646127894,0.060605376694975,-0.0511053724699445,-0.060605376694975,0.128729554352778,0.0684879352399293,0.111802816110497,0.0684879352399293,,,,,,,79.4,102.9,1628.8
-3.999333,5.323444,2022-11-07,11,2022,Ivory Coast,0.0120011163829193,-0.0125272331154684,-0.00110436223081174,0.0125272331154684,0.064929646127894,0.060605376694975,-0.0511053724699445,-0.060605376694975,0.128729554352778,0.0684879352399293,0.111802816110497,0.0684879352399293,,,,,,,79.4,102.9,1628.8
-3.999306,5.324278,2022-11-07,11,2022,Ivory Coast,0.0120011163829193,-0.0125272331154684,-0.00110436223081174,0.0125272331154684,0.064929646127894,0.060605376694975,-0.0511053724699445,-0.060605376694975,0.128729554352778,0.0684879352399293,0.111802816110497,0.0684879352399293,,,,,,,79.4,102.9,1628.8
-3.999444,5.324028,2022-11-07,11,2022,Ivory Coast,0.0120011163829193,-0.0125272331154684,-0.00110436223081174,0.0125272331154684,0.064929646127894,0.060605376694975,-0.0511053724699445,-0.060605376694975,0.128729554352778,0.0684879352399293,0.111802816110497,0.0684879352399293,,,,,,,79.4,102.9,1628.8
-3.999722,5.324,2022-11-07,11,2022,Ivory Coast,0.0120011163829193,-0.0125272331154684,-0.00110436223081174,0.0125272331154684,0.064929646127894,0.060605376694975,-0.0511053724699445,-0.060605376694975,0.128729554352778,0.0684879352399293,0.111802816110497,0.0684879352399293,,,,,,,79.4,102.9,1628.8
-3.999889,5.323972,2022-11-07,11,2022,Ivory Coast,0.0120011163829193,-0.0125272331154684,-0.00110436223081174,0.0125272331154684,0.064929646127894,0.060605376694975,-0.0511053724699445,-0.060605376694975,0.128729554352778,0.0684879352399293,0.111802816110497,0.0684879352399293,,,,,,,79.4,102.9,1628.8
-4.000389,5.323694,2022-11-07,11,2022,Ivory Coast,0.0120011163829193,-0.0125272331154684,-0.00110436223081174,0.0125272331154684,0.064929646127894,0.060605376694975,-0.0511053724699445,-0.060605376694975,0.128729554352778,0.0684879352399293,0.111802816110497,0.0684879352399293,,,,,,,74.2,99.9,1624.2
-4.000806,5.323528,2022-11-07,11,2022,Ivory Coast,0.0120011163829193,-0.0125272331154684,-0.00110436223081174,0.0125272331154684,0.064929646127894,0.060605376694975,-0.0511053724699445,-0.060605376694975,0.128729554352778,0.0684879352399293,0.111802816110497,0.0684879352399293,,,,,,,74.2,99.9,1624.2
-4.001389,5.323111,2022-11-07,11,2022,Ivory Coast,0.0120011163829193,-0.0125272331154684,-0.00110436223081174,0.0125272331154684,0.064929646127894,0.060605376694975,-0.0511053724699445,-0.060605376694975,0.128729554352778,0.0684879352399293,0.111802816110497,0.0684879352399293,,,,,,,74.2,99.9,1624.2
-4.001778,5.323,2022-11-07,11,2022,Ivory Coast,0.0120011163829193,-0.0125272331154684,-0.00110436223081174,0.0125272331154684,0.064929646127894,0.060605376694975,-0.0511053724699445,-0.060605376694975,0.128729554352778,0.0684879352399293,0.111802816110497,0.0684879352399293,,,,,,,74.2,99.9,1624.2
-4.002306,5.322806,2022-11-07,11,2022,Ivory Coast,0.0886543535620053,0.0245840576111249,-0.0650490449148167,-0.0245840576111249,0.0248013497548753,0.0474294002988461,-0.0150538270676858,-0.0474294002988461,0.131457400096589,0.042288865242437,0.11311676485896,0.042288865242437,,,,,,,74.2,99.9,1624.2
-4.002028,5.323472,2022-11-07,11,2022,Ivory Coast,0.0886543535620053,0.0245840576111249,-0.0650490449148167,-0.0245840576111249,0.0248013497548753,0.0474294002988461,-0.0150538270676858,-0.0474294002988461,0.131457400096589,0.042288865242437,0.11311676485896,0.042288865242437,,,,,,,74.2,99.9,1624.2
-4.001556,5.323611,2022-11-07,11,2022,Ivory Coast,0.0120011163829193,-0.0125272331154684,-0.00110436223081174,0.0125272331154684,0.064929646127894,0.060605376694975,-0.0511053724699445,-0.060605376694975,0.128729554352778,0.0684879352399293,0.111802816110497,0.0684879352399293,,,,,,,74.2,99.9,1624.2
-4.00075,5.324222,2022-11-07,11,2022,Ivory Coast,0.0120011163829193,-0.0125272331154684,-0.00110436223081174,0.0125272331154684,0.064929646127894,0.060605376694975,-0.0511053724699445,-0.060605376694975,0.128729554352778,0.0684879352399293,0.111802816110497,0.0684879352399293,,,,,,,74.2,99.9,1624.2
-4.000167,5.324333,2022-11-07,11,2022,Ivory Coast,0.0120011163829193,-0.0125272331154684,-0.00110436223081174,0.0125272331154684,0.064929646127894,0.060605376694975,-0.0511053724699445,-0.060605376694975,0.128729554352778,0.0684879352399293,0.111802816110497,0.0684879352399293,,,,,,,74.2,99.9,1624.2
-3.999611,5.324389,2022-11-07,11,2022,Ivory Coast,0.0120011163829193,-0.0125272331154684,-0.00110436223081174,0.0125272331154684,0.064929646127894,0.060605376694975,-0.0511053724699445,-0.060605376694975,0.128729554352778,0.0684879352399293,0.111802816110497,0.0684879352399293,,,,,,,79.4,102.9,1628.8
-4.000611,5.324694,2022-11-07,11,2022,Ivory Coast,0.0120011163829193,-0.0125272331154684,-0.00110436223081174,0.0125272331154684,0.064929646127894,0.060605376694975,-0.0511053724699445,-0.060605376694975,0.128729554352778,0.0684879352399293,0.111802816110497,0.0684879352399293,,,,,,,74.2,99.9,1624.2
-4.001333,5.324083,2022-11-07,11,2022,Ivory Coast,0.0120011163829193,-0.0125272331154684,-0.00110436223081174,0.0125272331154684,0.064929646127894,0.060605376694975,-0.0511053724699445,-0.060605376694975,0.128729554352778,0.0684879352399293,0.111802816110497,0.0684879352399293,,,,,,,74.2,99.9,1624.2
-4.001056,5.324167,2022-11-07,11,2022,Ivory Coast,0.0120011163829193,-0.0125272331154684,-0.00110436223081174,0.0125272331154684,0.064929646127894,0.060605376694975,-0.0511053724699445,-0.060605376694975,0.128729554352778,0.0684879352399293,0.111802816110497,0.0684879352399293,,,,,,,74.2,99.9,1624.2
-4.000556,5.324472,2022-11-07,11,2022,Ivory Coast,0.0120011163829193,-0.0125272331154684,-0.00110436223081174,0.0125272331154684,0.064929646127894,0.060605376694975,-0.0511053724699445,-0.060605376694975,0.128729554352778,0.0684879352399293,0.111802816110497,0.0684879352399293,,,,,,,74.2,99.9,1624.2
-4.000278,5.324667,2022-11-07,11,2022,Ivory Coast,0.0120011163829193,-0.0125272331154684,-0.00110436223081174,0.0125272331154684,0.064929646127894,0.060605376694975,-0.0511053724699445,-0.060605376694975,0.128729554352778,0.0684879352399293,0.111802816110497,0.0684879352399293,,,,,,,74.2,99.9,1624.2
-3.999917,5.324917,2022-11-07,11,2022,Ivory Coast,0.0120011163829193,-0.0125272331154684,-0.00110436223081174,0.0125272331154684,0.064929646127894,0.060605376694975,-0.0511053724699445,-0.060605376694975,0.128729554352778,0.0684879352399293,0.111802816110497,0.0684879352399293,,,,,,,79.4,102.9,1628.8
-3.999389,5.325111,2022-11-07,11,2022,Ivory Coast,0.0120011163829193,-0.0125272331154684,-0.00110436223081174,0.0125272331154684,0.064929646127894,0.060605376694975,-0.0511053724699445,-0.060605376694975,0.128729554352778,0.0684879352399293,0.111802816110497,0.0684879352399293,,,,,,,79.4,102.9,1628.8
-3.997722,5.325444,2022-11-07,11,2022,Ivory Coast,0.0120011163829193,-0.0125272331154684,-0.00110436223081174,0.0125272331154684,0.064929646127894,0.060605376694975,-0.0511053724699445,-0.060605376694975,0.128729554352778,0.0684879352399293,0.111802816110497,0.0684879352399293,,,,,,,79.4,102.9,1628.8
-3.997833,5.325722,2022-11-07,11,2022,Ivory Coast,0.0120011163829193,-0.0125272331154684,-0.00110436223081174,0.0125272331154684,0.064929646127894,0.060605376694975,-0.0511053724699445,-0.060605376694975,0.128729554352778,0.0684879352399293,0.111802816110497,0.0684879352399293,,,,,,,79.4,102.9,1628.8
-3.997889,5.326056,2022-11-07,11,2022,Ivory Coast,0.0120011163829193,-0.0125272331154684,-0.00110436223081174,0.0125272331154684,0.064929646127894,0.060605376694975,-0.0511053724699445,-0.060605376694975,0.128729554352778,0.0684879352399293,0.111802816110497,0.0684879352399293,,,,,,,79.4,102.9,1628.8
-3.998056,5.326694,2022-11-07,11,2022,Ivory Coast,0.0120011163829193,-0.0125272331154684,-0.00110436223081174,0.0125272331154684,0.064929646127894,0.060605376694975,-0.0511053724699445,-0.060605376694975,0.128729554352778,0.0684879352399293,0.111802816110497,0.0684879352399293,,,,,,,79.4,102.9,1628.8
-3.998417,5.326861,2022-11-07,11,2022,Ivory Coast,0.0120011163829193,-0.0125272331154684,-0.00110436223081174,0.0125272331154684,0.064929646127894,0.060605376694975,-0.0511053724699445,-0.060605376694975,0.128729554352778,0.0684879352399293,0.111802816110497,0.0684879352399293,,,,,,,79.4,102.9,1628.8
-3.998444,5.326528,2022-11-07,11,2022,Ivory Coast,0.0120011163829193,-0.0125272331154684,-0.00110436223081174,0.0125272331154684,0.064929646127894,0.060605376694975,-0.0511053724699445,-0.060605376694975,0.128729554352778,0.0684879352399293,0.111802816110497,0.0684879352399293,,,,,,,79.4,102.9,1628.8
-3.998472,5.326222,2022-11-07,11,2022,Ivory Coast,0.0120011163829193,-0.0125272331154684,-0.00110436223081174,0.0125272331154684,0.064929646127894,0.060605376694975,-0.0511053724699445,-0.060605376694975,0.128729554352778,0.0684879352399293,0.111802816110497,0.0684879352399293,,,,,,,79.4,102.9,1628.8
-3.998278,5.326056,2022-11-07,11,2022,Ivory Coast,0.0120011163829193,-0.0125272331154684,-0.00110436223081174,0.0125272331154684,0.064929646127894,0.060605376694975,-0.0511053724699445,-0.060605376694975,0.128729554352778,0.0684879352399293,0.111802816110497,0.0684879352399293,,,,,,,79.4,102.9,1628.8
-3.99825,5.325667,2022-11-07,11,2022,Ivory Coast,0.0120011163829193,-0.0125272331154684,-0.00110436223081174,0.0125272331154684,0.064929646127894,0.060605376694975,-0.0511053724699445,-0.060605376694975,0.128729554352778,0.0684879352399293,0.111802816110497,0.0684879352399293,,,,,,,79.4,102.9,1628.8
-3.998028,5.325444,2022-11-07,11,2022,Ivory Coast,0.0120011163829193,-0.0125272331154684,-0.00110436223081174,0.0125272331154684,0.064929646127894,0.060605376694975,-0.0511053724699445,-0.060605376694975,0.128729554352778,0.0684879352399293,0.111802816110497,0.0684879352399293,,,,,,,79.4,102.9,1628.8
-3.998361,5.325361,2022-11-07,11,2022,Ivory Coast,0.0120011163829193,-0.0125272331154684,-0.00110436223081174,0.0125272331154684,0.064929646127894,0.060605376694975,-0.0511053724699445,-0.060605376694975,0.128729554352778,0.0684879352399293,0.111802816110497,0.0684879352399293,,,,,,,79.4,102.9,1628.8
-3.998444,5.325528,2022-11-07,11,2022,Ivory Coast,0.0120011163829193,-0.0125272331154684,-0.00110436223081174,0.0125272331154684,0.064929646127894,0.060605376694975,-0.0511053724699445,-0.060605376694975,0.128729554352778,0.0684879352399293,0.111802816110497,0.0684879352399293,,,,,,,79.4,102.9,1628.8
-3.998722,5.326111,2022-11-07,11,2022,Ivory Coast,0.0120011163829193,-0.0125272331154684,-0.00110436223081174,0.0125272331154684,0.064929646127894,0.060605376694975,-0.0511053724699445,-0.060605376694975,0.128729554352778,0.0684879352399293,0.111802816110497,0.0684879352399293,,,,,,,79.4,102.9,1628.8
-3.998972,5.32675,2022-11-07,11,2022,Ivory Coast,0.0120011163829193,-0.0125272331154684,-0.00110436223081174,0.0125272331154684,0.064929646127894,0.060605376694975,-0.0511053724699445,-0.060605376694975,0.128729554352778,0.0684879352399293,0.111802816110497,0.0684879352399293,,,,,,,79.4,102.9,1628.8
-3.999028,5.326889,2022-11-07,11,2022,Ivory Coast,0.0120011163829193,-0.0125272331154684,-0.00110436223081174,0.0125272331154684,0.064929646127894,0.060605376694975,-0.0511053724699445,-0.060605376694975,0.128729554352778,0.0684879352399293,0.111802816110497,0.0684879352399293,,,,,,,79.4,102.9,1628.8
-3.998972,5.327139,2022-11-07,11,2022,Ivory Coast,0.238071446415189,0.0508905852417303,-0.202328966521106,-0.0508905852417303,0.150207997344693,0.0335656137767553,-0.126882603508143,-0.0335656137767553,0.101676302496327,0.0731555204351124,0.092940650614087,0.0731555204351124,,14816,15171.75,15132,15367,15326,79.4,102.9,1628.8
-3.999,5.327444,2022-11-07,11,2022,Ivory Coast,0.238071446415189,0.0508905852417303,-0.202328966521106,-0.0508905852417303,0.150207997344693,0.0335656137767553,-0.126882603508143,-0.0335656137767553,0.101676302496327,0.0731555204351124,0.092940650614087,0.0731555204351124,,14816,15171.75,15132,15367,15326,79.4,102.9,1628.8
-3.999278,5.326972,2022-11-07,11,2022,Ivory Coast,0.0120011163829193,-0.0125272331154684,-0.00110436223081174,0.0125272331154684,0.064929646127894,0.060605376694975,-0.0511053724699445,-0.060605376694975,0.128729554352778,0.0684879352399293,0.111802816110497,0.0684879352399293,,,,,,,79.4,102.9,1628.8
-3.999333,5.327028,2022-11-07,11,2022,Ivory Coast,0.238071446415189,0.0508905852417303,-0.202328966521106,-0.0508905852417303,0.150207997344693,0.0335656137767553,-0.126882603508143,-0.0335656137767553,0.101676302496327,0.0731555204351124,0.092940650614087,0.0731555204351124,,14816,15171.75,15132,15367,15326,79.4,102.9,1628.8
-3.999444,5.327028,2022-11-07,11,2022,Ivory Coast,0.238071446415189,0.0508905852417303,-0.202328966521106,-0.0508905852417303,0.150207997344693,0.0335656137767553,-0.126882603508143,-0.0335656137767553,0.101676302496327,0.0731555204351124,0.092940650614087,0.0731555204351124,,14816,15171.75,15132,15367,15326,79.4,102.9,1628.8
-3.999333,5.326667,2022-11-07,11,2022,Ivory Coast,0.0120011163829193,-0.0125272331154684,-0.00110436223081174,0.0125272331154684,0.064929646127894,0.060605376694975,-0.0511053724699445,-0.060605376694975,0.128729554352778,0.0684879352399293,0.111802816110497,0.0684879352399293,,,,,,,79.4,102.9,1628.8
-3.999306,5.326417,2022-11-07,11,2022,Ivory Coast,0.0120011163829193,-0.0125272331154684,-0.00110436223081174,0.0125272331154684,0.064929646127894,0.060605376694975,-0.0511053724699445,-0.060605376694975,0.128729554352778,0.0684879352399293,0.111802816110497,0.0684879352399293,,,,,,,79.4,102.9,1628.8
-3.999167,5.326139,2022-11-07,11,2022,Ivory Coast,0.0120011163829193,-0.0125272331154684,-0.00110436223081174,0.0125272331154684,0.064929646127894,0.060605376694975,-0.0511053724699445,-0.060605376694975,0.128729554352778,0.0684879352399293,0.111802816110497,0.0684879352399293,,,,,,,79.4,102.9,1628.8
-3.998889,5.325639,2022-11-07,11,2022,Ivory Coast,0.0120011163829193,-0.0125272331154684,-0.00110436223081174,0.0125272331154684,0.064929646127894,0.060605376694975,-0.0511053724699445,-0.060605376694975,0.128729554352778,0.0684879352399293,0.111802816110497,0.0684879352399293,,,,,,,79.4,102.9,1628.8
-3.998833,5.325333,2022-11-07,11,2022,Ivory Coast,0.0120011163829193,-0.0125272331154684,-0.00110436223081174,0.0125272331154684,0.064929646127894,0.060605376694975,-0.0511053724699445,-0.060605376694975,0.128729554352778,0.0684879352399293,0.111802816110497,0.0684879352399293,,,,,,,79.4,102.9,1628.8
-3.999389,5.325167,2022-11-07,11,2022,Ivory Coast,0.0120011163829193,-0.0125272331154684,-0.00110436223081174,0.0125272331154684,0.064929646127894,0.060605376694975,-0.0511053724699445,-0.060605376694975,0.128729554352778,0.0684879352399293,0.111802816110497,0.0684879352399293,,,,,,,79.4,102.9,1628.8
-3.999389,5.325417,2022-11-07,11,2022,Ivory Coast,0.0120011163829193,-0.0125272331154684,-0.00110436223081174,0.0125272331154684,0.064929646127894,0.060605376694975,-0.0511053724699445,-0.060605376694975,0.128729554352778,0.0684879352399293,0.111802816110497,0.0684879352399293,,,,,,,79.4,102.9,1628.8
-3.999667,5.325722,2022-11-07,11,2022,Ivory Coast,0.0120011163829193,-0.0125272331154684,-0.00110436223081174,0.0125272331154684,0.064929646127894,0.060605376694975,-0.0511053724699445,-0.060605376694975,0.128729554352778,0.0684879352399293,0.111802816110497,0.0684879352399293,,,,,,,79.4,102.9,1628.8
-3.999667,5.326306,2022-11-07,11,2022,Ivory Coast,0.0120011163829193,-0.0125272331154684,-0.00110436223081174,0.0125272331154684,0.064929646127894,0.060605376694975,-0.0511053724699445,-0.060605376694975,0.128729554352778,0.0684879352399293,0.111802816110497,0.0684879352399293,,,,,,,79.4,102.9,1628.8
-4.000056,5.325611,2022-11-07,11,2022,Ivory Coast,0.0120011163829193,-0.0125272331154684,-0.00110436223081174,0.0125272331154684,0.064929646127894,0.060605376694975,-0.0511053724699445,-0.060605376694975,0.128729554352778,0.0684879352399293,0.111802816110497,0.0684879352399293,,,,,,,74.2,99.9,1624.2
-4.000056,5.326083,2022-11-07,11,2022,Ivory Coast,0.0120011163829193,-0.0125272331154684,-0.00110436223081174,0.0125272331154684,0.064929646127894,0.060605376694975,-0.0511053724699445,-0.060605376694975,0.128729554352778,0.0684879352399293,0.111802816110497,0.0684879352399293,,,,,,,74.2,99.9,1624.2
-3.999944,5.326861,2022-11-07,11,2022,Ivory Coast,0.0120011163829193,-0.0125272331154684,-0.00110436223081174,0.0125272331154684,0.064929646127894,0.060605376694975,-0.0511053724699445,-0.060605376694975,0.128729554352778,0.0684879352399293,0.111802816110497,0.0684879352399293,,,,,,,79.4,102.9,1628.8
-3.999833,5.327444,2022-11-07,11,2022,Ivory Coast,0.238071446415189,0.0508905852417303,-0.202328966521106,-0.0508905852417303,0.150207997344693,0.0335656137767553,-0.126882603508143,-0.0335656137767553,0.101676302496327,0.0731555204351124,0.092940650614087,0.0731555204351124,,14816,15171.75,15132,15367,15326,79.4,102.9,1628.8
-3.999917,5.3275,2022-11-07,11,2022,Ivory Coast,0.238071446415189,0.0508905852417303,-0.202328966521106,-0.0508905852417303,0.150207997344693,0.0335656137767553,-0.126882603508143,-0.0335656137767553,0.101676302496327,0.0731555204351124,0.092940650614087,0.0731555204351124,,14816,15171.75,15132,15367,15326,79.4,102.9,1628.8
-4.000417,5.32725,2022-11-07,11,2022,Ivory Coast,0.238071446415189,0.0508905852417303,-0.202328966521106,-0.0508905852417303,0.150207997344693,0.0335656137767553,-0.126882603508143,-0.0335656137767553,0.101676302496327,0.0731555204351124,0.092940650614087,0.0731555204351124,,14816,15171.75,15132,15367,15326,74.2,99.9,1624.2
-4.000306,5.326722,2022-11-07,11,2022,Ivory Coast,0.0120011163829193,-0.0125272331154684,-0.00110436223081174,0.0125272331154684,0.064929646127894,0.060605376694975,-0.0511053724699445,-0.060605376694975,0.128729554352778,0.0684879352399293,0.111802816110497,0.0684879352399293,,,,,,,74.2,99.9,1624.2
-4.000444,5.32675,2022-11-07,11,2022,Ivory Coast,0.0120011163829193,-0.0125272331154684,-0.00110436223081174,0.0125272331154684,0.064929646127894,0.060605376694975,-0.0511053724699445,-0.060605376694975,0.128729554352778,0.0684879352399293,0.111802816110497,0.0684879352399293,,,,,,,74.2,99.9,1624.2
-4.00075,5.325333,2022-11-07,11,2022,Ivory Coast,0.0120011163829193,-0.0125272331154684,-0.00110436223081174,0.0125272331154684,0.064929646127894,0.060605376694975,-0.0511053724699445,-0.060605376694975,0.128729554352778,0.0684879352399293,0.111802816110497,0.0684879352399293,,,,,,,74.2,99.9,1624.2
-4.001,5.325417,2022-11-07,11,2022,Ivory Coast,0.0120011163829193,-0.0125272331154684,-0.00110436223081174,0.0125272331154684,0.064929646127894,0.060605376694975,-0.0511053724699445,-0.060605376694975,0.128729554352778,0.0684879352399293,0.111802816110497,0.0684879352399293,,,,,,,74.2,99.9,1624.2
-4.001,5.325694,2022-11-07,11,2022,Ivory Coast,0.0120011163829193,-0.0125272331154684,-0.00110436223081174,0.0125272331154684,0.064929646127894,0.060605376694975,-0.0511053724699445,-0.060605376694975,0.128729554352778,0.0684879352399293,0.111802816110497,0.0684879352399293,,,,,,,74.2,99.9,1624.2
-4.001139,5.326222,2022-11-07,11,2022,Ivory Coast,0.0120011163829193,-0.0125272331154684,-0.00110436223081174,0.0125272331154684,0.064929646127894,0.060605376694975,-0.0511053724699445,-0.060605376694975,0.128729554352778,0.0684879352399293,0.111802816110497,0.0684879352399293,,,,,,,74.2,99.9,1624.2
-4.000972,5.326917,2022-11-07,11,2022,Ivory Coast,0.0120011163829193,-0.0125272331154684,-0.00110436223081174,0.0125272331154684,0.064929646127894,0.060605376694975,-0.0511053724699445,-0.060605376694975,0.128729554352778,0.0684879352399293,0.111802816110497,0.0684879352399293,,,,,,,74.2,99.9,1624.2
-4.000944,5.327528,2022-11-07,11,2022,Ivory Coast,0.238071446415189,0.0508905852417303,-0.202328966521106,-0.0508905852417303,0.150207997344693,0.0335656137767553,-0.126882603508143,-0.0335656137767553,0.101676302496327,0.0731555204351124,0.092940650614087,0.0731555204351124,,14816,15171.75,15132,15367,15326,74.2,99.9,1624.2
-4.001139,5.3275,2022-11-07,11,2022,Ivory Coast,0.238071446415189,0.0508905852417303,-0.202328966521106,-0.0508905852417303,0.150207997344693,0.0335656137767553,-0.126882603508143,-0.0335656137767553,0.101676302496327,0.0731555204351124,0.092940650614087,0.0731555204351124,,14816,15171.75,15132,15367,15326,74.2,99.9,1624.2
-4.001361,5.327139,2022-11-07,11,2022,Ivory Coast,0.238071446415189,0.0508905852417303,-0.202328966521106,-0.0508905852417303,0.150207997344693,0.0335656137767553,-0.126882603508143,-0.0335656137767553,0.101676302496327,0.0731555204351124,0.092940650614087,0.0731555204351124,,14816,15171.75,15132,15367,15326,74.2,99.9,1624.2
-4.001333,5.326917,2022-11-07,11,2022,Ivory Coast,0.0120011163829193,-0.0125272331154684,-0.00110436223081174,0.0125272331154684,0.064929646127894,0.060605376694975,-0.0511053724699445,-0.060605376694975,0.128729554352778,0.0684879352399293,0.111802816110497,0.0684879352399293,,,,,,,74.2,99.9,1624.2
-4.001389,5.326361,2022-11-07,11,2022,Ivory Coast,0.0120011163829193,-0.0125272331154684,-0.00110436223081174,0.0125272331154684,0.064929646127894,0.060605376694975,-0.0511053724699445,-0.060605376694975,0.128729554352778,0.0684879352399293,0.111802816110497,0.0684879352399293,,,,,,,74.2,99.9,1624.2
-4.001556,5.325722,2022-11-07,11,2022,Ivory Coast,0.0120011163829193,-0.0125272331154684,-0.00110436223081174,0.0125272331154684,0.064929646127894,0.060605376694975,-0.0511053724699445,-0.060605376694975,0.128729554352778,0.0684879352399293,0.111802816110497,0.0684879352399293,,,,,,,74.2,99.9,1624.2
-4.001583,5.325444,2022-11-07,11,2022,Ivory Coast,0.0120011163829193,-0.0125272331154684,-0.00110436223081174,0.0125272331154684,0.064929646127894,0.060605376694975,-0.0511053724699445,-0.060605376694975,0.128729554352778,0.0684879352399293,0.111802816110497,0.0684879352399293,,,,,,,74.2,99.9,1624.2
-4.001861,5.325444,2022-11-07,11,2022,Ivory Coast,0.0120011163829193,-0.0125272331154684,-0.00110436223081174,0.0125272331154684,0.064929646127894,0.060605376694975,-0.0511053724699445,-0.060605376694975,0.128729554352778,0.0684879352399293,0.111802816110497,0.0684879352399293,,,,,,,74.2,99.9,1624.2
-4.005944,5.3095,2022-11-07,11,2022,Ivory Coast,0.123136123136123,-0.0365174334639984,-0.134596695821186,0.0365174334639984,0.0126206510496765,-0.00849765968379081,-0.0146241204569586,0.00849765968379081,0.0930886969824775,0.115506094828189,0.0884898016077702,0.115506094828189,,14853,15206.5555555556,15327.5,15171,15499.5,74.2,99.9,1624.2
-4.007194,5.309111,2022-11-07,11,2022,Ivory Coast,0.0128581096323031,-0.124756335282651,-0.0291084116433646,0.124756335282651,-0.0165647152275495,-0.0503604307034314,0.00150853512933924,0.0503604307034314,0.0799114008721908,0.0939074480762965,0.0810349948034272,0.0939074480762965,,14853,15206.5555555556,15327.5,15171,15499.5,74.2,99.9,1624.2
-4.008333,5.308667,2022-11-07,11,2022,Ivory Coast,-0.0180232558139535,-0.142421934501142,0.00967458223394906,0.142421934501142,0.015899176707471,-0.102412548482627,-0.0243507579066531,0.102412548482627,0.0423594123406462,0.0412113312207556,0.047401665158682,0.0412113312207556,,14850,15275.5555555556,15354.5,15572,15567,74.2,99.9,1624.2
-4.010611,5.307917,2022-11-07,11,2022,Ivory Coast,-0.0180232558139535,-0.142421934501142,0.00967458223394906,0.142421934501142,0.015899176707471,-0.102412548482627,-0.0243507579066531,0.102412548482627,0.0423594123406462,0.0412113312207556,0.047401665158682,0.0412113312207556,,14850,15275.5555555556,15354.5,15572,15567,74.2,99.9,1624.2
-4.011833,5.307389,2022-11-07,11,2022,Ivory Coast,0.000482625482625496,-0.156802928615009,-0.0242094861660079,0.156802928615009,0.0177503808667533,-0.0925400210926021,-0.0238026519846396,0.0925400210926021,0.0377820249004921,0.0652695180476019,0.0339835451050926,0.0652695180476019,,14826,15243.375,15347.5,15435,15510.5,74.2,99.9,1624.2
-4.011694,5.307917,2022-11-07,11,2022,Ivory Coast,0.000482625482625496,-0.156802928615009,-0.0242094861660079,0.156802928615009,0.0177503808667533,-0.0925400210926021,-0.0238026519846396,0.0925400210926021,0.0377820249004921,0.0652695180476019,0.0339835451050926,0.0652695180476019,,14826,15243.375,15347.5,15435,15510.5,74.2,99.9,1624.2
-4.010417,5.308306,2022-11-07,11,2022,Ivory Coast,-0.0180232558139535,-0.142421934501142,0.00967458223394906,0.142421934501142,0.015899176707471,-0.102412548482627,-0.0243507579066531,0.102412548482627,0.0423594123406462,0.0412113312207556,0.047401665158682,0.0412113312207556,,14850,15275.5555555556,15354.5,15572,15567,74.2,99.9,1624.2
-4.008667,5.308944,2022-11-07,11,2022,Ivory Coast,-0.0180232558139535,-0.142421934501142,0.00967458223394906,0.142421934501142,0.015899176707471,-0.102412548482627,-0.0243507579066531,0.102412548482627,0.0423594123406462,0.0412113312207556,0.047401665158682,0.0412113312207556,,14850,15275.5555555556,15354.5,15572,15567,74.2,99.9,1624.2
-4.007333,5.309444,2022-11-07,11,2022,Ivory Coast,0.0128581096323031,-0.124756335282651,-0.0291084116433646,0.124756335282651,-0.0165647152275495,-0.0503604307034314,0.00150853512933924,0.0503604307034314,0.0799114008721908,0.0939074480762965,0.0810349948034272,0.0939074480762965,,14853,15206.5555555556,15327.5,15171,15499.5,74.2,99.9,1624.2
-4.005944,5.310028,2022-11-07,11,2022,Ivory Coast,0.123136123136123,-0.0365174334639984,-0.134596695821186,0.0365174334639984,0.0126206510496765,-0.00849765968379081,-0.0146241204569586,0.00849765968379081,0.0930886969824775,0.115506094828189,0.0884898016077702,0.115506094828189,,14853,15206.5555555556,15327.5,15171,15499.5,74.2,99.9,1624.2
-4.007917,5.309694,2022-11-07,11,2022,Ivory Coast,0.0128581096323031,-0.124756335282651,-0.0291084116433646,0.124756335282651,-0.0165647152275495,-0.0503604307034314,0.00150853512933924,0.0503604307034314,0.0799114008721908,0.0939074480762965,0.0810349948034272,0.0939074480762965,,14853,15206.5555555556,15327.5,15171,15499.5,74.2,99.9,1624.2
-4.009972,5.309028,2022-11-07,11,2022,Ivory Coast,-0.0180232558139535,-0.142421934501142,0.00967458223394906,0.142421934501142,0.015899176707471,-0.102412548482627,-0.0243507579066531,0.102412548482627,0.0423594123406462,0.0412113312207556,0.047401665158682,0.0412113312207556,,14850,15275.5555555556,15354.5,15572,15567,74.2,99.9,1624.2
-4.011306,5.3085,2022-11-07,11,2022,Ivory Coast,0.000482625482625496,-0.156802928615009,-0.0242094861660079,0.156802928615009,0.0177503808667533,-0.0925400210926021,-0.0238026519846396,0.0925400210926021,0.0377820249004921,0.0652695180476019,0.0339835451050926,0.0652695180476019,,14826,15243.375,15347.5,15435,15510.5,74.2,99.9,1624.2
-4.012583,5.308333,2022-11-07,11,2022,Ivory Coast,0.000482625482625496,-0.156802928615009,-0.0242094861660079,0.156802928615009,0.0177503808667533,-0.0925400210926021,-0.0238026519846396,0.0925400210926021,0.0377820249004921,0.0652695180476019,0.0339835451050926,0.0652695180476019,,14826,15243.375,15347.5,15435,15510.5,74.2,99.9,1624.2
-4.011556,5.308806,2022-11-07,11,2022,Ivory Coast,0.000482625482625496,-0.156802928615009,-0.0242094861660079,0.156802928615009,0.0177503808667533,-0.0925400210926021,-0.0238026519846396,0.0925400210926021,0.0377820249004921,0.0652695180476019,0.0339835451050926,0.0652695180476019,,14826,15243.375,15347.5,15435,15510.5,74.2,99.9,1624.2
-4.010167,5.309333,2022-11-07,11,2022,Ivory Coast,0.0128581096323031,-0.124756335282651,-0.0291084116433646,0.124756335282651,-0.0165647152275495,-0.0503604307034314,0.00150853512933924,0.0503604307034314,0.0799114008721908,0.0939074480762965,0.0810349948034272,0.0939074480762965,,14853,15206.5555555556,15327.5,15171,15499.5,74.2,99.9,1624.2
-4.009,5.309667,2022-11-07,11,2022,Ivory Coast,0.0128581096323031,-0.124756335282651,-0.0291084116433646,0.124756335282651,-0.0165647152275495,-0.0503604307034314,0.00150853512933924,0.0503604307034314,0.0799114008721908,0.0939074480762965,0.0810349948034272,0.0939074480762965,,14853,15206.5555555556,15327.5,15171,15499.5,74.2,99.9,1624.2
-4.007694,5.310194,2022-11-07,11,2022,Ivory Coast,0.0128581096323031,-0.124756335282651,-0.0291084116433646,0.124756335282651,-0.0165647152275495,-0.0503604307034314,0.00150853512933924,0.0503604307034314,0.0799114008721908,0.0939074480762965,0.0810349948034272,0.0939074480762965,,14853,15206.5555555556,15327.5,15171,15499.5,74.2,99.9,1624.2
-4.007472,5.310833,2022-11-07,11,2022,Ivory Coast,0.0128581096323031,-0.124756335282651,-0.0291084116433646,0.124756335282651,-0.0165647152275495,-0.0503604307034314,0.00150853512933924,0.0503604307034314,0.0799114008721908,0.0939074480762965,0.0810349948034272,0.0939074480762965,,14853,15206.5555555556,15327.5,15171,15499.5,74.2,99.9,1624.2
-4.008278,5.310583,2022-11-07,11,2022,Ivory Coast,0.0128581096323031,-0.124756335282651,-0.0291084116433646,0.124756335282651,-0.0165647152275495,-0.0503604307034314,0.00150853512933924,0.0503604307034314,0.0799114008721908,0.0939074480762965,0.0810349948034272,0.0939074480762965,,14853,15206.5555555556,15327.5,15171,15499.5,74.2,99.9,1624.2
-4.009972,5.309972,2022-11-07,11,2022,Ivory Coast,0.0128581096323031,-0.124756335282651,-0.0291084116433646,0.124756335282651,-0.0165647152275495,-0.0503604307034314,0.00150853512933924,0.0503604307034314,0.0799114008721908,0.0939074480762965,0.0810349948034272,0.0939074480762965,,14853,15206.5555555556,15327.5,15171,15499.5,74.2,99.9,1624.2
-4.010778,5.309667,2022-11-07,11,2022,Ivory Coast,0.0128581096323031,-0.124756335282651,-0.0291084116433646,0.124756335282651,-0.0165647152275495,-0.0503604307034314,0.00150853512933924,0.0503604307034314,0.0799114008721908,0.0939074480762965,0.0810349948034272,0.0939074480762965,,14853,15206.5555555556,15327.5,15171,15499.5,74.2,99.9,1624.2
-4.012222,5.309194,2022-11-07,11,2022,Ivory Coast,0.00355182434614139,-0.0439864657028607,-0.0218642117376295,0.0439864657028607,-0.015340967137264,-0.0366425820293243,0.00636842530161316,0.0366425820293243,0.0830371284390442,0.0983496227103435,0.0783344979858199,0.0983496227103435,,14826,15176.375,15306.5,15288,15424,74.2,99.9,1624.2
-4.013111,5.309778,2022-11-07,11,2022,Ivory Coast,0.00355182434614139,-0.0439864657028607,-0.0218642117376295,0.0439864657028607,-0.015340967137264,-0.0366425820293243,0.00636842530161316,0.0366425820293243,0.0830371284390442,0.0983496227103435,0.0783344979858199,0.0983496227103435,,14826,15176.375,15306.5,15288,15424,74.2,99.9,1624.2
-4.012,5.310278,2022-11-07,11,2022,Ivory Coast,0.00355182434614139,-0.0439864657028607,-0.0218642117376295,0.0439864657028607,-0.015340967137264,-0.0366425820293243,0.00636842530161316,0.0366425820293243,0.0830371284390442,0.0983496227103435,0.0783344979858199,0.0983496227103435,,14826,15176.375,15306.5,15288,15424,74.2,99.9,1624.2
-4.011167,5.3105,2022-11-07,11,2022,Ivory Coast,0.00355182434614139,-0.0439864657028607,-0.0218642117376295,0.0439864657028607,-0.015340967137264,-0.0366425820293243,0.00636842530161316,0.0366425820293243,0.0830371284390442,0.0983496227103435,0.0783344979858199,0.0983496227103435,,14826,15176.375,15306.5,15288,15424,74.2,99.9,1624.2
-4.01025,5.31075,2022-11-07,11,2022,Ivory Coast,0.0128581096323031,-0.124756335282651,-0.0291084116433646,0.124756335282651,-0.0165647152275495,-0.0503604307034314,0.00150853512933924,0.0503604307034314,0.0799114008721908,0.0939074480762965,0.0810349948034272,0.0939074480762965,,14853,15206.5555555556,15327.5,15171,15499.5,74.2,99.9,1624.2
-4.009528,5.311083,2022-11-07,11,2022,Ivory Coast,0.0128581096323031,-0.124756335282651,-0.0291084116433646,0.124756335282651,-0.0165647152275495,-0.0503604307034314,0.00150853512933924,0.0503604307034314,0.0799114008721908,0.0939074480762965,0.0810349948034272,0.0939074480762965,,14853,15206.5555555556,15327.5,15171,15499.5,74.2,99.9,1624.2
-4.008722,5.311306,2022-11-07,11,2022,Ivory Coast,0.0128581096323031,-0.124756335282651,-0.0291084116433646,0.124756335282651,-0.0165647152275495,-0.0503604307034314,0.00150853512933924,0.0503604307034314,0.0799114008721908,0.0939074480762965,0.0810349948034272,0.0939074480762965,,14853,15206.5555555556,15327.5,15171,15499.5,74.2,99.9,1624.2
-4.007694,5.311611,2022-11-07,11,2022,Ivory Coast,0.0128581096323031,-0.124756335282651,-0.0291084116433646,0.124756335282651,-0.0165647152275495,-0.0503604307034314,0.00150853512933924,0.0503604307034314,0.0799114008721908,0.0939074480762965,0.0810349948034272,0.0939074480762965,,14853,15206.5555555556,15327.5,15171,15499.5,74.2,99.9,1624.2
-4.008389,5.310833,2022-11-07,11,2022,Ivory Coast,0.0128581096323031,-0.124756335282651,-0.0291084116433646,0.124756335282651,-0.0165647152275495,-0.0503604307034314,0.00150853512933924,0.0503604307034314,0.0799114008721908,0.0939074480762965,0.0810349948034272,0.0939074480762965,,14853,15206.5555555556,15327.5,15171,15499.5,74.2,99.9,1624.2
-4.008944,5.310833,2022-11-07,11,2022,Ivory Coast,0.0128581096323031,-0.124756335282651,-0.0291084116433646,0.124756335282651,-0.0165647152275495,-0.0503604307034314,0.00150853512933924,0.0503604307034314,0.0799114008721908,0.0939074480762965,0.0810349948034272,0.0939074480762965,,14853,15206.5555555556,15327.5,15171,15499.5,74.2,99.9,1624.2
-4.009972,5.310444,2022-11-07,11,2022,Ivory Coast,0.0128581096323031,-0.124756335282651,-0.0291084116433646,0.124756335282651,-0.0165647152275495,-0.0503604307034314,0.00150853512933924,0.0503604307034314,0.0799114008721908,0.0939074480762965,0.0810349948034272,0.0939074480762965,,14853,15206.5555555556,15327.5,15171,15499.5,74.2,99.9,1624.2
-4.010889,5.310056,2022-11-07,11,2022,Ivory Coast,0.0128581096323031,-0.124756335282651,-0.0291084116433646,0.124756335282651,-0.0165647152275495,-0.0503604307034314,0.00150853512933924,0.0503604307034314,0.0799114008721908,0.0939074480762965,0.0810349948034272,0.0939074480762965,,14853,15206.5555555556,15327.5,15171,15499.5,74.2,99.9,1624.2
-4.011806,5.309806,2022-11-07,11,2022,Ivory Coast,0.00355182434614139,-0.0439864657028607,-0.0218642117376295,0.0439864657028607,-0.015340967137264,-0.0366425820293243,0.00636842530161316,0.0366425820293243,0.0830371284390442,0.0983496227103435,0.0783344979858199,0.0983496227103435,,14826,15176.375,15306.5,15288,15424,74.2,99.9,1624.2
-4.012111,5.310167,2022-11-07,11,2022,Ivory Coast,0.00355182434614139,-0.0439864657028607,-0.0218642117376295,0.0439864657028607,-0.015340967137264,-0.0366425820293243,0.00636842530161316,0.0366425820293243,0.0830371284390442,0.0983496227103435,0.0783344979858199,0.0983496227103435,,14826,15176.375,15306.5,15288,15424,74.2,99.9,1624.2
-4.013556,5.309722,2022-11-07,11,2022,Ivory Coast,0.00355182434614139,-0.0439864657028607,-0.0218642117376295,0.0439864657028607,-0.015340967137264,-0.0366425820293243,0.00636842530161316,0.0366425820293243,0.0830371284390442,0.0983496227103435,0.0783344979858199,0.0983496227103435,,14826,15176.375,15306.5,15288,15424,74.2,99.9,1624.2
-4.014194,5.3095,2022-11-07,11,2022,Ivory Coast,0.00355182434614139,-0.0439864657028607,-0.0218642117376295,0.0439864657028607,-0.015340967137264,-0.0366425820293243,0.00636842530161316,0.0366425820293243,0.0830371284390442,0.0983496227103435,0.0783344979858199,0.0983496227103435,,14826,15176.375,15306.5,15288,15424,74.2,99.9,1624.2
-4.014556,5.309417,2022-11-07,11,2022,Ivory Coast,0.00355182434614139,-0.0439864657028607,-0.0218642117376295,0.0439864657028607,-0.015340967137264,-0.0366425820293243,0.00636842530161316,0.0366425820293243,0.0830371284390442,0.0983496227103435,0.0783344979858199,0.0983496227103435,,14826,15176.375,15306.5,15288,15424,74.2,99.9,1624.2
-4.014944,5.30925,2022-11-07,11,2022,Ivory Coast,0.00355182434614139,-0.0439864657028607,-0.0218642117376295,0.0439864657028607,-0.015340967137264,-0.0366425820293243,0.00636842530161316,0.0366425820293243,0.0830371284390442,0.0983496227103435,0.0783344979858199,0.0983496227103435,,14826,15176.375,15306.5,15288,15424,74.2,99.9,1624.2
-4.015167,5.309722,2022-11-07,11,2022,Ivory Coast,0.00355182434614139,-0.0439864657028607,-0.0218642117376295,0.0439864657028607,-0.015340967137264,-0.0366425820293243,0.00636842530161316,0.0366425820293243,0.0830371284390442,0.0983496227103435,0.0783344979858199,0.0983496227103435,,14826,15176.375,15306.5,15288,15424,74.2,99.9,1624.2
-4.015389,5.310083,2022-11-07,11,2022,Ivory Coast,0.00355182434614139,-0.0439864657028607,-0.0218642117376295,0.0439864657028607,-0.015340967137264,-0.0366425820293243,0.00636842530161316,0.0366425820293243,0.0830371284390442,0.0983496227103435,0.0783344979858199,0.0983496227103435,,14826,15176.375,15306.5,15288,15424,74.2,99.9,1624.2
-4.011417,5.311,2022-11-07,11,2022,Ivory Coast,0.00355182434614139,-0.0439864657028607,-0.0218642117376295,0.0439864657028607,-0.015340967137264,-0.0366425820293243,0.00636842530161316,0.0366425820293243,0.0830371284390442,0.0983496227103435,0.0783344979858199,0.0983496227103435,,14826,15176.375,15306.5,15288,15424,74.2,99.9,1624.2
-4.010889,5.311167,2022-11-07,11,2022,Ivory Coast,0.0128581096323031,-0.124756335282651,-0.0291084116433646,0.124756335282651,-0.0165647152275495,-0.0503604307034314,0.00150853512933924,0.0503604307034314,0.0799114008721908,0.0939074480762965,0.0810349948034272,0.0939074480762965,,14853,15206.5555555556,15327.5,15171,15499.5,74.2,99.9,1624.2
-4.010611,5.311278,2022-11-07,11,2022,Ivory Coast,0.0128581096323031,-0.124756335282651,-0.0291084116433646,0.124756335282651,-0.0165647152275495,-0.0503604307034314,0.00150853512933924,0.0503604307034314,0.0799114008721908,0.0939074480762965,0.0810349948034272,0.0939074480762965,,14853,15206.5555555556,15327.5,15171,15499.5,74.2,99.9,1624.2
-4.009889,5.311528,2022-11-07,11,2022,Ivory Coast,0.0128581096323031,-0.124756335282651,-0.0291084116433646,0.124756335282651,-0.0165647152275495,-0.0503604307034314,0.00150853512933924,0.0503604307034314,0.0799114008721908,0.0939074480762965,0.0810349948034272,0.0939074480762965,,14853,15206.5555555556,15327.5,15171,15499.5,74.2,99.9,1624.2
-4.009583,5.311667,2022-11-07,11,2022,Ivory Coast,0.0128581096323031,-0.124756335282651,-0.0291084116433646,0.124756335282651,-0.0165647152275495,-0.0503604307034314,0.00150853512933924,0.0503604307034314,0.0799114008721908,0.0939074480762965,0.0810349948034272,0.0939074480762965,,14853,15206.5555555556,15327.5,15171,15499.5,74.2,99.9,1624.2
-4.009333,5.311806,2022-11-07,11,2022,Ivory Coast,0.0128581096323031,-0.124756335282651,-0.0291084116433646,0.124756335282651,-0.0165647152275495,-0.0503604307034314,0.00150853512933924,0.0503604307034314,0.0799114008721908,0.0939074480762965,0.0810349948034272,0.0939074480762965,,14853,15206.5555555556,15327.5,15171,15499.5,74.2,99.9,1624.2
-4.008861,5.311944,2022-11-07,11,2022,Ivory Coast,0.0128581096323031,-0.124756335282651,-0.0291084116433646,0.124756335282651,-0.0165647152275495,-0.0503604307034314,0.00150853512933924,0.0503604307034314,0.0799114008721908,0.0939074480762965,0.0810349948034272,0.0939074480762965,,14853,15206.5555555556,15327.5,15171,15499.5,74.2,99.9,1624.2
-4.008528,5.311583,2022-11-07,11,2022,Ivory Coast,0.0128581096323031,-0.124756335282651,-0.0291084116433646,0.124756335282651,-0.0165647152275495,-0.0503604307034314,0.00150853512933924,0.0503604307034314,0.0799114008721908,0.0939074480762965,0.0810349948034272,0.0939074480762965,,14853,15206.5555555556,15327.5,15171,15499.5,74.2,99.9,1624.2
-4.006778,5.310917,2022-11-07,11,2022,Ivory Coast,0.0128581096323031,-0.124756335282651,-0.0291084116433646,0.124756335282651,-0.0165647152275495,-0.0503604307034314,0.00150853512933924,0.0503604307034314,0.0799114008721908,0.0939074480762965,0.0810349948034272,0.0939074480762965,,14853,15206.5555555556,15327.5,15171,15499.5,74.2,99.9,1624.2
-4.006222,5.310667,2022-11-07,11,2022,Ivory Coast,0.123136123136123,-0.0365174334639984,-0.134596695821186,0.0365174334639984,0.0126206510496765,-0.00849765968379081,-0.0146241204569586,0.00849765968379081,0.0930886969824775,0.115506094828189,0.0884898016077702,0.115506094828189,,14853,15206.5555555556,15327.5,15171,15499.5,74.2,99.9,1624.2
-4.005833,5.311056,2022-11-07,11,2022,Ivory Coast,0.123136123136123,-0.0365174334639984,-0.134596695821186,0.0365174334639984,0.0126206510496765,-0.00849765968379081,-0.0146241204569586,0.00849765968379081,0.0930886969824775,0.115506094828189,0.0884898016077702,0.115506094828189,,14853,15206.5555555556,15327.5,15171,15499.5,74.2,99.9,1624.2
-4.005389,5.310889,2022-11-07,11,2022,Ivory Coast,0.123136123136123,-0.0365174334639984,-0.134596695821186,0.0365174334639984,0.0126206510496765,-0.00849765968379081,-0.0146241204569586,0.00849765968379081,0.0930886969824775,0.115506094828189,0.0884898016077702,0.115506094828189,,14853,15206.5555555556,15327.5,15171,15499.5,74.2,99.9,1624.2
-4.005111,5.310167,2022-11-07,11,2022,Ivory Coast,0.123136123136123,-0.0365174334639984,-0.134596695821186,0.0365174334639984,0.0126206510496765,-0.00849765968379081,-0.0146241204569586,0.00849765968379081,0.0930886969824775,0.115506094828189,0.0884898016077702,0.115506094828189,,14853,15206.5555555556,15327.5,15171,15499.5,74.2,99.9,1624.2
-4.004833,5.309917,2022-11-07,11,2022,Ivory Coast,0.123136123136123,-0.0365174334639984,-0.134596695821186,0.0365174334639984,0.0126206510496765,-0.00849765968379081,-0.0146241204569586,0.00849765968379081,0.0930886969824775,0.115506094828189,0.0884898016077702,0.115506094828189,,14853,15206.5555555556,15327.5,15171,15499.5,74.2,99.9,1624.2
-4.00475,5.310306,2022-11-07,11,2022,Ivory Coast,0.123136123136123,-0.0365174334639984,-0.134596695821186,0.0365174334639984,0.0126206510496765,-0.00849765968379081,-0.0146241204569586,0.00849765968379081,0.0930886969824775,0.115506094828189,0.0884898016077702,0.115506094828189,,14853,15206.5555555556,15327.5,15171,15499.5,74.2,99.9,1624.2
-4.003861,5.310139,2022-11-07,11,2022,Ivory Coast,0.123136123136123,-0.0365174334639984,-0.134596695821186,0.0365174334639984,0.0126206510496765,-0.00849765968379081,-0.0146241204569586,0.00849765968379081,0.0930886969824775,0.115506094828189,0.0884898016077702,0.115506094828189,,14853,15206.5555555556,15327.5,15171,15499.5,74.2,99.9,1624.2
-4.003083,5.310139,2022-11-07,11,2022,Ivory Coast,0.123136123136123,-0.0365174334639984,-0.134596695821186,0.0365174334639984,0.0126206510496765,-0.00849765968379081,-0.0146241204569586,0.00849765968379081,0.0930886969824775,0.115506094828189,0.0884898016077702,0.115506094828189,,14853,15206.5555555556,15327.5,15171,15499.5,74.2,99.9,1624.2
-4.003389,5.310806,2022-11-07,11,2022,Ivory Coast,0.123136123136123,-0.0365174334639984,-0.134596695821186,0.0365174334639984,0.0126206510496765,-0.00849765968379081,-0.0146241204569586,0.00849765968379081,0.0930886969824775,0.115506094828189,0.0884898016077702,0.115506094828189,,14853,15206.5555555556,15327.5,15171,15499.5,74.2,99.9,1624.2
-4.003611,5.310972,2022-11-07,11,2022,Ivory Coast,0.123136123136123,-0.0365174334639984,-0.134596695821186,0.0365174334639984,0.0126206510496765,-0.00849765968379081,-0.0146241204569586,0.00849765968379081,0.0930886969824775,0.115506094828189,0.0884898016077702,0.115506094828189,,14853,15206.5555555556,15327.5,15171,15499.5,74.2,99.9,1624.2
-4.003806,5.311278,2022-11-07,11,2022,Ivory Coast,0.123136123136123,-0.0365174334639984,-0.134596695821186,0.0365174334639984,0.0126206510496765,-0.00849765968379081,-0.0146241204569586,0.00849765968379081,0.0930886969824775,0.115506094828189,0.0884898016077702,0.115506094828189,,14853,15206.5555555556,15327.5,15171,15499.5,74.2,99.9,1624.2
-4.003333,5.311389,2022-11-07,11,2022,Ivory Coast,0.123136123136123,-0.0365174334639984,-0.134596695821186,0.0365174334639984,0.0126206510496765,-0.00849765968379081,-0.0146241204569586,0.00849765968379081,0.0930886969824775,0.115506094828189,0.0884898016077702,0.115506094828189,,14853,15206.5555555556,15327.5,15171,15499.5,74.2,99.9,1624.2
-4.002917,5.311056,2022-11-07,11,2022,Ivory Coast,0.123136123136123,-0.0365174334639984,-0.134596695821186,0.0365174334639984,0.0126206510496765,-0.00849765968379081,-0.0146241204569586,0.00849765968379081,0.0930886969824775,0.115506094828189,0.0884898016077702,0.115506094828189,,14853,15206.5555555556,15327.5,15171,15499.5,74.2,99.9,1624.2
-4.003111,5.311389,2022-11-07,11,2022,Ivory Coast,0.123136123136123,-0.0365174334639984,-0.134596695821186,0.0365174334639984,0.0126206510496765,-0.00849765968379081,-0.0146241204569586,0.00849765968379081,0.0930886969824775,0.115506094828189,0.0884898016077702,0.115506094828189,,14853,15206.5555555556,15327.5,15171,15499.5,74.2,99.9,1624.2
-4.003861,5.311722,2022-11-07,11,2022,Ivory Coast,0.123136123136123,-0.0365174334639984,-0.134596695821186,0.0365174334639984,0.0126206510496765,-0.00849765968379081,-0.0146241204569586,0.00849765968379081,0.0930886969824775,0.115506094828189,0.0884898016077702,0.115506094828189,,14853,15206.5555555556,15327.5,15171,15499.5,74.2,99.9,1624.2
-4.003917,5.311972,2022-11-07,11,2022,Ivory Coast,0.123136123136123,-0.0365174334639984,-0.134596695821186,0.0365174334639984,0.0126206510496765,-0.00849765968379081,-0.0146241204569586,0.00849765968379081,0.0930886969824775,0.115506094828189,0.0884898016077702,0.115506094828189,,14853,15206.5555555556,15327.5,15171,15499.5,74.2,99.9,1624.2
-4.004694,5.312028,2022-11-07,11,2022,Ivory Coast,0.123136123136123,-0.0365174334639984,-0.134596695821186,0.0365174334639984,0.0126206510496765,-0.00849765968379081,-0.0146241204569586,0.00849765968379081,0.0930886969824775,0.115506094828189,0.0884898016077702,0.115506094828189,,14853,15206.5555555556,15327.5,15171,15499.5,74.2,99.9,1624.2
-4.004389,5.311694,2022-11-07,11,2022,Ivory Coast,0.123136123136123,-0.0365174334639984,-0.134596695821186,0.0365174334639984,0.0126206510496765,-0.00849765968379081,-0.0146241204569586,0.00849765968379081,0.0930886969824775,0.115506094828189,0.0884898016077702,0.115506094828189,,14853,15206.5555555556,15327.5,15171,15499.5,74.2,99.9,1624.2
-4.004528,5.311278,2022-11-07,11,2022,Ivory Coast,0.123136123136123,-0.0365174334639984,-0.134596695821186,0.0365174334639984,0.0126206510496765,-0.00849765968379081,-0.0146241204569586,0.00849765968379081,0.0930886969824775,0.115506094828189,0.0884898016077702,0.115506094828189,,14853,15206.5555555556,15327.5,15171,15499.5,74.2,99.9,1624.2
-4.004556,5.311028,2022-11-07,11,2022,Ivory Coast,0.123136123136123,-0.0365174334639984,-0.134596695821186,0.0365174334639984,0.0126206510496765,-0.00849765968379081,-0.0146241204569586,0.00849765968379081,0.0930886969824775,0.115506094828189,0.0884898016077702,0.115506094828189,,14853,15206.5555555556,15327.5,15171,15499.5,74.2,99.9,1624.2
-4.005194,5.311472,2022-11-07,11,2022,Ivory Coast,0.123136123136123,-0.0365174334639984,-0.134596695821186,0.0365174334639984,0.0126206510496765,-0.00849765968379081,-0.0146241204569586,0.00849765968379081,0.0930886969824775,0.115506094828189,0.0884898016077702,0.115506094828189,,14853,15206.5555555556,15327.5,15171,15499.5,74.2,99.9,1624.2
-4.005444,5.311306,2022-11-07,11,2022,Ivory Coast,0.123136123136123,-0.0365174334639984,-0.134596695821186,0.0365174334639984,0.0126206510496765,-0.00849765968379081,-0.0146241204569586,0.00849765968379081,0.0930886969824775,0.115506094828189,0.0884898016077702,0.115506094828189,,14853,15206.5555555556,15327.5,15171,15499.5,74.2,99.9,1624.2
-4.006083,5.311778,2022-11-07,11,2022,Ivory Coast,0.123136123136123,-0.0365174334639984,-0.134596695821186,0.0365174334639984,0.0126206510496765,-0.00849765968379081,-0.0146241204569586,0.00849765968379081,0.0930886969824775,0.115506094828189,0.0884898016077702,0.115506094828189,,14853,15206.5555555556,15327.5,15171,15499.5,74.2,99.9,1624.2
-4.006611,5.31125,2022-11-07,11,2022,Ivory Coast,0.0128581096323031,-0.124756335282651,-0.0291084116433646,0.124756335282651,-0.0165647152275495,-0.0503604307034314,0.00150853512933924,0.0503604307034314,0.0799114008721908,0.0939074480762965,0.0810349948034272,0.0939074480762965,,14853,15206.5555555556,15327.5,15171,15499.5,74.2,99.9,1624.2
-4.007361,5.312194,2022-11-07,11,2022,Ivory Coast,0.0128581096323031,-0.124756335282651,-0.0291084116433646,0.124756335282651,-0.0165647152275495,-0.0503604307034314,0.00150853512933924,0.0503604307034314,0.0799114008721908,0.0939074480762965,0.0810349948034272,0.0939074480762965,,14853,15206.5555555556,15327.5,15171,15499.5,74.2,99.9,1624.2
-4.007056,5.312556,2022-11-07,11,2022,Ivory Coast,0.0128581096323031,-0.124756335282651,-0.0291084116433646,0.124756335282651,-0.0165647152275495,-0.0503604307034314,0.00150853512933924,0.0503604307034314,0.0799114008721908,0.0939074480762965,0.0810349948034272,0.0939074480762965,,14853,15206.5555555556,15327.5,15171,15499.5,74.2,99.9,1624.2
-4.006611,5.31325,2022-11-07,11,2022,Ivory Coast,0.0128581096323031,-0.124756335282651,-0.0291084116433646,0.124756335282651,-0.0165647152275495,-0.0503604307034314,0.00150853512933924,0.0503604307034314,0.0799114008721908,0.0939074480762965,0.0810349948034272,0.0939074480762965,,14853,15206.5555555556,15327.5,15171,15499.5,74.2,99.9,1624.2
-4.006833,5.313417,2022-11-07,11,2022,Ivory Coast,0.0128581096323031,-0.124756335282651,-0.0291084116433646,0.124756335282651,-0.0165647152275495,-0.0503604307034314,0.00150853512933924,0.0503604307034314,0.0799114008721908,0.0939074480762965,0.0810349948034272,0.0939074480762965,,14853,15206.5555555556,15327.5,15171,15499.5,74.2,99.9,1624.2
-4.007444,5.313667,2022-11-07,11,2022,Ivory Coast,-0.140099444281954,0.0896960711638251,0.126819126819127,-0.0896960711638251,-0.0362209017581108,0.00619516429977284,0.0230331789303355,-0.00619516429977284,0.0882640263450168,0.0766107275382407,0.0894466565248432,0.0766107275382407,,14853,15206.5555555556,15327.5,15171,15499.5,74.2,99.9,1624.2
-4.007889,5.313417,2022-11-07,11,2022,Ivory Coast,0.0128581096323031,-0.124756335282651,-0.0291084116433646,0.124756335282651,-0.0165647152275495,-0.0503604307034314,0.00150853512933924,0.0503604307034314,0.0799114008721908,0.0939074480762965,0.0810349948034272,0.0939074480762965,,14853,15206.5555555556,15327.5,15171,15499.5,74.2,99.9,1624.2
-4.007306,5.311583,2022-11-07,11,2022,Ivory Coast,0.0128581096323031,-0.124756335282651,-0.0291084116433646,0.124756335282651,-0.0165647152275495,-0.0503604307034314,0.00150853512933924,0.0503604307034314,0.0799114008721908,0.0939074480762965,0.0810349948034272,0.0939074480762965,,14853,15206.5555555556,15327.5,15171,15499.5,74.2,99.9,1624.2
-4.007694,5.312167,2022-11-07,11,2022,Ivory Coast,0.0128581096323031,-0.124756335282651,-0.0291084116433646,0.124756335282651,-0.0165647152275495,-0.0503604307034314,0.00150853512933924,0.0503604307034314,0.0799114008721908,0.0939074480762965,0.0810349948034272,0.0939074480762965,,14853,15206.5555555556,15327.5,15171,15499.5,74.2,99.9,1624.2
-4.008444,5.312139,2022-11-07,11,2022,Ivory Coast,0.0128581096323031,-0.124756335282651,-0.0291084116433646,0.124756335282651,-0.0165647152275495,-0.0503604307034314,0.00150853512933924,0.0503604307034314,0.0799114008721908,0.0939074480762965,0.0810349948034272,0.0939074480762965,,14853,15206.5555555556,15327.5,15171,15499.5,74.2,99.9,1624.2
-4.008528,5.313,2022-11-07,11,2022,Ivory Coast,0.0128581096323031,-0.124756335282651,-0.0291084116433646,0.124756335282651,-0.0165647152275495,-0.0503604307034314,0.00150853512933924,0.0503604307034314,0.0799114008721908,0.0939074480762965,0.0810349948034272,0.0939074480762965,,14853,15206.5555555556,15327.5,15171,15499.5,74.2,99.9,1624.2
-4.009306,5.313194,2022-11-07,11,2022,Ivory Coast,0.0128581096323031,-0.124756335282651,-0.0291084116433646,0.124756335282651,-0.0165647152275495,-0.0503604307034314,0.00150853512933924,0.0503604307034314,0.0799114008721908,0.0939074480762965,0.0810349948034272,0.0939074480762965,,14853,15206.5555555556,15327.5,15171,15499.5,74.2,99.9,1624.2
-4.008861,5.312056,2022-11-07,11,2022,Ivory Coast,0.0128581096323031,-0.124756335282651,-0.0291084116433646,0.124756335282651,-0.0165647152275495,-0.0503604307034314,0.00150853512933924,0.0503604307034314,0.0799114008721908,0.0939074480762965,0.0810349948034272,0.0939074480762965,,14853,15206.5555555556,15327.5,15171,15499.5,74.2,99.9,1624.2
-4.009111,5.311694,2022-11-07,11,2022,Ivory Coast,0.0128581096323031,-0.124756335282651,-0.0291084116433646,0.124756335282651,-0.0165647152275495,-0.0503604307034314,0.00150853512933924,0.0503604307034314,0.0799114008721908,0.0939074480762965,0.0810349948034272,0.0939074480762965,,14853,15206.5555555556,15327.5,15171,15499.5,74.2,99.9,1624.2
-4.0105,5.311444,2022-11-07,11,2022,Ivory Coast,0.0128581096323031,-0.124756335282651,-0.0291084116433646,0.124756335282651,-0.0165647152275495,-0.0503604307034314,0.00150853512933924,0.0503604307034314,0.0799114008721908,0.0939074480762965,0.0810349948034272,0.0939074480762965,,14853,15206.5555555556,15327.5,15171,15499.5,74.2,99.9,1624.2
-4.011472,5.311083,2022-11-07,11,2022,Ivory Coast,0.00355182434614139,-0.0439864657028607,-0.0218642117376295,0.0439864657028607,-0.015340967137264,-0.0366425820293243,0.00636842530161316,0.0366425820293243,0.0830371284390442,0.0983496227103435,0.0783344979858199,0.0983496227103435,,14826,15176.375,15306.5,15288,15424,74.2,99.9,1624.2
-4.012083,5.310861,2022-11-07,11,2022,Ivory Coast,0.00355182434614139,-0.0439864657028607,-0.0218642117376295,0.0439864657028607,-0.015340967137264,-0.0366425820293243,0.00636842530161316,0.0366425820293243,0.0830371284390442,0.0983496227103435,0.0783344979858199,0.0983496227103435,,14826,15176.375,15306.5,15288,15424,74.2,99.9,1624.2
-4.013222,5.311,2022-11-07,11,2022,Ivory Coast,0.00355182434614139,-0.0439864657028607,-0.0218642117376295,0.0439864657028607,-0.015340967137264,-0.0366425820293243,0.00636842530161316,0.0366425820293243,0.0830371284390442,0.0983496227103435,0.0783344979858199,0.0983496227103435,,14826,15176.375,15306.5,15288,15424,74.2,99.9,1624.2
-4.015056,5.3105,2022-11-07,11,2022,Ivory Coast,0.00355182434614139,-0.0439864657028607,-0.0218642117376295,0.0439864657028607,-0.015340967137264,-0.0366425820293243,0.00636842530161316,0.0366425820293243,0.0830371284390442,0.0983496227103435,0.0783344979858199,0.0983496227103435,,14826,15176.375,15306.5,15288,15424,74.2,99.9,1624.2
-4.014694,5.310222,2022-11-07,11,2022,Ivory Coast,0.00355182434614139,-0.0439864657028607,-0.0218642117376295,0.0439864657028607,-0.015340967137264,-0.0366425820293243,0.00636842530161316,0.0366425820293243,0.0830371284390442,0.0983496227103435,0.0783344979858199,0.0983496227103435,,14826,15176.375,15306.5,15288,15424,74.2,99.9,1624.2
-4.013972,5.310222,2022-11-07,11,2022,Ivory Coast,0.00355182434614139,-0.0439864657028607,-0.0218642117376295,0.0439864657028607,-0.015340967137264,-0.0366425820293243,0.00636842530161316,0.0366425820293243,0.0830371284390442,0.0983496227103435,0.0783344979858199,0.0983496227103435,,14826,15176.375,15306.5,15288,15424,74.2,99.9,1624.2
-4.012694,5.310611,2022-11-07,11,2022,Ivory Coast,0.00355182434614139,-0.0439864657028607,-0.0218642117376295,0.0439864657028607,-0.015340967137264,-0.0366425820293243,0.00636842530161316,0.0366425820293243,0.0830371284390442,0.0983496227103435,0.0783344979858199,0.0983496227103435,,14826,15176.375,15306.5,15288,15424,74.2,99.9,1624.2
-4.012306,5.31075,2022-11-07,11,2022,Ivory Coast,0.00355182434614139,-0.0439864657028607,-0.0218642117376295,0.0439864657028607,-0.015340967137264,-0.0366425820293243,0.00636842530161316,0.0366425820293243,0.0830371284390442,0.0983496227103435,0.0783344979858199,0.0983496227103435,,14826,15176.375,15306.5,15288,15424,74.2,99.9,1624.2
-4.012056,5.310833,2022-11-07,11,2022,Ivory Coast,0.00355182434614139,-0.0439864657028607,-0.0218642117376295,0.0439864657028607,-0.015340967137264,-0.0366425820293243,0.00636842530161316,0.0366425820293243,0.0830371284390442,0.0983496227103435,0.0783344979858199,0.0983496227103435,,14826,15176.375,15306.5,15288,15424,74.2,99.9,1624.2
-4.014444,5.309806,2022-11-07,11,2022,Ivory Coast,0.00355182434614139,-0.0439864657028607,-0.0218642117376295,0.0439864657028607,-0.015340967137264,-0.0366425820293243,0.00636842530161316,0.0366425820293243,0.0830371284390442,0.0983496227103435,0.0783344979858199,0.0983496227103435,,14826,15176.375,15306.5,15288,15424,74.2,99.9,1624.2
-4.01425,5.310222,2022-11-07,11,2022,Ivory Coast,0.00355182434614139,-0.0439864657028607,-0.0218642117376295,0.0439864657028607,-0.015340967137264,-0.0366425820293243,0.00636842530161316,0.0366425820293243,0.0830371284390442,0.0983496227103435,0.0783344979858199,0.0983496227103435,,14826,15176.375,15306.5,15288,15424,74.2,99.9,1624.2
