x,y,2001_01_01_LC_Prop1,2001_01_01_LC_Prop1_Assessment,2001_01_01_LC_Prop2,2001_01_01_LC_Prop2_Assessment,2001_01_01_LC_Prop3,2001_01_01_LC_Prop3_Assessment,2001_01_01_LC_Type1,2001_01_01_LC_Type2,2001_01_01_LC_Type3,2001_01_01_LC_Type4,2001_01_01_LC_Type5,2001_01_01_LW,2001_01_01_QC,2002_01_01_LC_Prop1,2002_01_01_LC_Prop1_Assessment,2002_01_01_LC_Prop2,2002_01_01_LC_Prop2_Assessment,2002_01_01_LC_Prop3,2002_01_01_LC_Prop3_Assessment,2002_01_01_LC_Type1,2002_01_01_LC_Type2,2002_01_01_LC_Type3,2002_01_01_LC_Type4,2002_01_01_LC_Type5,2002_01_01_LW,2002_01_01_QC,2003_01_01_LC_Prop1,2003_01_01_LC_Prop1_Assessment,2003_01_01_LC_Prop2,2003_01_01_LC_Prop2_Assessment,2003_01_01_LC_Prop3,2003_01_01_LC_Prop3_Assessment,2003_01_01_LC_Type1,2003_01_01_LC_Type2,2003_01_01_LC_Type3,2003_01_01_LC_Type4,2003_01_01_LC_Type5,2003_01_01_LW,2003_01_01_QC,2004_01_01_LC_Prop1,2004_01_01_LC_Prop1_Assessment,2004_01_01_LC_Prop2,2004_01_01_LC_Prop2_Assessment,2004_01_01_LC_Prop3,2004_01_01_LC_Prop3_Assessment,2004_01_01_LC_Type1,2004_01_01_LC_Type2,2004_01_01_LC_Type3,2004_01_01_LC_Type4,2004_01_01_LC_Type5,2004_01_01_LW,2004_01_01_QC,2005_01_01_LC_Prop1,2005_01_01_LC_Prop1_Assessment,2005_01_01_LC_Prop2,2005_01_01_LC_Prop2_Assessment,2005_01_01_LC_Prop3,2005_01_01_LC_Prop3_Assessment,2005_01_01_LC_Type1,2005_01_01_LC_Type2,2005_01_01_LC_Type3,2005_01_01_LC_Type4,2005_01_01_LC_Type5,2005_01_01_LW,2005_01_01_QC,2006_01_01_LC_Prop1,2006_01_01_LC_Prop1_Assessment,2006_01_01_LC_Prop2,2006_01_01_LC_Prop2_Assessment,2006_01_01_LC_Prop3,2006_01_01_LC_Prop3_Assessment,2006_01_01_LC_Type1,2006_01_01_LC_Type2,2006_01_01_LC_Type3,2006_01_01_LC_Type4,2006_01_01_LC_Type5,2006_01_01_LW,2006_01_01_QC,2007_01_01_LC_Prop1,2007_01_01_LC_Prop1_Assessment,2007_01_01_LC_Prop2,2007_01_01_LC_Prop2_Assessment,2007_01_01_LC_Prop3,2007_01_01_LC_Prop3_Assessment,2007_01_01_LC_Type1,2007_01_01_LC_Type2,2007_01_01_LC_Type3,2007_01_01_LC_Type4,2007_01_01_LC_Type5,2007_01_01_LW,2007_01_01_QC,2008_01_01_LC_Prop1,2008_01_01_LC_Prop1_Assessment,2008_01_01_LC_Prop2,2008_01_01_LC_Prop2_Assessment,2008_01_01_LC_Prop3,2008_01_01_LC_Prop3_Assessment,2008_01_01_LC_Type1,2008_01_01_LC_Type2,2008_01_01_LC_Type3,2008_01_01_LC_Type4,2008_01_01_LC_Type5,2008_01_01_LW,2008_01_01_QC,2009_01_01_LC_Prop1,2009_01_01_LC_Prop1_Assessment,2009_01_01_LC_Prop2,2009_01_01_LC_Prop2_Assessment,2009_01_01_LC_Prop3,2009_01_01_LC_Prop3_Assessment,2009_01_01_LC_Type1,2009_01_01_LC_Type2,2009_01_01_LC_Type3,2009_01_01_LC_Type4,2009_01_01_LC_Type5,2009_01_01_LW,2009_01_01_QC,2010_01_01_LC_Prop1,2010_01_01_LC_Prop1_Assessment,2010_01_01_LC_Prop2,2010_01_01_LC_Prop2_Assessment,2010_01_01_LC_Prop3,2010_01_01_LC_Prop3_Assessment,2010_01_01_LC_Type1,2010_01_01_LC_Type2,2010_01_01_LC_Type3,2010_01_01_LC_Type4,2010_01_01_LC_Type5,2010_01_01_LW,2010_01_01_QC,2011_01_01_LC_Prop1,2011_01_01_LC_Prop1_Assessment,2011_01_01_LC_Prop2,2011_01_01_LC_Prop2_Assessment,2011_01_01_LC_Prop3,2011_01_01_LC_Prop3_Assessment,2011_01_01_LC_Type1,2011_01_01_LC_Type2,2011_01_01_LC_Type3,2011_01_01_LC_Type4,2011_01_01_LC_Type5,2011_01_01_LW,2011_01_01_QC,2012_01_01_LC_Prop1,2012_01_01_LC_Prop1_Assessment,2012_01_01_LC_Prop2,2012_01_01_LC_Prop2_Assessment,2012_01_01_LC_Prop3,2012_01_01_LC_Prop3_Assessment,2012_01_01_LC_Type1,2012_01_01_LC_Type2,2012_01_01_LC_Type3,2012_01_01_LC_Type4,2012_01_01_LC_Type5,2012_01_01_LW,2012_01_01_QC,2013_01_01_LC_Prop1,2013_01_01_LC_Prop1_Assessment,2013_01_01_LC_Prop2,2013_01_01_LC_Prop2_Assessment,2013_01_01_LC_Prop3,2013_01_01_LC_Prop3_Assessment,2013_01_01_LC_Type1,2013_01_01_LC_Type2,2013_01_01_LC_Type3,2013_01_01_LC_Type4,2013_01_01_LC_Type5,2013_01_01_LW,2013_01_01_QC,2014_01_01_LC_Prop1,2014_01_01_LC_Prop1_Assessment,2014_01_01_LC_Prop2,2014_01_01_LC_Prop2_Assessment,2014_01_01_LC_Prop3,2014_01_01_LC_Prop3_Assessment,2014_01_01_LC_Type1,2014_01_01_LC_Type2,2014_01_01_LC_Type3,2014_01_01_LC_Type4,2014_01_01_LC_Type5,2014_01_01_LW,2014_01_01_QC,2015_01_01_LC_Prop1,2015_01_01_LC_Prop1_Assessment,2015_01_01_LC_Prop2,2015_01_01_LC_Prop2_Assessment,2015_01_01_LC_Prop3,2015_01_01_LC_Prop3_Assessment,2015_01_01_LC_Type1,2015_01_01_LC_Type2,2015_01_01_LC_Type3,2015_01_01_LC_Type4,2015_01_01_LC_Type5,2015_01_01_LW,2015_01_01_QC,2016_01_01_LC_Prop1,2016_01_01_LC_Prop1_Assessment,2016_01_01_LC_Prop2,2016_01_01_LC_Prop2_Assessment,2016_01_01_LC_Prop3,2016_01_01_LC_Prop3_Assessment,2016_01_01_LC_Type1,2016_01_01_LC_Type2,2016_01_01_LC_Type3,2016_01_01_LC_Type4,2016_01_01_LC_Type5,2016_01_01_LW,2016_01_01_QC,2017_01_01_LC_Prop1,2017_01_01_LC_Prop1_Assessment,2017_01_01_LC_Prop2,2017_01_01_LC_Prop2_Assessment,2017_01_01_LC_Prop3,2017_01_01_LC_Prop3_Assessment,2017_01_01_LC_Type1,2017_01_01_LC_Type2,2017_01_01_LC_Type3,2017_01_01_LC_Type4,2017_01_01_LC_Type5,2017_01_01_LW,2017_01_01_QC,2018_01_01_LC_Prop1,2018_01_01_LC_Prop1_Assessment,2018_01_01_LC_Prop2,2018_01_01_LC_Prop2_Assessment,2018_01_01_LC_Prop3,2018_01_01_LC_Prop3_Assessment,2018_01_01_LC_Type1,2018_01_01_LC_Type2,2018_01_01_LC_Type3,2018_01_01_LC_Type4,2018_01_01_LC_Type5,2018_01_01_LW,2018_01_01_QC,2019_01_01_LC_Prop1,2019_01_01_LC_Prop1_Assessment,2019_01_01_LC_Prop2,2019_01_01_LC_Prop2_Assessment,2019_01_01_LC_Prop3,2019_01_01_LC_Prop3_Assessment,2019_01_01_LC_Type1,2019_01_01_LC_Type2,2019_01_01_LC_Type3,2019_01_01_LC_Type4,2019_01_01_LC_Type5,2019_01_01_LW,2019_01_01_QC,2020_01_01_LC_Prop1,2020_01_01_LC_Prop1_Assessment,2020_01_01_LC_Prop2,2020_01_01_LC_Prop2_Assessment,2020_01_01_LC_Prop3,2020_01_01_LC_Prop3_Assessment,2020_01_01_LC_Type1,2020_01_01_LC_Type2,2020_01_01_LC_Type3,2020_01_01_LC_Type4,2020_01_01_LC_Type5,2020_01_01_LW,2020_01_01_QC,2021_01_01_LC_Prop1,2021_01_01_LC_Prop1_Assessment,2021_01_01_LC_Prop2,2021_01_01_LC_Prop2_Assessment,2021_01_01_LC_Prop3,2021_01_01_LC_Prop3_Assessment,2021_01_01_LC_Type1,2021_01_01_LC_Type2,2021_01_01_LC_Type3,2021_01_01_LC_Type4,2021_01_01_LC_Type5,2021_01_01_LW,2021_01_01_QC
7.717,48.536999,22,80,9,99,20,80,13,13,10,8,9,2,0,22,91,9,99,20,91,13,13,10,8,9,2,0,22,91,9,99,20,91,13,13,10,8,9,2,0,22,92,9,99,20,92,13,13,10,8,9,2,0,22,93,9,99,20,93,13,13,10,8,9,2,0,22,97,9,99,20,97,13,13,10,8,9,2,0,22,96,9,99,20,96,13,13,10,8,9,2,0,22,94,9,99,20,94,13,13,10,8,9,2,0,22,91,9,99,20,91,13,13,10,8,9,2,0,22,92,9,99,20,92,13,13,10,8,9,2,0,22,94,9,99,20,94,13,13,10,8,9,2,0,22,91,9,99,20,91,13,13,10,8,9,2,0,22,94,9,99,20,94,13,13,10,8,9,2,0,22,94,9,99,20,94,13,13,10,8,9,2,0,22,94,9,99,20,94,13,13,10,8,9,2,0,22,93,9,99,20,93,13,13,10,8,9,2,0,22,94,9,99,20,94,13,13,10,8,9,2,0,22,95,9,99,20,95,13,13,10,8,9,2,0,22,95,9,99,20,95,13,13,10,8,9,2,0,22,96,9,99,20,96,13,13,10,8,9,2,0,22,96,9,99,20,96,13,13,10,8,9,2,0
7.743,48.604599,22,69,9,97,20,69,13,13,10,8,9,2,0,22,72,9,99,20,72,13,13,10,8,9,2,0,32,83,9,98,30,83,13,13,10,8,9,2,0,32,88,9,99,30,88,13,13,10,8,9,2,0,32,88,9,99,30,88,13,13,10,8,9,2,0,32,90,9,99,30,90,13,13,10,8,9,2,0,32,90,9,99,30,90,13,13,10,8,9,2,0,32,89,9,99,30,89,13,13,10,8,9,2,0,32,85,9,99,30,85,13,13,10,8,9,2,0,32,84,9,99,30,84,13,13,10,8,9,2,0,32,87,9,99,30,87,13,13,10,8,9,2,0,32,86,9,99,30,86,13,13,10,8,9,2,0,32,85,9,99,30,85,13,13,10,8,9,2,0,32,85,9,99,30,85,13,13,10,8,9,2,0,32,85,9,99,30,85,13,13,10,8,9,2,0,32,80,9,99,30,80,13,13,10,8,9,2,0,32,86,9,99,30,86,13,13,10,8,9,2,0,32,91,9,99,30,91,13,13,10,8,9,2,0,32,93,9,99,30,93,13,13,10,8,9,2,0,32,93,9,99,30,93,13,13,10,8,9,2,0,32,88,9,99,30,88,13,13,10,8,9,2,0
7.756,48.607101,31,73,9,90,30,73,13,13,10,8,9,2,0,31,85,9,98,30,85,13,13,10,8,9,2,0,31,86,9,98,30,86,13,13,10,8,9,2,0,31,88,9,98,30,88,13,13,10,8,9,2,0,31,89,9,99,30,89,13,13,10,8,9,2,0,31,90,9,99,30,90,13,13,10,8,9,2,0,31,89,9,99,30,89,13,13,10,8,9,2,0,31,91,9,99,30,91,13,13,10,8,9,2,0,31,92,9,99,30,92,13,13,10,8,9,2,0,31,91,9,99,30,91,13,13,10,8,9,2,0,31,86,9,99,30,86,13,13,10,8,9,2,0,31,85,9,99,30,85,13,13,10,8,9,2,0,31,84,9,99,30,84,13,13,10,8,9,2,0,31,87,9,99,30,87,13,13,10,8,9,2,0,31,94,9,98,30,94,13,13,10,8,9,2,0,31,96,9,99,30,96,13,13,10,8,9,2,0,31,95,9,99,30,95,13,13,10,8,9,2,0,31,96,9,99,30,96,13,13,10,8,9,2,0,31,91,9,99,30,91,13,13,10,8,9,2,0,31,81,9,99,30,81,13,13,10,8,9,2,0,22,68,9,99,20,68,13,13,10,8,9,2,0
7.4891,48.462398,22,70,9,83,20,70,13,13,10,8,9,2,0,22,80,9,87,20,80,13,13,10,8,9,2,0,22,83,9,85,20,83,13,13,10,8,9,2,0,22,88,9,76,20,88,13,13,10,8,9,2,0,22,84,9,68,20,84,13,13,10,8,9,2,0,22,76,9,62,20,76,13,13,10,8,9,2,0,22,77,9,,20,77,13,13,10,8,9,2,9,22,80,9,61,20,80,13,13,10,8,9,2,0,22,83,9,,20,83,13,13,10,8,9,2,9,22,89,9,62,20,89,13,13,10,8,9,2,0,22,91,9,69,20,91,13,13,10,8,9,2,0,22,87,9,62,20,87,13,13,10,8,9,2,0,22,85,9,,20,85,13,13,10,8,9,2,9,22,84,9,,20,84,13,13,10,8,9,2,9,22,84,9,,20,84,13,13,10,8,9,2,9,22,88,9,,20,88,13,13,10,8,9,2,9,22,88,9,,20,88,13,13,10,8,9,2,9,22,90,9,,20,90,13,13,10,8,9,2,9,22,90,9,,20,90,13,13,10,8,9,2,9,22,93,9,,20,93,13,13,10,8,9,2,9,22,93,9,,20,93,13,13,10,8,9,2,9
7.5013,48.473099,22,89,9,98,20,89,13,13,10,8,9,2,0,22,97,9,99,20,97,13,13,10,8,9,2,0,22,94,9,99,20,94,13,13,10,8,9,2,0,22,94,9,99,20,94,13,13,10,8,9,2,0,22,93,9,99,20,93,13,13,10,8,9,2,0,22,93,9,99,20,93,13,13,10,8,9,2,0,22,97,9,99,20,97,13,13,10,8,9,2,0,22,97,9,99,20,97,13,13,10,8,9,2,0,22,94,9,99,20,94,13,13,10,8,9,2,0,22,96,9,99,20,96,13,13,10,8,9,2,0,22,96,9,99,20,96,13,13,10,8,9,2,0,22,97,9,99,20,97,13,13,10,8,9,2,0,22,97,9,99,20,97,13,13,10,8,9,2,0,22,97,9,99,20,97,13,13,10,8,9,2,0,22,96,9,99,20,96,13,13,10,8,9,2,0,22,96,9,99,20,96,13,13,10,8,9,2,0,22,94,9,99,20,94,13,13,10,8,9,2,0,22,89,9,98,20,89,13,13,10,8,9,2,0,22,92,9,99,20,92,13,13,10,8,9,2,0,22,95,9,99,20,95,13,13,10,8,9,2,0,22,98,9,99,20,98,13,13,10,8,9,2,0
7.6806,48.5513,22,79,9,85,20,79,13,13,10,8,9,2,0,22,89,9,92,20,89,13,13,10,8,9,2,0,22,89,9,96,20,89,13,13,10,8,9,2,0,22,90,9,93,20,90,13,13,10,8,9,2,0,22,94,9,96,20,94,13,13,10,8,9,2,0,22,96,9,97,20,96,13,13,10,8,9,2,0,22,97,9,98,20,97,13,13,10,8,9,2,0,22,94,9,99,20,94,13,13,10,8,9,2,0,22,92,9,98,20,92,13,13,10,8,9,2,0,22,92,9,96,20,92,13,13,10,8,9,2,0,22,92,9,98,20,92,13,13,10,8,9,2,0,22,90,9,98,20,90,13,13,10,8,9,2,0,22,93,9,98,20,93,13,13,10,8,9,2,0,22,94,9,99,20,94,13,13,10,8,9,2,0,22,94,9,98,20,94,13,13,10,8,9,2,0,22,95,9,97,20,95,13,13,10,8,9,2,0,22,90,9,95,20,90,13,13,10,8,9,2,0,22,89,9,93,20,89,13,13,10,8,9,2,0,22,92,9,94,20,92,13,13,10,8,9,2,0,22,94,9,92,20,94,13,13,10,8,9,2,0,22,94,9,92,20,94,13,13,10,8,9,2,0
7.6826,48.5555,22,75,9,89,20,75,13,13,10,8,9,2,0,22,88,9,96,20,88,13,13,10,8,9,2,0,22,91,9,98,20,91,13,13,10,8,9,2,0,22,91,9,98,20,91,13,13,10,8,9,2,0,22,94,9,98,20,94,13,13,10,8,9,2,0,22,95,9,99,20,95,13,13,10,8,9,2,0,22,96,9,99,20,96,13,13,10,8,9,2,0,22,95,9,99,20,95,13,13,10,8,9,2,0,22,92,9,98,20,92,13,13,10,8,9,2,0,22,91,9,99,20,91,13,13,10,8,9,2,0,22,92,9,99,20,92,13,13,10,8,9,2,0,22,89,9,98,20,89,13,13,10,8,9,2,0,22,87,9,99,20,87,13,13,10,8,9,2,0,22,91,9,99,20,91,13,13,10,8,9,2,0,22,92,9,98,20,92,13,13,10,8,9,2,0,22,92,9,98,20,92,13,13,10,8,9,2,0,22,93,9,98,20,93,13,13,10,8,9,2,0,22,93,9,99,20,93,13,13,10,8,9,2,0,22,92,9,98,20,92,13,13,10,8,9,2,0,22,93,9,98,20,93,13,13,10,8,9,2,0,22,93,9,98,20,93,13,13,10,8,9,2,0
7.6902,48.723702,21,67,25,58,20,67,14,8,4,4,4,2,0,21,75,25,63,20,75,14,8,4,4,4,2,0,21,76,25,63,20,76,14,8,4,4,4,2,0,21,77,20,77,20,77,8,8,4,4,4,2,0,21,82,20,82,20,82,8,8,4,4,4,2,0,21,82,20,82,20,82,8,8,4,4,4,2,0,21,81,20,81,20,81,8,8,4,4,4,2,0,21,79,20,79,20,79,8,8,4,4,4,2,0,21,79,20,79,20,79,8,8,4,4,4,2,0,21,79,20,79,20,79,8,8,4,4,4,2,0,21,74,20,74,20,74,8,8,4,4,4,2,0,14,83,10,77,10,77,4,4,6,4,4,2,0,14,90,10,89,10,89,4,4,6,4,4,2,0,14,88,10,89,10,89,4,4,6,4,4,2,0,14,83,10,81,10,81,4,4,6,4,4,2,0,14,82,10,84,10,84,4,4,6,4,4,2,0,14,79,10,78,10,78,4,4,6,4,4,2,0,21,72,20,72,20,72,8,8,4,4,4,2,0,21,75,20,75,20,75,8,8,4,4,4,2,0,21,85,25,69,20,85,14,8,4,4,4,2,0,21,82,20,82,20,82,8,8,4,4,4,2,0
7.6902,48.723701,21,67,25,58,20,67,14,8,4,4,4,2,0,21,75,25,63,20,75,14,8,4,4,4,2,0,21,76,25,63,20,76,14,8,4,4,4,2,0,21,77,20,77,20,77,8,8,4,4,4,2,0,21,82,20,82,20,82,8,8,4,4,4,2,0,21,82,20,82,20,82,8,8,4,4,4,2,0,21,81,20,81,20,81,8,8,4,4,4,2,0,21,79,20,79,20,79,8,8,4,4,4,2,0,21,79,20,79,20,79,8,8,4,4,4,2,0,21,79,20,79,20,79,8,8,4,4,4,2,0,21,74,20,74,20,74,8,8,4,4,4,2,0,14,83,10,77,10,77,4,4,6,4,4,2,0,14,90,10,89,10,89,4,4,6,4,4,2,0,14,88,10,89,10,89,4,4,6,4,4,2,0,14,83,10,81,10,81,4,4,6,4,4,2,0,14,82,10,84,10,84,4,4,6,4,4,2,0,14,79,10,78,10,78,4,4,6,4,4,2,0,21,72,20,72,20,72,8,8,4,4,4,2,0,21,75,20,75,20,75,8,8,4,4,4,2,0,21,85,25,69,20,85,14,8,4,4,4,2,0,21,82,20,82,20,82,8,8,4,4,4,2,0
7.6951,48.7211,22,72,25,66,20,72,14,9,4,1,1,2,0,22,75,25,73,20,75,14,9,4,4,4,2,0,22,75,25,77,20,75,14,9,4,4,4,2,0,22,78,25,80,20,78,14,9,4,4,4,2,0,22,81,25,84,20,81,14,9,4,4,4,2,0,22,88,25,89,20,88,14,9,4,4,4,2,0,22,92,25,89,20,92,14,9,4,4,4,2,0,22,91,25,89,20,91,14,9,4,4,4,2,0,22,91,25,87,20,91,14,9,4,4,4,2,0,22,85,25,88,20,85,14,9,4,4,4,2,0,22,88,25,90,20,88,14,9,4,4,4,2,0,22,83,25,83,20,83,14,9,4,4,4,2,0,22,82,25,84,20,82,14,9,4,4,4,2,0,22,83,25,85,20,83,14,9,4,4,4,2,0,22,86,25,86,20,86,14,9,4,4,4,2,0,22,84,25,83,20,84,14,9,4,4,4,2,0,22,79,25,78,20,79,14,9,4,4,4,2,0,22,78,25,80,20,78,14,9,4,4,4,2,0,22,80,25,84,20,80,14,9,4,4,4,2,0,22,87,25,88,20,87,14,9,4,4,4,2,0,22,86,25,89,20,86,14,9,4,4,4,2,0
7.7047,48.592701,22,85,9,99,20,85,13,13,10,8,9,2,0,22,95,9,99,20,95,13,13,10,8,9,2,0,22,97,9,99,20,97,13,13,10,8,9,2,0,22,97,9,99,20,97,13,13,10,8,9,2,0,22,97,9,99,20,97,13,13,10,8,9,2,0,22,96,9,99,20,96,13,13,10,8,9,2,0,22,97,9,99,20,97,13,13,10,8,9,2,0,22,96,9,99,20,96,13,13,10,8,9,2,0,22,94,9,99,20,94,13,13,10,8,9,2,0,22,95,9,99,20,95,13,13,10,8,9,2,0,22,95,9,99,20,95,13,13,10,8,9,2,0,22,93,9,99,20,93,13,13,10,8,9,2,0,22,91,9,99,20,91,13,13,10,8,9,2,0,22,86,9,99,20,86,13,13,10,8,9,2,0,22,79,9,99,20,79,13,13,10,8,9,2,0,32,84,9,99,30,84,13,13,10,8,9,2,0,32,87,9,99,30,87,13,13,10,8,9,2,0,32,88,9,99,30,88,13,13,10,8,9,2,0,32,88,9,99,30,88,13,13,10,8,9,2,0,22,74,9,99,20,74,13,13,10,8,9,2,0,22,90,9,99,20,90,13,13,10,8,9,2,0
7.7109,48.592998,22,83,9,99,20,83,13,13,10,8,9,2,0,22,94,9,99,20,94,13,13,10,8,9,2,0,22,93,9,99,20,93,13,13,10,8,9,2,0,22,93,9,99,20,93,13,13,10,8,9,2,0,22,95,9,99,20,95,13,13,10,8,9,2,0,22,96,9,99,20,96,13,13,10,8,9,2,0,22,96,9,99,20,96,13,13,10,8,9,2,0,22,95,9,99,20,95,13,13,10,8,9,2,0,22,96,9,99,20,96,13,13,10,8,9,2,0,22,95,9,99,20,95,13,13,10,8,9,2,0,22,95,9,99,20,95,13,13,10,8,9,2,0,22,93,9,99,20,93,13,13,10,8,9,2,0,22,90,9,99,20,90,13,13,10,8,9,2,0,22,90,9,99,20,90,13,13,10,8,9,2,0,22,88,9,99,20,88,13,13,10,8,9,2,0,22,86,9,99,20,86,13,13,10,8,9,2,0,22,85,9,99,20,85,13,13,10,8,9,2,0,22,82,9,99,20,82,13,13,10,8,9,2,0,22,87,9,99,20,87,13,13,10,8,9,2,0,22,93,9,99,20,93,13,13,10,8,9,2,0,22,96,9,99,20,96,13,13,10,8,9,2,0
7.7109,48.592999,22,83,9,99,20,83,13,13,10,8,9,2,0,22,94,9,99,20,94,13,13,10,8,9,2,0,22,93,9,99,20,93,13,13,10,8,9,2,0,22,93,9,99,20,93,13,13,10,8,9,2,0,22,95,9,99,20,95,13,13,10,8,9,2,0,22,96,9,99,20,96,13,13,10,8,9,2,0,22,96,9,99,20,96,13,13,10,8,9,2,0,22,95,9,99,20,95,13,13,10,8,9,2,0,22,96,9,99,20,96,13,13,10,8,9,2,0,22,95,9,99,20,95,13,13,10,8,9,2,0,22,95,9,99,20,95,13,13,10,8,9,2,0,22,93,9,99,20,93,13,13,10,8,9,2,0,22,90,9,99,20,90,13,13,10,8,9,2,0,22,90,9,99,20,90,13,13,10,8,9,2,0,22,88,9,99,20,88,13,13,10,8,9,2,0,22,86,9,99,20,86,13,13,10,8,9,2,0,22,85,9,99,20,85,13,13,10,8,9,2,0,22,82,9,99,20,82,13,13,10,8,9,2,0,22,87,9,99,20,87,13,13,10,8,9,2,0,22,93,9,99,20,93,13,13,10,8,9,2,0,22,96,9,99,20,96,13,13,10,8,9,2,0
7.7303,48.6105,22,77,9,99,20,77,13,13,10,8,9,2,0,22,87,9,99,20,87,13,13,10,8,9,2,0,22,79,9,99,20,79,13,13,10,8,9,2,0,22,80,9,99,20,80,13,13,10,8,9,2,0,22,87,9,99,20,87,13,13,10,8,9,2,0,22,95,9,99,20,95,13,13,10,8,9,2,0,22,96,9,99,20,96,13,13,10,8,9,2,0,22,93,9,99,20,93,13,13,10,8,9,2,0,22,89,9,99,20,89,13,13,10,8,9,2,0,22,92,9,99,20,92,13,13,10,8,9,2,0,22,92,9,99,20,92,13,13,10,8,9,2,0,22,89,9,99,20,89,13,13,10,8,9,2,0,22,89,9,99,20,89,13,13,10,8,9,2,0,22,88,9,99,20,88,13,13,10,8,9,2,0,22,86,9,99,20,86,13,13,10,8,9,2,0,22,86,9,99,20,86,13,13,10,8,9,2,0,22,84,9,99,20,84,13,13,10,8,9,2,0,22,87,9,99,20,87,13,13,10,8,9,2,0,22,92,9,99,20,92,13,13,10,8,9,2,0,22,94,9,99,20,94,13,13,10,8,9,2,0,22,93,9,99,20,93,13,13,10,8,9,2,0
7.7307,48.599098,22,84,9,99,20,84,13,13,10,8,9,2,0,22,96,9,99,20,96,13,13,10,8,9,2,0,22,97,9,99,20,97,13,13,10,8,9,2,0,22,96,9,99,20,96,13,13,10,8,9,2,0,22,95,9,99,20,95,13,13,10,8,9,2,0,22,97,9,99,20,97,13,13,10,8,9,2,0,22,97,9,99,20,97,13,13,10,8,9,2,0,22,95,9,99,20,95,13,13,10,8,9,2,0,22,96,9,99,20,96,13,13,10,8,9,2,0,22,95,9,99,20,95,13,13,10,8,9,2,0,22,96,9,99,20,96,13,13,10,8,9,2,0,22,90,9,99,20,90,13,13,10,8,9,2,0,22,93,9,99,20,93,13,13,10,8,9,2,0,22,96,9,99,20,96,13,13,10,8,9,2,0,22,92,9,99,20,92,13,13,10,8,9,2,0,22,94,9,99,20,94,13,13,10,8,9,2,0,22,97,9,99,20,97,13,13,10,8,9,2,0,22,96,9,99,20,96,13,13,10,8,9,2,0,22,97,9,99,20,97,13,13,10,8,9,2,0,22,97,9,99,20,97,13,13,10,8,9,2,0,22,96,9,99,20,96,13,13,10,8,9,2,0
7.7308,48.6049,22,81,9,98,20,81,13,13,10,8,9,2,0,22,93,9,99,20,93,13,13,10,8,9,2,0,22,94,9,99,20,94,13,13,10,8,9,2,0,22,92,9,99,20,92,13,13,10,8,9,2,0,22,93,9,99,20,93,13,13,10,8,9,2,0,22,95,9,99,20,95,13,13,10,8,9,2,0,22,96,9,99,20,96,13,13,10,8,9,2,0,22,93,9,99,20,93,13,13,10,8,9,2,0,22,93,9,99,20,93,13,13,10,8,9,2,0,22,93,9,99,20,93,13,13,10,8,9,2,0,22,93,9,99,20,93,13,13,10,8,9,2,0,22,87,9,99,20,87,13,13,10,8,9,2,0,22,87,9,99,20,87,13,13,10,8,9,2,0,22,90,9,99,20,90,13,13,10,8,9,2,0,22,91,9,99,20,91,13,13,10,8,9,2,0,22,92,9,99,20,92,13,13,10,8,9,2,0,22,92,9,99,20,92,13,13,10,8,9,2,0,22,91,9,99,20,91,13,13,10,8,9,2,0,22,92,9,99,20,92,13,13,10,8,9,2,0,22,95,9,99,20,95,13,13,10,8,9,2,0,22,96,9,99,20,96,13,13,10,8,9,2,0
7.7359,48.633499,22,70,9,72,20,70,13,13,10,8,9,2,0,22,79,9,68,20,79,13,13,10,8,9,2,0,22,79,9,64,20,79,13,13,10,8,9,2,0,22,85,9,65,20,85,13,13,10,8,9,2,0,22,88,9,63,20,88,13,13,10,8,9,2,0,22,89,9,63,20,89,13,13,10,8,9,2,0,22,88,9,68,20,88,13,13,10,8,9,2,0,22,87,9,72,20,87,13,13,10,8,9,2,0,22,81,9,63,20,81,13,13,10,8,9,2,0,22,76,9,68,20,76,13,13,10,8,9,2,0,22,76,9,72,20,76,13,13,10,8,9,2,0,22,73,9,76,20,73,13,13,10,8,9,2,0,22,72,9,72,20,72,13,13,10,8,9,2,0,31,81,9,67,30,81,13,13,10,8,9,2,0,22,80,9,64,20,80,13,13,10,8,9,2,0,22,81,9,65,20,81,13,13,10,8,9,2,0,22,85,9,70,20,85,13,13,10,8,9,2,0,22,84,9,73,20,84,13,13,10,8,9,2,0,22,84,9,78,20,84,13,13,10,8,9,2,0,22,88,9,74,20,88,13,13,10,8,9,2,0,22,80,9,62,20,80,13,13,10,8,9,2,0
7.7383,48.595902,22,85,9,99,20,85,13,13,10,8,9,2,0,22,89,9,99,20,89,13,13,10,8,9,2,0,22,82,9,99,20,82,13,13,10,8,9,2,0,22,82,9,99,20,82,13,13,10,8,9,2,0,22,80,9,99,20,80,13,13,10,8,9,2,0,22,81,9,99,20,81,13,13,10,8,9,2,0,22,88,9,99,20,88,13,13,10,8,9,2,0,22,87,9,99,20,87,13,13,10,8,9,2,0,22,91,9,99,20,91,13,13,10,8,9,2,0,22,92,9,99,20,92,13,13,10,8,9,2,0,22,95,9,99,20,95,13,13,10,8,9,2,0,22,90,9,99,20,90,13,13,10,8,9,2,0,22,89,9,99,20,89,13,13,10,8,9,2,0,22,85,9,99,20,85,13,13,10,8,9,2,0,22,80,9,99,20,80,13,13,10,8,9,2,0,22,77,9,99,20,77,13,13,10,8,9,2,0,22,75,9,99,20,75,13,13,10,8,9,2,0,22,78,9,99,20,78,13,13,10,8,9,2,0,22,86,9,99,20,86,13,13,10,8,9,2,0,22,93,9,99,20,93,13,13,10,8,9,2,0,22,97,9,99,20,97,13,13,10,8,9,2,0
7.7383,48.595901,22,85,9,99,20,85,13,13,10,8,9,2,0,22,89,9,99,20,89,13,13,10,8,9,2,0,22,82,9,99,20,82,13,13,10,8,9,2,0,22,82,9,99,20,82,13,13,10,8,9,2,0,22,80,9,99,20,80,13,13,10,8,9,2,0,22,81,9,99,20,81,13,13,10,8,9,2,0,22,88,9,99,20,88,13,13,10,8,9,2,0,22,87,9,99,20,87,13,13,10,8,9,2,0,22,91,9,99,20,91,13,13,10,8,9,2,0,22,92,9,99,20,92,13,13,10,8,9,2,0,22,95,9,99,20,95,13,13,10,8,9,2,0,22,90,9,99,20,90,13,13,10,8,9,2,0,22,89,9,99,20,89,13,13,10,8,9,2,0,22,85,9,99,20,85,13,13,10,8,9,2,0,22,80,9,99,20,80,13,13,10,8,9,2,0,22,77,9,99,20,77,13,13,10,8,9,2,0,22,75,9,99,20,75,13,13,10,8,9,2,0,22,78,9,99,20,78,13,13,10,8,9,2,0,22,86,9,99,20,86,13,13,10,8,9,2,0,22,93,9,99,20,93,13,13,10,8,9,2,0,22,97,9,99,20,97,13,13,10,8,9,2,0
7.7391,48.631599,22,70,9,67,20,70,13,13,10,8,9,2,0,22,73,9,,20,73,13,13,10,8,9,2,9,31,94,9,,30,94,13,13,10,8,9,2,9,31,94,9,,30,94,13,13,10,8,9,2,9,31,93,9,,30,93,13,13,10,8,9,2,9,31,95,9,,30,95,13,13,10,8,9,2,9,31,93,9,62,30,93,13,13,10,8,9,2,0,31,94,9,60,30,94,13,13,10,8,9,2,0,31,94,9,,30,94,13,13,10,8,9,2,9,31,97,9,,30,97,13,13,10,8,9,2,9,31,93,9,63,30,93,13,13,10,8,9,2,0,31,91,9,66,30,91,13,13,10,8,9,2,0,31,82,9,75,30,82,13,13,10,8,9,2,0,31,85,9,77,30,85,13,13,10,8,9,2,0,22,73,9,78,20,73,13,13,10,8,9,2,0,22,78,9,82,20,78,13,13,10,8,9,2,0,22,75,9,77,20,75,13,13,10,8,9,2,0,22,77,9,79,20,77,13,13,10,8,9,2,0,22,79,9,81,20,79,13,13,10,8,9,2,0,22,86,9,75,20,86,13,13,10,8,9,2,0,22,81,9,61,20,81,13,13,10,8,9,2,0
7.7392,48.575401,22,83,9,97,20,83,13,13,10,8,9,2,0,22,88,9,99,20,88,13,13,10,8,9,2,0,22,86,9,99,20,86,13,13,10,8,9,2,0,22,83,9,99,20,83,13,13,10,8,9,2,0,22,85,9,99,20,85,13,13,10,8,9,2,0,22,89,9,99,20,89,13,13,10,8,9,2,0,22,94,9,99,20,94,13,13,10,8,9,2,0,22,94,9,99,20,94,13,13,10,8,9,2,0,22,89,9,99,20,89,13,13,10,8,9,2,0,22,90,9,99,20,90,13,13,10,8,9,2,0,22,91,9,99,20,91,13,13,10,8,9,2,0,22,93,9,99,20,93,13,13,10,8,9,2,0,22,94,9,99,20,94,13,13,10,8,9,2,0,22,93,9,99,20,93,13,13,10,8,9,2,0,22,92,9,99,20,92,13,13,10,8,9,2,0,22,89,9,99,20,89,13,13,10,8,9,2,0,22,88,9,99,20,88,13,13,10,8,9,2,0,22,86,9,99,20,86,13,13,10,8,9,2,0,22,88,9,99,20,88,13,13,10,8,9,2,0,22,85,9,99,20,85,13,13,10,8,9,2,0,22,86,9,99,20,86,13,13,10,8,9,2,0
7.7421,48.609001,22,73,9,99,20,73,13,13,10,8,9,2,0,22,79,9,99,20,79,13,13,10,8,9,2,0,32,80,9,99,30,80,13,13,10,8,9,2,0,32,85,9,98,30,85,13,13,10,8,9,2,0,32,85,9,99,30,85,13,13,10,8,9,2,0,32,85,9,99,30,85,13,13,10,8,9,2,0,22,76,9,99,20,76,13,13,10,8,9,2,0,22,78,9,99,20,78,13,13,10,8,9,2,0,22,77,9,99,20,77,13,13,10,8,9,2,0,22,75,9,99,20,75,13,13,10,8,9,2,0,22,76,9,99,20,76,13,13,10,8,9,2,0,22,74,9,99,20,74,13,13,10,8,9,2,0,22,73,9,99,20,73,13,13,10,8,9,2,0,22,75,9,99,20,75,13,13,10,8,9,2,0,22,68,9,99,20,68,13,13,10,8,9,2,0,31,79,9,99,30,79,13,13,10,8,9,2,0,31,80,9,99,30,80,13,13,10,8,9,2,0,31,77,9,99,30,77,13,13,10,8,9,2,0,22,73,9,99,20,73,13,13,10,8,9,2,0,22,85,9,99,20,85,13,13,10,8,9,2,0,22,92,9,99,20,92,13,13,10,8,9,2,0
7.7423,48.6133,22,79,9,98,20,79,13,13,10,8,9,2,0,22,92,9,99,20,92,13,13,10,8,9,2,0,22,93,9,99,20,93,13,13,10,8,9,2,0,22,91,9,99,20,91,13,13,10,8,9,2,0,22,94,9,99,20,94,13,13,10,8,9,2,0,22,96,9,99,20,96,13,13,10,8,9,2,0,22,96,9,99,20,96,13,13,10,8,9,2,0,22,89,9,99,20,89,13,13,10,8,9,2,0,22,95,9,99,20,95,13,13,10,8,9,2,0,22,91,9,99,20,91,13,13,10,8,9,2,0,22,94,9,99,20,94,13,13,10,8,9,2,0,22,89,9,99,20,89,13,13,10,8,9,2,0,22,89,9,99,20,89,13,13,10,8,9,2,0,22,95,9,99,20,95,13,13,10,8,9,2,0,22,93,9,99,20,93,13,13,10,8,9,2,0,22,93,9,99,20,93,13,13,10,8,9,2,0,22,94,9,99,20,94,13,13,10,8,9,2,0,22,94,9,99,20,94,13,13,10,8,9,2,0,22,94,9,99,20,94,13,13,10,8,9,2,0,22,96,9,99,20,96,13,13,10,8,9,2,0,22,94,9,99,20,94,13,13,10,8,9,2,0
7.7453,48.612999,22,79,9,98,20,79,13,13,10,8,9,2,0,22,92,9,99,20,92,13,13,10,8,9,2,0,22,93,9,99,20,93,13,13,10,8,9,2,0,22,91,9,99,20,91,13,13,10,8,9,2,0,22,94,9,99,20,94,13,13,10,8,9,2,0,22,96,9,99,20,96,13,13,10,8,9,2,0,22,96,9,99,20,96,13,13,10,8,9,2,0,22,89,9,99,20,89,13,13,10,8,9,2,0,22,95,9,99,20,95,13,13,10,8,9,2,0,22,91,9,99,20,91,13,13,10,8,9,2,0,22,94,9,99,20,94,13,13,10,8,9,2,0,22,89,9,99,20,89,13,13,10,8,9,2,0,22,89,9,99,20,89,13,13,10,8,9,2,0,22,95,9,99,20,95,13,13,10,8,9,2,0,22,93,9,99,20,93,13,13,10,8,9,2,0,22,93,9,99,20,93,13,13,10,8,9,2,0,22,94,9,99,20,94,13,13,10,8,9,2,0,22,94,9,99,20,94,13,13,10,8,9,2,0,22,94,9,99,20,94,13,13,10,8,9,2,0,22,96,9,99,20,96,13,13,10,8,9,2,0,22,94,9,99,20,94,13,13,10,8,9,2,0
7.7454,48.6171,31,85,9,80,30,85,13,13,10,8,9,2,0,31,96,9,77,30,96,13,13,10,8,9,2,0,31,98,9,80,30,98,13,13,10,8,9,2,0,31,98,9,85,30,98,13,13,10,8,9,2,0,31,98,9,81,30,98,13,13,10,8,9,2,0,31,98,9,82,30,98,13,13,10,8,9,2,0,31,98,9,76,30,98,13,13,10,8,9,2,0,31,99,9,60,30,99,13,13,10,8,9,2,0,31,98,9,,30,98,13,13,10,8,9,2,9,31,98,9,61,30,98,13,13,10,8,9,2,0,31,98,9,78,30,98,13,13,10,8,9,2,0,31,99,9,79,30,99,13,13,10,8,9,2,0,31,97,9,89,30,97,13,13,10,8,9,2,0,31,94,9,95,30,94,13,13,10,8,9,2,0,31,95,9,93,30,95,13,13,10,8,9,2,0,31,98,9,86,30,98,13,13,10,8,9,2,0,31,99,9,90,30,99,13,13,10,8,9,2,0,31,96,9,95,30,96,13,13,10,8,9,2,0,31,96,9,95,30,96,13,13,10,8,9,2,0,31,94,9,94,30,94,13,13,10,8,9,2,0,31,96,9,84,30,96,13,13,10,8,9,2,0
7.7479,48.565399,22,83,9,99,20,83,13,13,10,8,9,2,0,22,92,9,99,20,92,13,13,10,8,9,2,0,22,92,9,99,20,92,13,13,10,8,9,2,0,22,89,9,99,20,89,13,13,10,8,9,2,0,22,92,9,99,20,92,13,13,10,8,9,2,0,22,94,9,99,20,94,13,13,10,8,9,2,0,22,95,9,99,20,95,13,13,10,8,9,2,0,22,91,9,99,20,91,13,13,10,8,9,2,0,22,89,9,99,20,89,13,13,10,8,9,2,0,22,87,9,99,20,87,13,13,10,8,9,2,0,22,93,9,99,20,93,13,13,10,8,9,2,0,22,90,9,99,20,90,13,13,10,8,9,2,0,22,95,9,99,20,95,13,13,10,8,9,2,0,22,97,9,99,20,97,13,13,10,8,9,2,0,22,96,9,99,20,96,13,13,10,8,9,2,0,22,97,9,99,20,97,13,13,10,8,9,2,0,22,96,9,99,20,96,13,13,10,8,9,2,0,22,96,9,99,20,96,13,13,10,8,9,2,0,22,98,9,99,20,98,13,13,10,8,9,2,0,22,98,9,99,20,98,13,13,10,8,9,2,0,22,98,9,99,20,98,13,13,10,8,9,2,0
7.7482,48.568001,22,82,9,99,20,82,13,13,10,8,9,2,0,22,89,9,99,20,89,13,13,10,8,9,2,0,22,89,9,99,20,89,13,13,10,8,9,2,0,22,90,9,99,20,90,13,13,10,8,9,2,0,22,93,9,99,20,93,13,13,10,8,9,2,0,22,94,9,99,20,94,13,13,10,8,9,2,0,22,96,9,99,20,96,13,13,10,8,9,2,0,22,94,9,99,20,94,13,13,10,8,9,2,0,22,93,9,99,20,93,13,13,10,8,9,2,0,22,92,9,99,20,92,13,13,10,8,9,2,0,22,95,9,99,20,95,13,13,10,8,9,2,0,22,92,9,99,20,92,13,13,10,8,9,2,0,22,87,9,99,20,87,13,13,10,8,9,2,0,22,86,9,99,20,86,13,13,10,8,9,2,0,22,82,9,99,20,82,13,13,10,8,9,2,0,22,78,9,99,20,78,13,13,10,8,9,2,0,22,82,9,99,20,82,13,13,10,8,9,2,0,22,86,9,99,20,86,13,13,10,8,9,2,0,22,88,9,99,20,88,13,13,10,8,9,2,0,22,94,9,99,20,94,13,13,10,8,9,2,0,22,97,9,99,20,97,13,13,10,8,9,2,0
7.7488,48.610401,31,72,9,91,30,72,13,13,10,8,9,2,0,31,85,9,98,30,85,13,13,10,8,9,2,0,31,86,9,98,30,86,13,13,10,8,9,2,0,31,90,9,99,30,90,13,13,10,8,9,2,0,31,91,9,99,30,91,13,13,10,8,9,2,0,31,90,9,99,30,90,13,13,10,8,9,2,0,31,89,9,99,30,89,13,13,10,8,9,2,0,31,92,9,99,30,92,13,13,10,8,9,2,0,31,92,9,99,30,92,13,13,10,8,9,2,0,31,92,9,99,30,92,13,13,10,8,9,2,0,31,91,9,99,30,91,13,13,10,8,9,2,0,31,91,9,99,30,91,13,13,10,8,9,2,0,31,90,9,99,30,90,13,13,10,8,9,2,0,31,91,9,99,30,91,13,13,10,8,9,2,0,31,94,9,98,30,94,13,13,10,8,9,2,0,31,97,9,98,30,97,13,13,10,8,9,2,0,31,94,9,98,30,94,13,13,10,8,9,2,0,31,94,9,99,30,94,13,13,10,8,9,2,0,31,90,9,99,30,90,13,13,10,8,9,2,0,31,81,9,99,30,81,13,13,10,8,9,2,0,22,70,9,99,20,70,13,13,10,8,9,2,0
7.7488,48.608002,22,60,9,92,20,60,13,13,10,8,9,2,0,31,83,9,97,30,83,13,13,10,8,9,2,0,31,84,9,97,30,84,13,13,10,8,9,2,0,31,83,9,98,30,83,13,13,10,8,9,2,0,31,81,9,98,30,81,13,13,10,8,9,2,0,32,79,9,99,30,79,13,13,10,8,9,2,0,31,80,9,99,30,80,13,13,10,8,9,2,0,31,88,9,99,30,88,13,13,10,8,9,2,0,31,91,9,99,30,91,13,13,10,8,9,2,0,31,89,9,99,30,89,13,13,10,8,9,2,0,31,89,9,99,30,89,13,13,10,8,9,2,0,31,89,9,99,30,89,13,13,10,8,9,2,0,31,88,9,99,30,88,13,13,10,8,9,2,0,31,90,9,99,30,90,13,13,10,8,9,2,0,31,94,9,99,30,94,13,13,10,8,9,2,0,31,96,9,99,30,96,13,13,10,8,9,2,0,31,92,9,99,30,92,13,13,10,8,9,2,0,31,93,9,99,30,93,13,13,10,8,9,2,0,31,87,9,99,30,87,13,13,10,8,9,2,0,32,80,9,99,30,80,13,13,10,8,9,2,0,32,85,9,99,30,85,13,13,10,8,9,2,0
7.7489,48.604099,22,67,9,94,20,67,13,13,10,8,9,2,0,22,81,9,99,20,81,13,13,10,8,9,2,0,22,71,9,99,20,71,13,13,10,8,9,2,0,32,80,9,99,30,80,13,13,10,8,9,2,0,32,79,9,99,30,79,13,13,10,8,9,2,0,32,78,9,99,30,78,13,13,10,8,9,2,0,22,68,9,99,20,68,13,13,10,8,9,2,0,31,78,9,99,30,78,13,13,10,8,9,2,0,22,69,9,99,20,69,13,13,10,8,9,2,0,22,71,9,99,20,71,13,13,10,8,9,2,0,22,72,9,99,20,72,13,13,10,8,9,2,0,22,74,9,99,20,74,13,13,10,8,9,2,0,22,78,9,99,20,78,13,13,10,8,9,2,0,22,68,9,99,20,68,13,13,10,8,9,2,0,31,84,9,99,30,84,13,13,10,8,9,2,0,31,88,9,99,30,88,13,13,10,8,9,2,0,32,77,9,99,30,77,13,13,10,8,9,2,0,32,78,9,99,30,78,13,13,10,8,9,2,0,32,80,9,99,30,80,13,13,10,8,9,2,0,32,83,9,99,30,83,13,13,10,8,9,2,0,22,75,9,99,20,75,13,13,10,8,9,2,0
7.7493,48.627998,22,74,9,84,20,74,13,13,10,8,9,2,0,22,76,9,82,20,76,13,13,10,8,9,2,0,22,78,9,88,20,78,13,13,10,8,9,2,0,31,84,9,82,30,84,13,13,10,8,9,2,0,22,80,9,85,20,80,13,13,10,8,9,2,0,22,74,9,82,20,74,13,13,10,8,9,2,0,22,73,9,80,20,73,13,13,10,8,9,2,0,31,86,9,81,30,86,13,13,10,8,9,2,0,31,87,9,83,30,87,13,13,10,8,9,2,0,31,88,9,92,30,88,13,13,10,8,9,2,0,31,88,9,94,30,88,13,13,10,8,9,2,0,31,92,9,96,30,92,13,13,10,8,9,2,0,31,91,9,96,30,91,13,13,10,8,9,2,0,31,90,9,96,30,90,13,13,10,8,9,2,0,31,84,9,97,30,84,13,13,10,8,9,2,0,22,77,9,96,20,77,13,13,10,8,9,2,0,22,83,9,98,20,83,13,13,10,8,9,2,0,22,84,9,97,20,84,13,13,10,8,9,2,0,22,85,9,97,20,85,13,13,10,8,9,2,0,22,84,9,95,20,84,13,13,10,8,9,2,0,22,78,9,91,20,78,13,13,10,8,9,2,0
7.7508,48.6007,22,70,9,98,20,70,13,13,10,8,9,2,0,22,86,9,99,20,86,13,13,10,8,9,2,0,22,90,9,99,20,90,13,13,10,8,9,2,0,22,90,9,99,20,90,13,13,10,8,9,2,0,22,91,9,99,20,91,13,13,10,8,9,2,0,22,96,9,99,20,96,13,13,10,8,9,2,0,22,96,9,99,20,96,13,13,10,8,9,2,0,22,93,9,99,20,93,13,13,10,8,9,2,0,22,91,9,99,20,91,13,13,10,8,9,2,0,22,85,9,99,20,85,13,13,10,8,9,2,0,22,84,9,99,20,84,13,13,10,8,9,2,0,22,81,9,99,20,81,13,13,10,8,9,2,0,22,84,9,99,20,84,13,13,10,8,9,2,0,22,81,9,99,20,81,13,13,10,8,9,2,0,22,81,9,99,20,81,13,13,10,8,9,2,0,22,82,9,99,20,82,13,13,10,8,9,2,0,22,88,9,99,20,88,13,13,10,8,9,2,0,22,89,9,99,20,89,13,13,10,8,9,2,0,22,94,9,99,20,94,13,13,10,8,9,2,0,22,96,9,99,20,96,13,13,10,8,9,2,0,22,96,9,99,20,96,13,13,10,8,9,2,0
7.7525,48.569698,32,75,9,96,30,75,13,13,10,8,9,2,0,32,81,9,96,30,81,13,13,10,8,9,2,0,32,87,9,98,30,87,13,13,10,8,9,2,0,32,90,9,99,30,90,13,13,10,8,9,2,0,32,90,9,99,30,90,13,13,10,8,9,2,0,32,90,9,99,30,90,13,13,10,8,9,2,0,32,90,9,99,30,90,13,13,10,8,9,2,0,32,89,9,99,30,89,13,13,10,8,9,2,0,32,90,9,99,30,90,13,13,10,8,9,2,0,32,92,9,99,30,92,13,13,10,8,9,2,0,32,90,9,99,30,90,13,13,10,8,9,2,0,32,88,9,99,30,88,13,13,10,8,9,2,0,32,86,9,99,30,86,13,13,10,8,9,2,0,32,87,9,99,30,87,13,13,10,8,9,2,0,32,88,9,99,30,88,13,13,10,8,9,2,0,32,88,9,99,30,88,13,13,10,8,9,2,0,32,91,9,99,30,91,13,13,10,8,9,2,0,32,90,9,99,30,90,13,13,10,8,9,2,0,32,92,9,99,30,92,13,13,10,8,9,2,0,32,92,9,99,30,92,13,13,10,8,9,2,0,32,91,9,99,30,91,13,13,10,8,9,2,0
7.7558,48.618801,22,68,9,95,20,68,13,13,10,8,9,2,0,22,84,9,99,20,84,13,13,10,8,9,2,0,22,78,9,99,20,78,13,13,10,8,9,2,0,22,79,9,99,20,79,13,13,10,8,9,2,0,22,80,9,99,20,80,13,13,10,8,9,2,0,22,91,9,99,20,91,13,13,10,8,9,2,0,22,94,9,99,20,94,13,13,10,8,9,2,0,22,94,9,99,20,94,13,13,10,8,9,2,0,22,93,9,99,20,93,13,13,10,8,9,2,0,22,88,9,99,20,88,13,13,10,8,9,2,0,22,88,9,99,20,88,13,13,10,8,9,2,0,22,85,9,99,20,85,13,13,10,8,9,2,0,22,80,9,99,20,80,13,13,10,8,9,2,0,22,77,9,99,20,77,13,13,10,8,9,2,0,22,74,9,98,20,74,13,13,10,8,9,2,0,22,73,9,99,20,73,13,13,10,8,9,2,0,22,77,9,99,20,77,13,13,10,8,9,2,0,22,80,9,99,20,80,13,13,10,8,9,2,0,22,86,9,99,20,86,13,13,10,8,9,2,0,22,89,9,99,20,89,13,13,10,8,9,2,0,22,93,9,99,20,93,13,13,10,8,9,2,0
7.7565,48.610699,31,74,9,91,30,74,13,13,10,8,9,2,0,31,85,9,98,30,85,13,13,10,8,9,2,0,31,85,9,98,30,85,13,13,10,8,9,2,0,31,82,9,99,30,82,13,13,10,8,9,2,0,31,85,9,99,30,85,13,13,10,8,9,2,0,31,84,9,99,30,84,13,13,10,8,9,2,0,22,71,9,99,20,71,13,13,10,8,9,2,0,31,81,9,99,30,81,13,13,10,8,9,2,0,31,81,9,99,30,81,13,13,10,8,9,2,0,22,71,9,99,20,71,13,13,10,8,9,2,0,22,71,9,99,20,71,13,13,10,8,9,2,0,31,81,9,99,30,81,13,13,10,8,9,2,0,31,81,9,99,30,81,13,13,10,8,9,2,0,31,82,9,99,30,82,13,13,10,8,9,2,0,31,90,9,98,30,90,13,13,10,8,9,2,0,31,94,9,97,30,94,13,13,10,8,9,2,0,31,91,9,99,30,91,13,13,10,8,9,2,0,31,90,9,99,30,90,13,13,10,8,9,2,0,31,83,9,99,30,83,13,13,10,8,9,2,0,22,73,9,99,20,73,13,13,10,8,9,2,0,22,80,9,99,20,80,13,13,10,8,9,2,0
7.7575,48.616699,22,68,9,95,20,68,13,13,10,8,9,2,0,22,84,9,99,20,84,13,13,10,8,9,2,0,22,78,9,99,20,78,13,13,10,8,9,2,0,22,79,9,99,20,79,13,13,10,8,9,2,0,22,80,9,99,20,80,13,13,10,8,9,2,0,22,91,9,99,20,91,13,13,10,8,9,2,0,22,94,9,99,20,94,13,13,10,8,9,2,0,22,94,9,99,20,94,13,13,10,8,9,2,0,22,93,9,99,20,93,13,13,10,8,9,2,0,22,88,9,99,20,88,13,13,10,8,9,2,0,22,88,9,99,20,88,13,13,10,8,9,2,0,22,85,9,99,20,85,13,13,10,8,9,2,0,22,80,9,99,20,80,13,13,10,8,9,2,0,22,77,9,99,20,77,13,13,10,8,9,2,0,22,74,9,98,20,74,13,13,10,8,9,2,0,22,73,9,99,20,73,13,13,10,8,9,2,0,22,77,9,99,20,77,13,13,10,8,9,2,0,22,80,9,99,20,80,13,13,10,8,9,2,0,22,86,9,99,20,86,13,13,10,8,9,2,0,22,89,9,99,20,89,13,13,10,8,9,2,0,22,93,9,99,20,93,13,13,10,8,9,2,0
7.7581,48.5658,32,68,9,89,30,68,13,13,10,8,9,2,0,32,75,9,94,30,75,13,13,10,8,9,2,0,32,80,9,97,30,80,13,13,10,8,9,2,0,32,81,9,98,30,81,13,13,10,8,9,2,0,32,82,9,99,30,82,13,13,10,8,9,2,0,31,81,9,99,30,81,13,13,10,8,9,2,0,31,80,9,99,30,80,13,13,10,8,9,2,0,31,83,9,99,30,83,13,13,10,8,9,2,0,31,82,9,99,30,82,13,13,10,8,9,2,0,31,80,9,99,30,80,13,13,10,8,9,2,0,31,79,9,99,30,79,13,13,10,8,9,2,0,31,78,9,99,30,78,13,13,10,8,9,2,0,32,77,9,99,30,77,13,13,10,8,9,2,0,31,78,9,99,30,78,13,13,10,8,9,2,0,31,89,9,99,30,89,13,13,10,8,9,2,0,31,94,9,99,30,94,13,13,10,8,9,2,0,31,93,9,99,30,93,13,13,10,8,9,2,0,31,93,9,99,30,93,13,13,10,8,9,2,0,31,88,9,99,30,88,13,13,10,8,9,2,0,31,83,9,99,30,83,13,13,10,8,9,2,0,32,80,9,99,30,80,13,13,10,8,9,2,0
7.7598,48.609798,22,90,9,99,20,90,13,13,10,8,9,2,0,22,94,9,99,20,94,13,13,10,8,9,2,0,22,92,9,99,20,92,13,13,10,8,9,2,0,22,94,9,99,20,94,13,13,10,8,9,2,0,22,95,9,99,20,95,13,13,10,8,9,2,0,22,96,9,99,20,96,13,13,10,8,9,2,0,22,95,9,99,20,95,13,13,10,8,9,2,0,22,96,9,99,20,96,13,13,10,8,9,2,0,22,96,9,99,20,96,13,13,10,8,9,2,0,22,96,9,99,20,96,13,13,10,8,9,2,0,22,97,9,99,20,97,13,13,10,8,9,2,0,22,95,9,99,20,95,13,13,10,8,9,2,0,22,94,9,99,20,94,13,13,10,8,9,2,0,22,95,9,99,20,95,13,13,10,8,9,2,0,22,91,9,99,20,91,13,13,10,8,9,2,0,22,94,9,99,20,94,13,13,10,8,9,2,0,22,94,9,99,20,94,13,13,10,8,9,2,0,22,96,9,99,20,96,13,13,10,8,9,2,0,22,96,9,99,20,96,13,13,10,8,9,2,0,22,96,9,99,20,96,13,13,10,8,9,2,0,22,97,9,99,20,97,13,13,10,8,9,2,0
7.7641,48.555801,22,73,9,93,20,73,13,13,10,8,9,2,0,22,76,9,97,20,76,13,13,10,8,9,2,0,22,83,9,99,20,83,13,13,10,8,9,2,0,22,92,9,99,20,92,13,13,10,8,9,2,0,22,97,9,99,20,97,13,13,10,8,9,2,0,22,98,9,99,20,98,13,13,10,8,9,2,0,22,97,9,99,20,97,13,13,10,8,9,2,0,22,95,9,99,20,95,13,13,10,8,9,2,0,22,96,9,99,20,96,13,13,10,8,9,2,0,22,91,9,99,20,91,13,13,10,8,9,2,0,22,97,9,99,20,97,13,13,10,8,9,2,0,22,97,9,99,20,97,13,13,10,8,9,2,0,22,96,9,99,20,96,13,13,10,8,9,2,0,22,95,9,99,20,95,13,13,10,8,9,2,0,22,95,9,99,20,95,13,13,10,8,9,2,0,22,97,9,99,20,97,13,13,10,8,9,2,0,22,97,9,99,20,97,13,13,10,8,9,2,0,22,97,9,99,20,97,13,13,10,8,9,2,0,22,97,9,99,20,97,13,13,10,8,9,2,0,22,98,9,99,20,98,13,13,10,8,9,2,0,22,95,9,99,20,95,13,13,10,8,9,2,0
7.7808,48.797798,22,71,9,,20,71,13,13,10,8,9,2,9,22,78,9,,20,78,13,13,10,8,9,2,9,22,81,9,,20,81,13,13,10,8,9,2,9,22,78,9,,20,78,13,13,10,8,9,2,9,22,78,9,,20,78,13,13,10,8,9,2,9,22,76,9,,20,76,13,13,10,8,9,2,9,22,80,9,,20,80,13,13,10,8,9,2,9,22,83,9,,20,83,13,13,10,8,9,2,9,22,82,9,,20,82,13,13,10,8,9,2,9,31,89,9,,30,89,13,13,10,8,9,2,9,31,89,9,,30,89,13,13,10,8,9,2,9,31,90,9,,30,90,13,13,10,8,9,2,9,31,87,9,,30,87,13,13,10,8,9,2,9,22,77,9,,20,77,13,13,10,8,9,2,9,22,74,9,,20,74,13,13,10,8,9,2,9,22,79,9,,20,79,13,13,10,8,9,2,9,22,83,9,,20,83,13,13,10,8,9,2,9,22,80,9,,20,80,13,13,10,8,9,2,9,22,79,9,,20,79,13,13,10,8,9,2,9,22,74,9,,20,74,13,13,10,8,9,2,9,31,83,9,,30,83,13,13,10,8,9,2,9
7.7829,48.811298,22,67,9,93,20,67,13,13,10,8,9,2,0,22,74,9,97,20,74,13,13,10,8,9,2,0,31,82,9,90,30,82,13,13,10,8,9,2,0,22,70,9,96,20,70,13,13,10,8,9,2,0,22,73,9,98,20,73,13,13,10,8,9,2,0,22,82,9,99,20,82,13,13,10,8,9,2,0,22,85,9,98,20,85,13,13,10,8,9,2,0,22,81,9,98,20,81,13,13,10,8,9,2,0,22,75,9,99,20,75,13,13,10,8,9,2,0,22,78,9,99,20,78,13,13,10,8,9,2,0,22,83,9,99,20,83,13,13,10,8,9,2,0,22,78,9,99,20,78,13,13,10,8,9,2,0,22,81,9,99,20,81,13,13,10,8,9,2,0,22,72,9,95,20,72,13,13,10,8,9,2,0,31,83,9,82,30,83,13,13,10,8,9,2,0,31,83,9,80,30,83,13,13,10,8,9,2,0,22,74,9,96,20,74,13,13,10,8,9,2,0,22,75,9,98,20,75,13,13,10,8,9,2,0,22,75,9,98,20,75,13,13,10,8,9,2,0,22,81,9,97,20,81,13,13,10,8,9,2,0,22,85,9,99,20,85,13,13,10,8,9,2,0
7.7849,48.524601,32,81,9,99,30,81,13,13,10,8,9,2,0,22,76,9,99,20,76,13,13,10,8,9,2,0,32,85,9,99,30,85,13,13,10,8,9,2,0,32,87,9,99,30,87,13,13,10,8,9,2,0,32,89,9,99,30,89,13,13,10,8,9,2,0,32,87,9,99,30,87,13,13,10,8,9,2,0,22,75,9,99,20,75,13,13,10,8,9,2,0,22,80,9,99,20,80,13,13,10,8,9,2,0,22,88,9,99,20,88,13,13,10,8,9,2,0,22,90,9,99,20,90,13,13,10,8,9,2,0,22,94,9,99,20,94,13,13,10,8,9,2,0,22,93,9,99,20,93,13,13,10,8,9,2,0,22,95,9,99,20,95,13,13,10,8,9,2,0,22,96,9,99,20,96,13,13,10,8,9,2,0,22,94,9,99,20,94,13,13,10,8,9,2,0,22,93,9,99,20,93,13,13,10,8,9,2,0,22,94,9,99,20,94,13,13,10,8,9,2,0,22,95,9,99,20,95,13,13,10,8,9,2,0,22,96,9,99,20,96,13,13,10,8,9,2,0,22,96,9,99,20,96,13,13,10,8,9,2,0,22,95,9,99,20,95,13,13,10,8,9,2,0
7.7868,48.527698,22,78,9,99,20,78,13,13,10,8,9,2,0,22,86,9,99,20,86,13,13,10,8,9,2,0,22,81,9,99,20,81,13,13,10,8,9,2,0,22,75,9,99,20,75,13,13,10,8,9,2,0,22,77,9,99,20,77,13,13,10,8,9,2,0,22,76,9,99,20,76,13,13,10,8,9,2,0,22,78,9,99,20,78,13,13,10,8,9,2,0,22,78,9,99,20,78,13,13,10,8,9,2,0,22,83,9,99,20,83,13,13,10,8,9,2,0,22,91,9,99,20,91,13,13,10,8,9,2,0,22,89,9,99,20,89,13,13,10,8,9,2,0,22,87,9,99,20,87,13,13,10,8,9,2,0,22,87,9,99,20,87,13,13,10,8,9,2,0,22,94,9,99,20,94,13,13,10,8,9,2,0,22,93,9,99,20,93,13,13,10,8,9,2,0,22,92,9,99,20,92,13,13,10,8,9,2,0,22,94,9,99,20,94,13,13,10,8,9,2,0,22,93,9,99,20,93,13,13,10,8,9,2,0,22,96,9,99,20,96,13,13,10,8,9,2,0,22,91,9,99,20,91,13,13,10,8,9,2,0,22,91,9,99,20,91,13,13,10,8,9,2,0
7.7869,48.526901,22,78,9,99,20,78,13,13,10,8,9,2,0,22,86,9,99,20,86,13,13,10,8,9,2,0,22,81,9,99,20,81,13,13,10,8,9,2,0,22,75,9,99,20,75,13,13,10,8,9,2,0,22,77,9,99,20,77,13,13,10,8,9,2,0,22,76,9,99,20,76,13,13,10,8,9,2,0,22,78,9,99,20,78,13,13,10,8,9,2,0,22,78,9,99,20,78,13,13,10,8,9,2,0,22,83,9,99,20,83,13,13,10,8,9,2,0,22,91,9,99,20,91,13,13,10,8,9,2,0,22,89,9,99,20,89,13,13,10,8,9,2,0,22,87,9,99,20,87,13,13,10,8,9,2,0,22,87,9,99,20,87,13,13,10,8,9,2,0,22,94,9,99,20,94,13,13,10,8,9,2,0,22,93,9,99,20,93,13,13,10,8,9,2,0,22,92,9,99,20,92,13,13,10,8,9,2,0,22,94,9,99,20,94,13,13,10,8,9,2,0,22,93,9,99,20,93,13,13,10,8,9,2,0,22,96,9,99,20,96,13,13,10,8,9,2,0,22,91,9,99,20,91,13,13,10,8,9,2,0,22,91,9,99,20,91,13,13,10,8,9,2,0
8.0229,48.8391,22,70,20,70,20,70,9,9,4,1,1,2,0,22,73,20,73,20,73,9,9,4,4,4,2,0,31,83,36,84,30,83,12,12,1,6,7,2,0,31,84,36,83,30,84,12,12,1,6,7,2,0,31,86,36,86,30,86,12,12,1,6,7,2,0,31,87,36,86,30,87,12,12,1,6,7,2,0,31,93,36,92,30,93,12,12,1,6,7,2,0,31,91,36,90,30,91,12,12,1,6,7,2,0,31,92,36,92,30,92,12,12,1,6,7,2,0,31,98,36,97,30,98,12,12,1,6,7,2,0,31,97,36,97,30,97,12,12,1,6,7,2,0,31,98,36,98,30,98,12,12,1,6,7,2,0,31,95,36,95,30,95,12,12,1,6,7,2,0,31,94,36,95,30,94,12,12,1,6,7,2,0,31,93,36,93,30,93,12,12,1,6,7,2,0,31,92,36,92,30,92,12,12,1,6,7,2,0,31,86,36,87,30,86,12,12,1,6,7,2,0,31,91,36,91,30,91,12,12,1,6,7,2,0,31,92,36,92,30,92,12,12,1,6,7,2,0,31,90,36,88,30,90,12,12,1,6,7,2,0,31,94,36,92,30,94,12,12,1,6,7,2,0
8.1552,48.9767,31,79,36,73,30,79,12,12,1,6,7,2,0,31,84,36,82,30,84,12,12,1,6,7,2,0,31,91,36,91,30,91,12,12,1,6,7,2,0,31,87,36,86,30,87,12,12,1,6,7,2,0,22,77,20,77,20,77,9,9,4,4,4,2,0,22,83,20,83,20,83,9,9,4,4,4,2,0,22,86,20,86,20,86,9,9,4,4,4,2,0,22,81,20,81,20,81,9,9,4,4,4,2,0,31,83,36,83,30,83,12,12,1,6,7,2,0,31,85,36,85,30,85,12,12,1,6,7,2,0,22,76,20,76,20,76,9,9,4,4,4,2,0,22,77,20,77,20,77,9,9,4,4,4,2,0,31,83,36,82,30,83,12,12,1,6,7,2,0,22,76,25,65,20,76,14,9,4,4,4,2,0,22,76,20,76,20,76,9,9,4,4,4,2,0,31,85,36,80,30,85,12,12,1,6,7,2,0,22,76,20,76,20,76,9,9,4,4,4,2,0,22,76,20,76,20,76,9,9,4,4,4,2,0,22,76,20,76,20,76,9,9,4,4,4,2,0,22,81,20,81,20,81,9,9,4,4,4,2,0,31,84,30,84,30,84,10,10,1,6,6,2,0
8.1568,48.976898,31,79,36,73,30,79,12,12,1,6,7,2,0,31,84,36,82,30,84,12,12,1,6,7,2,0,31,91,36,91,30,91,12,12,1,6,7,2,0,31,87,36,86,30,87,12,12,1,6,7,2,0,22,77,20,77,20,77,9,9,4,4,4,2,0,22,83,20,83,20,83,9,9,4,4,4,2,0,22,86,20,86,20,86,9,9,4,4,4,2,0,22,81,20,81,20,81,9,9,4,4,4,2,0,31,83,36,83,30,83,12,12,1,6,7,2,0,31,85,36,85,30,85,12,12,1,6,7,2,0,22,76,20,76,20,76,9,9,4,4,4,2,0,22,77,20,77,20,77,9,9,4,4,4,2,0,31,83,36,82,30,83,12,12,1,6,7,2,0,22,76,25,65,20,76,14,9,4,4,4,2,0,22,76,20,76,20,76,9,9,4,4,4,2,0,31,85,36,80,30,85,12,12,1,6,7,2,0,22,76,20,76,20,76,9,9,4,4,4,2,0,22,76,20,76,20,76,9,9,4,4,4,2,0,22,76,20,76,20,76,9,9,4,4,4,2,0,22,81,20,81,20,81,9,9,4,4,4,2,0,31,84,30,84,30,84,10,10,1,6,6,2,0
7.32771,48.083649,22,75,9,84,20,75,13,13,10,8,9,2,0,22,80,9,95,20,80,13,13,10,8,9,2,0,22,83,9,94,20,83,13,13,10,8,9,2,0,22,90,9,98,20,90,13,13,10,8,9,2,0,22,93,9,99,20,93,13,13,10,8,9,2,0,22,94,9,99,20,94,13,13,10,8,9,2,0,22,93,9,99,20,93,13,13,10,8,9,2,0,22,89,9,99,20,89,13,13,10,8,9,2,0,22,87,9,98,20,87,13,13,10,8,9,2,0,22,89,9,99,20,89,13,13,10,8,9,2,0,22,89,9,98,20,89,13,13,10,8,9,2,0,22,86,9,98,20,86,13,13,10,8,9,2,0,22,88,9,99,20,88,13,13,10,8,9,2,0,22,87,9,98,20,87,13,13,10,8,9,2,0,22,88,9,96,20,88,13,13,10,8,9,2,0,22,89,9,97,20,89,13,13,10,8,9,2,0,22,85,9,97,20,85,13,13,10,8,9,2,0,22,84,9,95,20,84,13,13,10,8,9,2,0,22,86,9,96,20,86,13,13,10,8,9,2,0,22,93,9,97,20,93,13,13,10,8,9,2,0,22,93,9,97,20,93,13,13,10,8,9,2,0
7.32797,48.08292,22,80,9,91,20,80,13,13,10,8,9,2,0,22,89,9,97,20,89,13,13,10,8,9,2,0,22,96,9,98,20,96,13,13,10,8,9,2,0,22,97,9,99,20,97,13,13,10,8,9,2,0,22,96,9,98,20,96,13,13,10,8,9,2,0,22,94,9,99,20,94,13,13,10,8,9,2,0,22,91,9,99,20,91,13,13,10,8,9,2,0,22,91,9,98,20,91,13,13,10,8,9,2,0,22,92,9,98,20,92,13,13,10,8,9,2,0,22,93,9,99,20,93,13,13,10,8,9,2,0,22,93,9,99,20,93,13,13,10,8,9,2,0,22,93,9,98,20,93,13,13,10,8,9,2,0,22,94,9,99,20,94,13,13,10,8,9,2,0,22,94,9,99,20,94,13,13,10,8,9,2,0,22,95,9,99,20,95,13,13,10,8,9,2,0,22,93,9,99,20,93,13,13,10,8,9,2,0,22,94,9,98,20,94,13,13,10,8,9,2,0,22,93,9,98,20,93,13,13,10,8,9,2,0,22,93,9,99,20,93,13,13,10,8,9,2,0,22,95,9,98,20,95,13,13,10,8,9,2,0,22,93,9,97,20,93,13,13,10,8,9,2,0
7.41882,48.112102,22,71,25,68,20,71,14,9,4,1,1,2,0,31,81,36,84,30,81,12,12,3,5,8,2,0,31,86,36,89,30,86,12,12,3,5,8,2,0,31,87,36,90,30,87,12,12,3,5,8,2,0,31,89,36,92,30,89,12,12,3,5,8,2,0,31,84,36,87,30,84,12,12,3,5,8,2,0,22,74,25,63,20,74,14,9,4,1,1,2,0,31,85,36,88,30,85,12,12,3,5,8,2,0,31,85,36,88,30,85,12,12,3,5,8,2,0,31,90,36,92,30,90,12,12,3,5,8,2,0,31,92,36,94,30,92,12,12,3,5,8,2,0,31,95,36,96,30,95,12,12,3,5,8,2,0,31,91,36,93,30,91,12,12,3,5,8,2,0,31,87,36,89,30,87,12,12,3,5,8,2,0,31,82,36,85,30,82,12,12,3,5,8,2,0,22,74,25,64,20,74,14,9,4,4,4,2,0,31,83,36,87,30,83,12,12,3,5,8,2,0,31,85,36,88,30,85,12,12,3,5,8,2,0,31,87,36,89,30,87,12,12,3,5,8,2,0,22,74,20,74,20,74,9,9,4,1,1,2,0,31,87,36,90,30,87,12,12,3,5,8,2,0
7.42242,48.11446,22,71,25,62,20,71,14,9,4,1,1,2,0,22,75,25,68,20,75,14,9,4,1,1,2,0,22,78,25,70,20,78,14,9,4,1,1,2,0,22,77,25,76,20,77,14,9,4,1,1,2,0,22,74,25,77,20,74,14,9,4,1,1,2,0,22,83,25,77,20,83,14,9,4,1,1,2,0,22,87,25,82,20,87,14,9,4,1,1,2,0,22,82,25,82,20,82,14,9,4,1,1,2,0,22,75,25,78,20,75,14,9,4,1,1,2,0,22,76,25,76,20,76,14,9,4,1,1,2,0,22,74,25,78,20,74,14,9,4,1,1,2,0,31,87,36,90,30,87,12,12,3,5,8,2,0,31,82,36,85,30,82,12,12,3,5,8,2,0,22,76,25,81,20,76,14,9,4,1,1,2,0,22,85,25,86,20,85,14,9,4,1,1,2,0,22,88,25,88,20,88,14,9,4,1,1,2,0,22,89,25,89,20,89,14,9,4,4,4,2,0,22,87,25,87,20,87,14,9,4,4,4,2,0,22,91,25,92,20,91,14,9,4,1,1,2,0,22,91,25,92,20,91,14,9,4,1,1,2,0,22,91,25,92,20,91,14,9,4,1,1,2,0
7.42894,48.111427,22,73,20,73,20,73,9,9,4,1,1,2,0,22,77,25,64,20,77,14,9,4,1,1,2,0,22,73,20,73,20,73,9,9,4,1,1,2,0,22,75,20,75,20,75,9,9,4,1,1,2,0,22,73,20,73,20,73,9,9,4,1,1,2,0,22,77,20,77,20,77,9,9,4,1,1,2,0,22,79,20,79,20,79,9,9,4,1,1,2,0,31,83,36,87,30,83,12,12,3,5,8,2,0,22,74,20,74,20,74,9,9,4,1,1,2,0,31,88,36,91,30,88,12,12,3,5,8,2,0,31,93,36,95,30,93,12,12,3,5,8,2,0,31,96,36,97,30,96,12,12,3,5,8,2,0,31,89,36,91,30,89,12,12,3,5,8,2,0,31,82,36,85,30,82,12,12,3,5,8,2,0,22,83,20,83,20,83,9,9,4,1,1,2,0,22,86,20,86,20,86,9,9,4,1,1,2,0,22,88,20,88,20,88,9,9,4,1,1,2,0,22,85,20,85,20,85,9,9,4,1,1,2,0,22,91,20,91,20,91,9,9,4,1,1,2,0,22,95,20,95,20,95,9,9,4,1,1,2,0,22,83,20,83,20,83,9,9,4,1,1,2,0
7.43735,48.1031,31,79,36,81,30,79,12,12,3,5,8,2,0,31,89,36,90,30,89,12,12,3,5,8,2,0,31,96,36,97,30,96,12,12,3,5,8,2,0,31,98,36,98,30,98,12,12,3,5,8,2,0,31,97,36,97,30,97,12,12,3,5,8,2,0,31,96,36,97,30,96,12,12,3,5,8,2,0,31,96,36,97,30,96,12,12,3,5,8,2,0,31,97,36,98,30,97,12,12,3,5,8,2,0,31,98,36,98,30,98,12,12,3,5,8,2,0,31,98,36,99,30,98,12,12,3,5,8,2,0,31,98,36,99,30,98,12,12,3,5,8,2,0,31,99,36,99,30,99,12,12,3,5,8,2,0,31,97,36,98,30,97,12,12,3,5,8,2,0,31,96,36,96,30,96,12,12,3,5,8,2,0,31,96,36,96,30,96,12,12,3,5,8,2,0,31,95,36,96,30,95,12,12,3,5,8,2,0,31,97,36,98,30,97,12,12,3,5,8,2,0,31,98,36,98,30,98,12,12,3,5,8,2,0,31,97,36,97,30,97,12,12,3,5,8,2,0,31,96,36,96,30,96,12,12,3,5,8,2,0,31,98,36,98,30,98,12,12,3,5,8,2,0
7.43942,48.106232,22,71,25,62,20,71,14,9,4,1,1,2,0,31,83,36,86,30,83,12,12,1,6,7,2,0,31,88,36,91,30,88,12,12,3,5,8,2,0,31,93,36,95,30,93,12,12,3,5,8,2,0,31,93,36,94,30,93,12,12,3,5,8,2,0,31,92,36,93,30,92,12,12,3,5,8,2,0,31,91,36,91,30,91,12,12,3,5,8,2,0,31,91,36,93,30,91,12,12,3,5,8,2,0,31,92,36,93,30,92,12,12,3,5,8,2,0,31,94,36,95,30,94,12,12,3,5,8,2,0,31,97,36,97,30,97,12,12,3,5,8,2,0,31,97,36,97,30,97,12,12,3,5,8,2,0,31,94,36,94,30,94,12,12,3,5,8,2,0,31,95,36,96,30,95,12,12,3,5,8,2,0,31,92,36,93,30,92,12,12,3,5,8,2,0,31,89,36,91,30,89,12,12,3,5,8,2,0,31,90,36,91,30,90,12,12,3,5,8,2,0,31,94,36,95,30,94,12,12,3,5,8,2,0,31,91,36,92,30,91,12,12,3,5,8,2,0,31,93,36,93,30,93,12,12,3,5,8,2,0,31,97,36,97,30,97,12,12,3,5,8,2,0
8.78888,42.163761,22,68,20,68,20,68,9,9,4,2,2,2,0,22,75,20,75,20,75,9,9,4,1,1,2,0,22,76,20,76,20,76,9,9,4,1,1,2,0,22,80,20,80,20,80,9,9,4,1,1,2,0,22,78,20,78,20,78,9,9,4,1,1,2,0,22,79,20,79,20,79,9,9,4,1,1,2,0,22,77,20,77,20,77,9,9,4,1,1,2,0,21,71,20,71,20,71,8,8,4,1,1,2,0,21,76,20,76,20,76,8,8,4,1,1,2,0,21,74,20,74,20,74,8,8,4,1,1,2,0,21,76,20,76,20,76,8,8,4,1,1,2,0,21,81,20,81,20,81,8,8,4,1,1,2,0,21,79,20,79,20,79,8,8,4,1,1,2,0,21,75,20,75,20,75,8,8,4,1,1,2,0,21,75,20,75,20,75,8,8,4,1,1,2,0,22,75,20,75,20,75,9,9,4,1,1,2,0,21,77,20,77,20,77,8,8,4,1,1,2,0,22,73,20,73,20,73,9,9,4,1,1,2,0,22,77,20,77,20,77,9,9,4,1,1,2,0,22,79,20,79,20,79,9,9,4,1,1,2,0,22,79,20,79,20,79,9,9,4,1,1,2,0
9.06314,41.888805,21,77,20,77,20,77,8,8,4,2,2,2,0,21,80,20,80,20,80,8,8,4,2,2,2,0,21,78,20,78,20,78,8,8,4,2,2,2,0,21,74,20,74,20,74,8,8,4,2,2,2,0,21,71,20,71,20,71,8,8,4,2,2,2,0,22,72,20,72,20,72,9,9,4,2,2,2,0,21,76,20,76,20,76,8,8,4,2,2,2,0,21,81,20,81,20,81,8,8,4,2,2,2,0,21,81,20,81,20,81,8,8,4,2,2,2,0,21,81,20,81,20,81,8,8,4,2,2,2,0,21,84,20,84,20,84,8,8,4,2,2,2,0,21,84,20,84,20,84,8,8,4,2,2,2,0,21,85,20,85,20,85,8,8,4,2,2,2,0,21,86,20,86,20,86,8,8,4,2,2,2,0,21,81,20,81,20,81,8,8,4,2,2,2,0,21,83,20,83,20,83,8,8,4,2,2,2,0,21,82,20,82,20,82,8,8,4,2,2,2,0,21,81,20,81,20,81,8,8,4,2,2,2,0,21,79,20,79,20,79,8,8,4,2,2,2,0,21,84,20,84,20,84,8,8,4,2,2,2,0,21,76,20,76,20,76,8,8,4,2,2,2,0
9.09846,41.498535,21,71,20,71,20,71,8,8,4,4,4,2,0,21,73,20,73,20,73,8,8,4,4,4,2,0,21,76,20,76,20,76,8,8,4,4,4,2,0,21,74,20,74,20,74,8,8,4,1,1,2,0,21,74,20,74,20,74,8,8,4,1,1,2,0,21,82,20,82,20,82,8,8,4,1,1,2,0,21,79,20,79,20,79,8,8,4,1,1,2,0,21,78,20,78,20,78,8,8,4,1,1,2,0,21,75,20,75,20,75,8,8,4,1,1,2,0,31,80,30,80,30,80,10,10,1,6,6,2,0,21,71,20,71,20,71,8,8,4,1,1,2,0,21,74,20,74,20,74,8,8,4,1,1,2,0,21,77,20,77,20,77,8,8,4,2,2,2,0,21,72,20,72,20,72,8,8,4,2,2,2,0,31,80,30,80,30,80,10,10,1,6,6,2,0,31,86,30,86,30,86,10,10,1,6,6,2,0,31,90,30,90,30,90,10,10,1,6,6,2,0,31,81,30,81,30,81,10,10,1,6,6,2,0,22,72,20,72,20,72,9,9,4,1,1,2,0,22,82,20,82,20,82,9,9,4,1,1,2,0,22,80,20,80,20,80,9,9,4,1,1,2,0
7.327993,48.081596,22,80,9,91,20,80,13,13,10,8,9,2,0,22,89,9,97,20,89,13,13,10,8,9,2,0,22,96,9,98,20,96,13,13,10,8,9,2,0,22,97,9,99,20,97,13,13,10,8,9,2,0,22,96,9,98,20,96,13,13,10,8,9,2,0,22,94,9,99,20,94,13,13,10,8,9,2,0,22,91,9,99,20,91,13,13,10,8,9,2,0,22,91,9,98,20,91,13,13,10,8,9,2,0,22,92,9,98,20,92,13,13,10,8,9,2,0,22,93,9,99,20,93,13,13,10,8,9,2,0,22,93,9,99,20,93,13,13,10,8,9,2,0,22,93,9,98,20,93,13,13,10,8,9,2,0,22,94,9,99,20,94,13,13,10,8,9,2,0,22,94,9,99,20,94,13,13,10,8,9,2,0,22,95,9,99,20,95,13,13,10,8,9,2,0,22,93,9,99,20,93,13,13,10,8,9,2,0,22,94,9,98,20,94,13,13,10,8,9,2,0,22,93,9,98,20,93,13,13,10,8,9,2,0,22,93,9,99,20,93,13,13,10,8,9,2,0,22,95,9,98,20,95,13,13,10,8,9,2,0,22,93,9,97,20,93,13,13,10,8,9,2,0
7.328834,48.083256,22,80,9,96,20,80,13,13,10,8,9,2,0,22,90,9,99,20,90,13,13,10,8,9,2,0,22,93,9,99,20,93,13,13,10,8,9,2,0,22,95,9,99,20,95,13,13,10,8,9,2,0,22,95,9,99,20,95,13,13,10,8,9,2,0,22,94,9,99,20,94,13,13,10,8,9,2,0,22,94,9,99,20,94,13,13,10,8,9,2,0,22,92,9,99,20,92,13,13,10,8,9,2,0,22,94,9,99,20,94,13,13,10,8,9,2,0,22,92,9,99,20,92,13,13,10,8,9,2,0,22,93,9,99,20,93,13,13,10,8,9,2,0,22,94,9,99,20,94,13,13,10,8,9,2,0,22,96,9,99,20,96,13,13,10,8,9,2,0,22,95,9,99,20,95,13,13,10,8,9,2,0,22,94,9,99,20,94,13,13,10,8,9,2,0,22,95,9,99,20,95,13,13,10,8,9,2,0,22,95,9,99,20,95,13,13,10,8,9,2,0,22,94,9,99,20,94,13,13,10,8,9,2,0,22,95,9,99,20,95,13,13,10,8,9,2,0,22,97,9,99,20,97,13,13,10,8,9,2,0,22,95,9,99,20,95,13,13,10,8,9,2,0
7.328979,48.080982,22,80,9,96,20,80,13,13,10,8,9,2,0,22,90,9,99,20,90,13,13,10,8,9,2,0,22,93,9,99,20,93,13,13,10,8,9,2,0,22,95,9,99,20,95,13,13,10,8,9,2,0,22,95,9,99,20,95,13,13,10,8,9,2,0,22,94,9,99,20,94,13,13,10,8,9,2,0,22,94,9,99,20,94,13,13,10,8,9,2,0,22,92,9,99,20,92,13,13,10,8,9,2,0,22,94,9,99,20,94,13,13,10,8,9,2,0,22,92,9,99,20,92,13,13,10,8,9,2,0,22,93,9,99,20,93,13,13,10,8,9,2,0,22,94,9,99,20,94,13,13,10,8,9,2,0,22,96,9,99,20,96,13,13,10,8,9,2,0,22,95,9,99,20,95,13,13,10,8,9,2,0,22,94,9,99,20,94,13,13,10,8,9,2,0,22,95,9,99,20,95,13,13,10,8,9,2,0,22,95,9,99,20,95,13,13,10,8,9,2,0,22,94,9,99,20,94,13,13,10,8,9,2,0,22,95,9,99,20,95,13,13,10,8,9,2,0,22,97,9,99,20,97,13,13,10,8,9,2,0,22,95,9,99,20,95,13,13,10,8,9,2,0
7.329154,48.08215,22,80,9,96,20,80,13,13,10,8,9,2,0,22,90,9,99,20,90,13,13,10,8,9,2,0,22,93,9,99,20,93,13,13,10,8,9,2,0,22,95,9,99,20,95,13,13,10,8,9,2,0,22,95,9,99,20,95,13,13,10,8,9,2,0,22,94,9,99,20,94,13,13,10,8,9,2,0,22,94,9,99,20,94,13,13,10,8,9,2,0,22,92,9,99,20,92,13,13,10,8,9,2,0,22,94,9,99,20,94,13,13,10,8,9,2,0,22,92,9,99,20,92,13,13,10,8,9,2,0,22,93,9,99,20,93,13,13,10,8,9,2,0,22,94,9,99,20,94,13,13,10,8,9,2,0,22,96,9,99,20,96,13,13,10,8,9,2,0,22,95,9,99,20,95,13,13,10,8,9,2,0,22,94,9,99,20,94,13,13,10,8,9,2,0,22,95,9,99,20,95,13,13,10,8,9,2,0,22,95,9,99,20,95,13,13,10,8,9,2,0,22,94,9,99,20,94,13,13,10,8,9,2,0,22,95,9,99,20,95,13,13,10,8,9,2,0,22,97,9,99,20,97,13,13,10,8,9,2,0,22,95,9,99,20,95,13,13,10,8,9,2,0
7.329154,48.082149,22,80,9,96,20,80,13,13,10,8,9,2,0,22,90,9,99,20,90,13,13,10,8,9,2,0,22,93,9,99,20,93,13,13,10,8,9,2,0,22,95,9,99,20,95,13,13,10,8,9,2,0,22,95,9,99,20,95,13,13,10,8,9,2,0,22,94,9,99,20,94,13,13,10,8,9,2,0,22,94,9,99,20,94,13,13,10,8,9,2,0,22,92,9,99,20,92,13,13,10,8,9,2,0,22,94,9,99,20,94,13,13,10,8,9,2,0,22,92,9,99,20,92,13,13,10,8,9,2,0,22,93,9,99,20,93,13,13,10,8,9,2,0,22,94,9,99,20,94,13,13,10,8,9,2,0,22,96,9,99,20,96,13,13,10,8,9,2,0,22,95,9,99,20,95,13,13,10,8,9,2,0,22,94,9,99,20,94,13,13,10,8,9,2,0,22,95,9,99,20,95,13,13,10,8,9,2,0,22,95,9,99,20,95,13,13,10,8,9,2,0,22,94,9,99,20,94,13,13,10,8,9,2,0,22,95,9,99,20,95,13,13,10,8,9,2,0,22,97,9,99,20,97,13,13,10,8,9,2,0,22,95,9,99,20,95,13,13,10,8,9,2,0
7.329498,48.08316,22,80,9,96,20,80,13,13,10,8,9,2,0,22,90,9,99,20,90,13,13,10,8,9,2,0,22,93,9,99,20,93,13,13,10,8,9,2,0,22,95,9,99,20,95,13,13,10,8,9,2,0,22,95,9,99,20,95,13,13,10,8,9,2,0,22,94,9,99,20,94,13,13,10,8,9,2,0,22,94,9,99,20,94,13,13,10,8,9,2,0,22,92,9,99,20,92,13,13,10,8,9,2,0,22,94,9,99,20,94,13,13,10,8,9,2,0,22,92,9,99,20,92,13,13,10,8,9,2,0,22,93,9,99,20,93,13,13,10,8,9,2,0,22,94,9,99,20,94,13,13,10,8,9,2,0,22,96,9,99,20,96,13,13,10,8,9,2,0,22,95,9,99,20,95,13,13,10,8,9,2,0,22,94,9,99,20,94,13,13,10,8,9,2,0,22,95,9,99,20,95,13,13,10,8,9,2,0,22,95,9,99,20,95,13,13,10,8,9,2,0,22,94,9,99,20,94,13,13,10,8,9,2,0,22,95,9,99,20,95,13,13,10,8,9,2,0,22,97,9,99,20,97,13,13,10,8,9,2,0,22,95,9,99,20,95,13,13,10,8,9,2,0
7.338434,48.074223,22,72,9,91,20,72,13,13,10,8,9,2,0,22,85,9,99,20,85,13,13,10,8,9,2,0,22,88,9,99,20,88,13,13,10,8,9,2,0,22,90,9,99,20,90,13,13,10,8,9,2,0,22,90,9,99,20,90,13,13,10,8,9,2,0,22,94,9,99,20,94,13,13,10,8,9,2,0,22,95,9,99,20,95,13,13,10,8,9,2,0,22,91,9,99,20,91,13,13,10,8,9,2,0,22,91,9,99,20,91,13,13,10,8,9,2,0,22,88,9,99,20,88,13,13,10,8,9,2,0,22,90,9,99,20,90,13,13,10,8,9,2,0,22,90,9,99,20,90,13,13,10,8,9,2,0,22,91,9,99,20,91,13,13,10,8,9,2,0,22,91,9,99,20,91,13,13,10,8,9,2,0,22,89,9,99,20,89,13,13,10,8,9,2,0,22,89,9,99,20,89,13,13,10,8,9,2,0,22,88,9,99,20,88,13,13,10,8,9,2,0,22,88,9,99,20,88,13,13,10,8,9,2,0,22,90,9,99,20,90,13,13,10,8,9,2,0,22,95,9,99,20,95,13,13,10,8,9,2,0,22,95,9,99,20,95,13,13,10,8,9,2,0
7.338794,48.073746,22,72,9,91,20,72,13,13,10,8,9,2,0,22,85,9,99,20,85,13,13,10,8,9,2,0,22,88,9,99,20,88,13,13,10,8,9,2,0,22,90,9,99,20,90,13,13,10,8,9,2,0,22,90,9,99,20,90,13,13,10,8,9,2,0,22,94,9,99,20,94,13,13,10,8,9,2,0,22,95,9,99,20,95,13,13,10,8,9,2,0,22,91,9,99,20,91,13,13,10,8,9,2,0,22,91,9,99,20,91,13,13,10,8,9,2,0,22,88,9,99,20,88,13,13,10,8,9,2,0,22,90,9,99,20,90,13,13,10,8,9,2,0,22,90,9,99,20,90,13,13,10,8,9,2,0,22,91,9,99,20,91,13,13,10,8,9,2,0,22,91,9,99,20,91,13,13,10,8,9,2,0,22,89,9,99,20,89,13,13,10,8,9,2,0,22,89,9,99,20,89,13,13,10,8,9,2,0,22,88,9,99,20,88,13,13,10,8,9,2,0,22,88,9,99,20,88,13,13,10,8,9,2,0,22,90,9,99,20,90,13,13,10,8,9,2,0,22,95,9,99,20,95,13,13,10,8,9,2,0,22,95,9,99,20,95,13,13,10,8,9,2,0
7.338927,48.073479,22,72,9,91,20,72,13,13,10,8,9,2,0,22,85,9,99,20,85,13,13,10,8,9,2,0,22,88,9,99,20,88,13,13,10,8,9,2,0,22,90,9,99,20,90,13,13,10,8,9,2,0,22,90,9,99,20,90,13,13,10,8,9,2,0,22,94,9,99,20,94,13,13,10,8,9,2,0,22,95,9,99,20,95,13,13,10,8,9,2,0,22,91,9,99,20,91,13,13,10,8,9,2,0,22,91,9,99,20,91,13,13,10,8,9,2,0,22,88,9,99,20,88,13,13,10,8,9,2,0,22,90,9,99,20,90,13,13,10,8,9,2,0,22,90,9,99,20,90,13,13,10,8,9,2,0,22,91,9,99,20,91,13,13,10,8,9,2,0,22,91,9,99,20,91,13,13,10,8,9,2,0,22,89,9,99,20,89,13,13,10,8,9,2,0,22,89,9,99,20,89,13,13,10,8,9,2,0,22,88,9,99,20,88,13,13,10,8,9,2,0,22,88,9,99,20,88,13,13,10,8,9,2,0,22,90,9,99,20,90,13,13,10,8,9,2,0,22,95,9,99,20,95,13,13,10,8,9,2,0,22,95,9,99,20,95,13,13,10,8,9,2,0
7.417759,48.108761,22,71,25,68,20,71,14,9,4,1,1,2,0,31,81,36,84,30,81,12,12,3,5,8,2,0,31,86,36,89,30,86,12,12,3,5,8,2,0,31,87,36,90,30,87,12,12,3,5,8,2,0,31,89,36,92,30,89,12,12,3,5,8,2,0,31,84,36,87,30,84,12,12,3,5,8,2,0,22,74,25,63,20,74,14,9,4,1,1,2,0,31,85,36,88,30,85,12,12,3,5,8,2,0,31,85,36,88,30,85,12,12,3,5,8,2,0,31,90,36,92,30,90,12,12,3,5,8,2,0,31,92,36,94,30,92,12,12,3,5,8,2,0,31,95,36,96,30,95,12,12,3,5,8,2,0,31,91,36,93,30,91,12,12,3,5,8,2,0,31,87,36,89,30,87,12,12,3,5,8,2,0,31,82,36,85,30,82,12,12,3,5,8,2,0,22,74,25,64,20,74,14,9,4,4,4,2,0,31,83,36,87,30,83,12,12,3,5,8,2,0,31,85,36,88,30,85,12,12,3,5,8,2,0,31,87,36,89,30,87,12,12,3,5,8,2,0,22,74,20,74,20,74,9,9,4,1,1,2,0,31,87,36,90,30,87,12,12,3,5,8,2,0
7.419882,48.113854,22,71,25,59,20,71,14,9,4,1,1,2,0,22,75,25,63,20,75,14,9,4,1,1,2,0,22,74,25,63,20,74,14,9,4,1,1,2,0,31,85,36,88,30,85,12,12,3,5,8,2,0,31,86,36,88,30,86,12,12,3,5,8,2,0,22,80,25,71,20,80,14,9,4,1,1,2,0,22,81,25,68,20,81,14,9,4,1,1,2,0,22,77,25,70,20,77,14,9,4,1,1,2,0,22,77,25,71,20,77,14,9,4,4,4,2,0,31,87,36,90,30,87,12,12,3,5,8,2,0,31,84,36,87,30,84,12,12,3,5,8,2,0,31,90,36,92,30,90,12,12,3,5,8,2,0,31,82,36,85,30,82,12,12,3,5,8,2,0,31,83,36,86,30,83,12,12,3,5,8,2,0,22,75,25,74,20,75,14,9,4,4,4,2,0,22,81,25,74,20,81,14,9,4,4,4,2,0,22,81,25,69,20,81,14,9,4,4,4,2,0,22,81,25,67,20,81,14,9,4,4,4,2,0,22,82,25,69,20,82,14,9,4,4,4,2,0,22,86,20,86,20,86,9,9,4,1,1,2,0,22,85,25,68,20,85,14,9,4,1,1,2,0
7.419882,48.113853,22,71,25,59,20,71,14,9,4,1,1,2,0,22,75,25,63,20,75,14,9,4,1,1,2,0,22,74,25,63,20,74,14,9,4,1,1,2,0,31,85,36,88,30,85,12,12,3,5,8,2,0,31,86,36,88,30,86,12,12,3,5,8,2,0,22,80,25,71,20,80,14,9,4,1,1,2,0,22,81,25,68,20,81,14,9,4,1,1,2,0,22,77,25,70,20,77,14,9,4,1,1,2,0,22,77,25,71,20,77,14,9,4,4,4,2,0,31,87,36,90,30,87,12,12,3,5,8,2,0,31,84,36,87,30,84,12,12,3,5,8,2,0,31,90,36,92,30,90,12,12,3,5,8,2,0,31,82,36,85,30,82,12,12,3,5,8,2,0,31,83,36,86,30,83,12,12,3,5,8,2,0,22,75,25,74,20,75,14,9,4,4,4,2,0,22,81,25,74,20,81,14,9,4,4,4,2,0,22,81,25,69,20,81,14,9,4,4,4,2,0,22,81,25,67,20,81,14,9,4,4,4,2,0,22,82,25,69,20,82,14,9,4,4,4,2,0,22,86,20,86,20,86,9,9,4,1,1,2,0,22,85,25,68,20,85,14,9,4,1,1,2,0
7.421077,48.110672,22,72,20,72,20,72,9,9,4,1,1,2,0,22,79,20,79,20,79,9,9,4,1,1,2,0,22,83,20,83,20,83,9,9,4,1,1,2,0,22,85,20,85,20,85,9,9,4,1,1,2,0,22,82,20,82,20,82,9,9,4,1,1,2,0,22,88,20,88,20,88,9,9,4,1,1,2,0,22,89,20,89,20,89,9,9,4,1,1,2,0,22,90,20,90,20,90,9,9,4,1,1,2,0,22,88,20,88,20,88,9,9,4,1,1,2,0,22,85,20,85,20,85,9,9,4,1,1,2,0,22,82,20,82,20,82,9,9,4,1,1,2,0,31,82,36,86,30,82,12,12,3,5,8,2,0,22,75,20,75,20,75,9,9,4,1,1,2,0,22,86,20,86,20,86,9,9,4,1,1,2,0,22,92,20,92,20,92,9,9,4,1,1,2,0,22,93,20,93,20,93,9,9,4,1,1,2,0,22,93,20,93,20,93,9,9,4,1,1,2,0,22,91,20,91,20,91,9,9,4,1,1,2,0,22,90,20,90,20,90,9,9,4,1,1,2,0,22,94,20,94,20,94,9,9,4,1,1,2,0,22,91,20,91,20,91,9,9,4,1,1,2,0
7.421913,48.112774,22,71,25,62,20,71,14,9,4,1,1,2,0,22,75,25,68,20,75,14,9,4,1,1,2,0,22,78,25,70,20,78,14,9,4,1,1,2,0,22,77,25,76,20,77,14,9,4,1,1,2,0,22,74,25,77,20,74,14,9,4,1,1,2,0,22,83,25,77,20,83,14,9,4,1,1,2,0,22,87,25,82,20,87,14,9,4,1,1,2,0,22,82,25,82,20,82,14,9,4,1,1,2,0,22,75,25,78,20,75,14,9,4,1,1,2,0,22,76,25,76,20,76,14,9,4,1,1,2,0,22,74,25,78,20,74,14,9,4,1,1,2,0,31,87,36,90,30,87,12,12,3,5,8,2,0,31,82,36,85,30,82,12,12,3,5,8,2,0,22,76,25,81,20,76,14,9,4,1,1,2,0,22,85,25,86,20,85,14,9,4,1,1,2,0,22,88,25,88,20,88,14,9,4,1,1,2,0,22,89,25,89,20,89,14,9,4,4,4,2,0,22,87,25,87,20,87,14,9,4,4,4,2,0,22,91,25,92,20,91,14,9,4,1,1,2,0,22,91,25,92,20,91,14,9,4,1,1,2,0,22,91,25,92,20,91,14,9,4,1,1,2,0
7.425453,48.110287,22,72,20,72,20,72,9,9,4,1,1,2,0,22,79,20,79,20,79,9,9,4,1,1,2,0,22,83,20,83,20,83,9,9,4,1,1,2,0,22,85,20,85,20,85,9,9,4,1,1,2,0,22,82,20,82,20,82,9,9,4,1,1,2,0,22,88,20,88,20,88,9,9,4,1,1,2,0,22,89,20,89,20,89,9,9,4,1,1,2,0,22,90,20,90,20,90,9,9,4,1,1,2,0,22,88,20,88,20,88,9,9,4,1,1,2,0,22,85,20,85,20,85,9,9,4,1,1,2,0,22,82,20,82,20,82,9,9,4,1,1,2,0,31,82,36,86,30,82,12,12,3,5,8,2,0,22,75,20,75,20,75,9,9,4,1,1,2,0,22,86,20,86,20,86,9,9,4,1,1,2,0,22,92,20,92,20,92,9,9,4,1,1,2,0,22,93,20,93,20,93,9,9,4,1,1,2,0,22,93,20,93,20,93,9,9,4,1,1,2,0,22,91,20,91,20,91,9,9,4,1,1,2,0,22,90,20,90,20,90,9,9,4,1,1,2,0,22,94,20,94,20,94,9,9,4,1,1,2,0,22,91,20,91,20,91,9,9,4,1,1,2,0
7.426259,48.109184,22,73,20,73,20,73,9,9,4,1,1,2,0,22,77,25,64,20,77,14,9,4,1,1,2,0,22,73,20,73,20,73,9,9,4,1,1,2,0,22,75,20,75,20,75,9,9,4,1,1,2,0,22,73,20,73,20,73,9,9,4,1,1,2,0,22,77,20,77,20,77,9,9,4,1,1,2,0,22,79,20,79,20,79,9,9,4,1,1,2,0,31,83,36,87,30,83,12,12,3,5,8,2,0,22,74,20,74,20,74,9,9,4,1,1,2,0,31,88,36,91,30,88,12,12,3,5,8,2,0,31,93,36,95,30,93,12,12,3,5,8,2,0,31,96,36,97,30,96,12,12,3,5,8,2,0,31,89,36,91,30,89,12,12,3,5,8,2,0,31,82,36,85,30,82,12,12,3,5,8,2,0,22,83,20,83,20,83,9,9,4,1,1,2,0,22,86,20,86,20,86,9,9,4,1,1,2,0,22,88,20,88,20,88,9,9,4,1,1,2,0,22,85,20,85,20,85,9,9,4,1,1,2,0,22,91,20,91,20,91,9,9,4,1,1,2,0,22,95,20,95,20,95,9,9,4,1,1,2,0,22,83,20,83,20,83,9,9,4,1,1,2,0
7.426317,48.111969,22,73,20,73,20,73,9,9,4,1,1,2,0,22,77,25,64,20,77,14,9,4,1,1,2,0,22,73,20,73,20,73,9,9,4,1,1,2,0,22,75,20,75,20,75,9,9,4,1,1,2,0,22,73,20,73,20,73,9,9,4,1,1,2,0,22,77,20,77,20,77,9,9,4,1,1,2,0,22,79,20,79,20,79,9,9,4,1,1,2,0,31,83,36,87,30,83,12,12,3,5,8,2,0,22,74,20,74,20,74,9,9,4,1,1,2,0,31,88,36,91,30,88,12,12,3,5,8,2,0,31,93,36,95,30,93,12,12,3,5,8,2,0,31,96,36,97,30,96,12,12,3,5,8,2,0,31,89,36,91,30,89,12,12,3,5,8,2,0,31,82,36,85,30,82,12,12,3,5,8,2,0,22,83,20,83,20,83,9,9,4,1,1,2,0,22,86,20,86,20,86,9,9,4,1,1,2,0,22,88,20,88,20,88,9,9,4,1,1,2,0,22,85,20,85,20,85,9,9,4,1,1,2,0,22,91,20,91,20,91,9,9,4,1,1,2,0,22,95,20,95,20,95,9,9,4,1,1,2,0,22,83,20,83,20,83,9,9,4,1,1,2,0
7.428641,48.10751,22,70,25,66,20,70,14,9,4,1,1,2,0,31,83,36,87,30,83,12,12,3,5,8,2,0,31,94,36,96,30,94,12,12,3,5,8,2,0,31,96,36,97,30,96,12,12,3,5,8,2,0,31,97,36,97,30,97,12,12,3,5,8,2,0,31,92,36,94,30,92,12,12,3,5,8,2,0,31,94,36,95,30,94,12,12,3,5,8,2,0,31,96,36,97,30,96,12,12,3,5,8,2,0,31,98,36,98,30,98,12,12,3,5,8,2,0,31,98,36,98,30,98,12,12,3,5,8,2,0,31,99,36,99,30,99,12,12,3,5,8,2,0,31,98,36,98,30,98,12,12,3,5,8,2,0,31,96,36,96,30,96,12,12,3,5,8,2,0,31,92,36,93,30,92,12,12,3,5,8,2,0,31,91,36,93,30,91,12,12,3,5,8,2,0,31,89,36,91,30,89,12,12,3,5,8,2,0,31,93,36,94,30,93,12,12,3,5,8,2,0,31,97,36,97,30,97,12,12,3,5,8,2,0,31,95,36,96,30,95,12,12,3,5,8,2,0,31,92,36,93,30,92,12,12,3,5,8,2,0,31,96,36,97,30,96,12,12,3,5,8,2,0
7.429824,48.109142,22,73,20,73,20,73,9,9,4,1,1,2,0,22,77,25,64,20,77,14,9,4,1,1,2,0,22,73,20,73,20,73,9,9,4,1,1,2,0,22,75,20,75,20,75,9,9,4,1,1,2,0,22,73,20,73,20,73,9,9,4,1,1,2,0,22,77,20,77,20,77,9,9,4,1,1,2,0,22,79,20,79,20,79,9,9,4,1,1,2,0,31,83,36,87,30,83,12,12,3,5,8,2,0,22,74,20,74,20,74,9,9,4,1,1,2,0,31,88,36,91,30,88,12,12,3,5,8,2,0,31,93,36,95,30,93,12,12,3,5,8,2,0,31,96,36,97,30,96,12,12,3,5,8,2,0,31,89,36,91,30,89,12,12,3,5,8,2,0,31,82,36,85,30,82,12,12,3,5,8,2,0,22,83,20,83,20,83,9,9,4,1,1,2,0,22,86,20,86,20,86,9,9,4,1,1,2,0,22,88,20,88,20,88,9,9,4,1,1,2,0,22,85,20,85,20,85,9,9,4,1,1,2,0,22,91,20,91,20,91,9,9,4,1,1,2,0,22,95,20,95,20,95,9,9,4,1,1,2,0,22,83,20,83,20,83,9,9,4,1,1,2,0
7.430105,48.105942,22,70,25,66,20,70,14,9,4,1,1,2,0,31,83,36,87,30,83,12,12,3,5,8,2,0,31,94,36,96,30,94,12,12,3,5,8,2,0,31,96,36,97,30,96,12,12,3,5,8,2,0,31,97,36,97,30,97,12,12,3,5,8,2,0,31,92,36,94,30,92,12,12,3,5,8,2,0,31,94,36,95,30,94,12,12,3,5,8,2,0,31,96,36,97,30,96,12,12,3,5,8,2,0,31,98,36,98,30,98,12,12,3,5,8,2,0,31,98,36,98,30,98,12,12,3,5,8,2,0,31,99,36,99,30,99,12,12,3,5,8,2,0,31,98,36,98,30,98,12,12,3,5,8,2,0,31,96,36,96,30,96,12,12,3,5,8,2,0,31,92,36,93,30,92,12,12,3,5,8,2,0,31,91,36,93,30,91,12,12,3,5,8,2,0,31,89,36,91,30,89,12,12,3,5,8,2,0,31,93,36,94,30,93,12,12,3,5,8,2,0,31,97,36,97,30,97,12,12,3,5,8,2,0,31,95,36,96,30,95,12,12,3,5,8,2,0,31,92,36,93,30,92,12,12,3,5,8,2,0,31,96,36,97,30,96,12,12,3,5,8,2,0
7.431716,48.108681,22,73,20,73,20,73,9,9,4,1,1,2,0,22,77,25,64,20,77,14,9,4,1,1,2,0,22,73,20,73,20,73,9,9,4,1,1,2,0,22,75,20,75,20,75,9,9,4,1,1,2,0,22,73,20,73,20,73,9,9,4,1,1,2,0,22,77,20,77,20,77,9,9,4,1,1,2,0,22,79,20,79,20,79,9,9,4,1,1,2,0,31,83,36,87,30,83,12,12,3,5,8,2,0,22,74,20,74,20,74,9,9,4,1,1,2,0,31,88,36,91,30,88,12,12,3,5,8,2,0,31,93,36,95,30,93,12,12,3,5,8,2,0,31,96,36,97,30,96,12,12,3,5,8,2,0,31,89,36,91,30,89,12,12,3,5,8,2,0,31,82,36,85,30,82,12,12,3,5,8,2,0,22,83,20,83,20,83,9,9,4,1,1,2,0,22,86,20,86,20,86,9,9,4,1,1,2,0,22,88,20,88,20,88,9,9,4,1,1,2,0,22,85,20,85,20,85,9,9,4,1,1,2,0,22,91,20,91,20,91,9,9,4,1,1,2,0,22,95,20,95,20,95,9,9,4,1,1,2,0,22,83,20,83,20,83,9,9,4,1,1,2,0
7.434517,48.109261,22,69,25,64,20,69,14,9,4,1,1,2,0,31,86,36,89,30,86,12,12,1,6,7,2,0,31,96,36,97,30,96,12,12,1,6,7,2,0,31,97,36,98,30,97,12,12,1,6,7,2,0,31,91,36,92,30,91,12,12,3,5,8,2,0,31,95,36,96,30,95,12,12,3,5,8,2,0,31,96,36,96,30,96,12,12,3,5,8,2,0,31,96,36,97,30,96,12,12,3,5,8,2,0,31,96,36,96,30,96,12,12,3,5,8,2,0,31,99,36,99,30,99,12,12,3,5,8,2,0,31,99,36,99,30,99,12,12,3,5,8,2,0,31,98,36,98,30,98,12,12,3,5,8,2,0,31,96,36,97,30,96,12,12,3,5,8,2,0,31,97,36,98,30,97,12,12,3,5,8,2,0,31,97,36,97,30,97,12,12,3,5,8,2,0,31,95,36,96,30,95,12,12,3,5,8,2,0,31,96,36,97,30,96,12,12,3,5,8,2,0,31,97,36,97,30,97,12,12,3,5,8,2,0,31,93,36,94,30,93,12,12,3,5,8,2,0,31,95,36,96,30,95,12,12,3,5,8,2,0,31,97,36,98,30,97,12,12,3,5,8,2,0
7.434709,48.108246,22,70,20,70,20,70,9,9,4,1,1,2,0,22,70,25,62,20,70,14,9,4,1,1,2,0,31,88,36,91,30,88,12,12,3,5,8,2,0,31,93,36,94,30,93,12,12,3,5,8,2,0,31,93,36,94,30,93,12,12,3,5,8,2,0,31,91,36,93,30,91,12,12,3,5,8,2,0,31,93,36,95,30,93,12,12,3,5,8,2,0,31,96,36,96,30,96,12,12,3,5,8,2,0,31,96,36,97,30,96,12,12,3,5,8,2,0,31,96,36,97,30,96,12,12,3,5,8,2,0,31,97,36,98,30,97,12,12,3,5,8,2,0,31,98,36,98,30,98,12,12,3,5,8,2,0,31,96,36,96,30,96,12,12,3,5,8,2,0,31,94,36,95,30,94,12,12,3,5,8,2,0,31,90,36,92,30,90,12,12,3,5,8,2,0,31,88,36,90,30,88,12,12,3,5,8,2,0,31,91,36,92,30,91,12,12,3,5,8,2,0,31,93,36,94,30,93,12,12,3,5,8,2,0,31,88,36,90,30,88,12,12,3,5,8,2,0,31,82,36,85,30,82,12,12,3,5,8,2,0,31,88,36,91,30,88,12,12,3,5,8,2,0
7.435714,48.108177,22,70,20,70,20,70,9,9,4,1,1,2,0,22,70,25,62,20,70,14,9,4,1,1,2,0,31,88,36,91,30,88,12,12,3,5,8,2,0,31,93,36,94,30,93,12,12,3,5,8,2,0,31,93,36,94,30,93,12,12,3,5,8,2,0,31,91,36,93,30,91,12,12,3,5,8,2,0,31,93,36,95,30,93,12,12,3,5,8,2,0,31,96,36,96,30,96,12,12,3,5,8,2,0,31,96,36,97,30,96,12,12,3,5,8,2,0,31,96,36,97,30,96,12,12,3,5,8,2,0,31,97,36,98,30,97,12,12,3,5,8,2,0,31,98,36,98,30,98,12,12,3,5,8,2,0,31,96,36,96,30,96,12,12,3,5,8,2,0,31,94,36,95,30,94,12,12,3,5,8,2,0,31,90,36,92,30,90,12,12,3,5,8,2,0,31,88,36,90,30,88,12,12,3,5,8,2,0,31,91,36,92,30,91,12,12,3,5,8,2,0,31,93,36,94,30,93,12,12,3,5,8,2,0,31,88,36,90,30,88,12,12,3,5,8,2,0,31,82,36,85,30,82,12,12,3,5,8,2,0,31,88,36,91,30,88,12,12,3,5,8,2,0
7.437132,48.10714,22,70,20,70,20,70,9,9,4,1,1,2,0,22,70,25,62,20,70,14,9,4,1,1,2,0,31,88,36,91,30,88,12,12,3,5,8,2,0,31,93,36,94,30,93,12,12,3,5,8,2,0,31,93,36,94,30,93,12,12,3,5,8,2,0,31,91,36,93,30,91,12,12,3,5,8,2,0,31,93,36,95,30,93,12,12,3,5,8,2,0,31,96,36,96,30,96,12,12,3,5,8,2,0,31,96,36,97,30,96,12,12,3,5,8,2,0,31,96,36,97,30,96,12,12,3,5,8,2,0,31,97,36,98,30,97,12,12,3,5,8,2,0,31,98,36,98,30,98,12,12,3,5,8,2,0,31,96,36,96,30,96,12,12,3,5,8,2,0,31,94,36,95,30,94,12,12,3,5,8,2,0,31,90,36,92,30,90,12,12,3,5,8,2,0,31,88,36,90,30,88,12,12,3,5,8,2,0,31,91,36,92,30,91,12,12,3,5,8,2,0,31,93,36,94,30,93,12,12,3,5,8,2,0,31,88,36,90,30,88,12,12,3,5,8,2,0,31,82,36,85,30,82,12,12,3,5,8,2,0,31,88,36,91,30,88,12,12,3,5,8,2,0
7.437996,48.106457,22,71,25,62,20,71,14,9,4,1,1,2,0,31,83,36,86,30,83,12,12,1,6,7,2,0,31,88,36,91,30,88,12,12,3,5,8,2,0,31,93,36,95,30,93,12,12,3,5,8,2,0,31,93,36,94,30,93,12,12,3,5,8,2,0,31,92,36,93,30,92,12,12,3,5,8,2,0,31,91,36,91,30,91,12,12,3,5,8,2,0,31,91,36,93,30,91,12,12,3,5,8,2,0,31,92,36,93,30,92,12,12,3,5,8,2,0,31,94,36,95,30,94,12,12,3,5,8,2,0,31,97,36,97,30,97,12,12,3,5,8,2,0,31,97,36,97,30,97,12,12,3,5,8,2,0,31,94,36,94,30,94,12,12,3,5,8,2,0,31,95,36,96,30,95,12,12,3,5,8,2,0,31,92,36,93,30,92,12,12,3,5,8,2,0,31,89,36,91,30,89,12,12,3,5,8,2,0,31,90,36,91,30,90,12,12,3,5,8,2,0,31,94,36,95,30,94,12,12,3,5,8,2,0,31,91,36,92,30,91,12,12,3,5,8,2,0,31,93,36,93,30,93,12,12,3,5,8,2,0,31,97,36,97,30,97,12,12,3,5,8,2,0
7.531183,47.60046,22,66,9,90,20,66,13,13,10,8,9,2,0,22,81,9,99,20,81,13,13,10,8,9,2,0,22,89,9,99,20,89,13,13,10,8,9,2,0,22,91,9,99,20,91,13,13,10,8,9,2,0,22,94,9,99,20,94,13,13,10,8,9,2,0,22,94,9,99,20,94,13,13,10,8,9,2,0,22,96,9,99,20,96,13,13,10,8,9,2,0,22,98,9,99,20,98,13,13,10,8,9,2,0,22,98,9,99,20,98,13,13,10,8,9,2,0,22,95,9,99,20,95,13,13,10,8,9,2,0,22,98,9,99,20,98,13,13,10,8,9,2,0,22,94,9,99,20,94,13,13,10,8,9,2,0,22,98,9,99,20,98,13,13,10,8,9,2,0,22,99,9,99,20,99,13,13,10,8,9,2,0,22,98,9,99,20,98,13,13,10,8,9,2,0,22,97,9,99,20,97,13,13,10,8,9,2,0,22,91,9,99,20,91,13,13,10,8,9,2,0,22,82,9,99,20,82,13,13,10,8,9,2,0,22,88,9,99,20,88,13,13,10,8,9,2,0,22,83,9,99,20,83,13,13,10,8,9,2,0,22,82,9,99,20,82,13,13,10,8,9,2,0
7.531502,47.600624,22,66,9,90,20,66,13,13,10,8,9,2,0,22,81,9,99,20,81,13,13,10,8,9,2,0,22,89,9,99,20,89,13,13,10,8,9,2,0,22,91,9,99,20,91,13,13,10,8,9,2,0,22,94,9,99,20,94,13,13,10,8,9,2,0,22,94,9,99,20,94,13,13,10,8,9,2,0,22,96,9,99,20,96,13,13,10,8,9,2,0,22,98,9,99,20,98,13,13,10,8,9,2,0,22,98,9,99,20,98,13,13,10,8,9,2,0,22,95,9,99,20,95,13,13,10,8,9,2,0,22,98,9,99,20,98,13,13,10,8,9,2,0,22,94,9,99,20,94,13,13,10,8,9,2,0,22,98,9,99,20,98,13,13,10,8,9,2,0,22,99,9,99,20,99,13,13,10,8,9,2,0,22,98,9,99,20,98,13,13,10,8,9,2,0,22,97,9,99,20,97,13,13,10,8,9,2,0,22,91,9,99,20,91,13,13,10,8,9,2,0,22,82,9,99,20,82,13,13,10,8,9,2,0,22,88,9,99,20,88,13,13,10,8,9,2,0,22,83,9,99,20,83,13,13,10,8,9,2,0,22,82,9,99,20,82,13,13,10,8,9,2,0
8.740685,41.927715,32,69,9,70,30,69,13,13,10,8,9,2,0,32,79,9,66,30,79,13,13,10,8,9,2,0,32,76,9,53,30,76,13,13,10,8,9,2,0,32,79,9,,30,79,13,13,10,8,9,2,9,32,69,9,,30,69,13,13,10,8,9,2,9,1,52,9,,1,52,13,13,10,8,9,2,9,1,65,9,,1,65,13,13,10,8,9,2,9,1,77,9,,1,77,13,13,10,8,9,2,9,1,91,9,,1,91,13,13,10,8,9,2,9,1,94,9,,1,94,13,13,10,8,9,2,9,1,89,9,,1,89,13,13,10,8,9,2,9,1,87,9,,1,87,13,13,10,8,9,2,9,1,60,9,,1,60,13,13,10,8,9,2,9,1,63,9,,1,63,13,13,10,8,9,2,9,1,71,9,,1,71,13,13,10,8,9,2,9,1,60,9,,1,60,13,13,10,8,9,2,9,1,60,9,,1,60,13,13,10,8,9,2,9,32,76,9,,30,76,13,13,10,8,9,2,9,32,83,9,,30,83,13,13,10,8,9,2,9,32,85,9,,30,85,13,13,10,8,9,2,9,32,82,9,,30,82,13,13,10,8,9,2,9
8.790799,41.91959,32,63,9,,30,63,13,13,10,8,9,2,9,32,73,9,,30,73,13,13,10,8,9,2,9,31,81,9,,30,81,13,13,10,8,9,2,9,31,82,9,,30,82,13,13,10,8,9,2,9,31,87,9,,30,87,13,13,10,8,9,2,9,31,90,9,,30,90,13,13,10,8,9,2,9,31,90,9,,30,90,13,13,10,8,9,2,9,31,85,9,,30,85,13,13,10,8,9,2,9,31,87,9,,30,87,13,13,10,8,9,2,9,31,87,9,,30,87,13,13,10,8,9,2,9,31,89,9,,30,89,13,13,10,8,9,2,9,31,88,9,,30,88,13,13,10,8,9,2,9,31,83,9,,30,83,13,13,10,8,9,2,9,31,83,9,,30,83,13,13,10,8,9,2,9,31,85,9,,30,85,13,13,10,8,9,2,9,31,87,9,,30,87,13,13,10,8,9,2,9,31,89,9,,30,89,13,13,10,8,9,2,9,31,93,9,,30,93,13,13,10,8,9,2,9,31,89,9,,30,89,13,13,10,8,9,2,9,31,85,9,,30,85,13,13,10,8,9,2,9,31,86,9,,30,86,13,13,10,8,9,2,9
8.825725,42.209892,21,74,20,74,20,74,8,8,4,4,4,2,0,21,86,20,86,20,86,8,8,4,4,4,2,0,21,89,20,89,20,89,8,8,4,4,4,2,0,21,92,20,92,20,92,8,8,4,4,4,2,0,21,89,20,89,20,89,8,8,4,4,4,2,0,21,91,20,91,20,91,8,8,4,4,4,2,0,21,89,20,89,20,89,8,8,4,4,4,2,0,21,89,20,89,20,89,8,8,4,4,4,2,0,21,88,20,88,20,88,8,8,4,4,4,2,0,21,87,20,87,20,87,8,8,4,4,4,2,0,21,90,20,90,20,90,8,8,4,2,2,2,0,21,91,20,91,20,91,8,8,4,4,4,2,0,21,89,20,89,20,89,8,8,4,1,1,2,0,21,90,20,90,20,90,8,8,4,1,1,2,0,21,90,20,90,20,90,8,8,4,4,4,2,0,21,92,20,92,20,92,8,8,4,4,4,2,0,21,92,20,92,20,92,8,8,4,4,4,2,0,21,94,20,94,20,94,8,8,4,4,4,2,0,21,92,20,92,20,92,8,8,4,1,1,2,0,21,94,20,94,20,94,8,8,4,1,1,2,0,21,92,20,92,20,92,8,8,4,1,1,2,0
8.899113,41.675488,3,,3,,3,,17,0,0,0,0,1,4,3,,3,,3,,17,0,0,0,0,1,4,3,,3,,3,,17,0,0,0,0,1,4,3,,3,,3,,17,0,0,0,0,1,4,3,,3,,3,,17,0,0,0,0,1,4,3,,3,,3,,17,0,0,0,0,1,4,3,,3,,3,,17,0,0,0,0,1,4,3,,3,,3,,17,0,0,0,0,1,4,3,,3,,3,,17,0,0,0,0,1,4,3,,3,,3,,17,0,0,0,0,1,4,3,,3,,3,,17,0,0,0,0,1,4,3,,3,,3,,17,0,0,0,0,1,4,3,,3,,3,,17,0,0,0,0,1,4,3,,3,,3,,17,0,0,0,0,1,4,3,,3,,3,,17,0,0,0,0,1,4,3,,3,,3,,17,0,0,0,0,1,4,3,,3,,3,,17,0,0,0,0,1,4,3,,3,,3,,17,0,0,0,0,1,4,3,,3,,3,,17,0,0,0,0,1,4,3,,3,,3,,17,0,0,0,0,1,4,3,,3,,3,,17,0,0,0,0,1,4
8.909489,42.17559,21,77,20,77,20,77,8,8,4,2,2,2,0,21,89,20,89,20,89,8,8,4,2,2,2,0,21,89,20,89,20,89,8,8,4,2,2,2,0,21,86,20,86,20,86,8,8,4,2,2,2,0,21,85,20,85,20,85,8,8,4,2,2,2,0,21,90,20,90,20,90,8,8,4,2,2,2,0,21,90,20,90,20,90,8,8,4,2,2,2,0,21,87,20,87,20,87,8,8,4,2,2,2,0,21,91,20,91,20,91,8,8,4,2,2,2,0,21,86,20,86,20,86,8,8,4,2,2,2,0,21,89,20,89,20,89,8,8,4,2,2,2,0,21,90,20,90,20,90,8,8,4,2,2,2,0,21,90,20,90,20,90,8,8,4,2,2,2,0,21,91,20,91,20,91,8,8,4,2,2,2,0,21,92,20,92,20,92,8,8,4,2,2,2,0,21,92,20,92,20,92,8,8,4,2,2,2,0,21,90,20,90,20,90,8,8,4,2,2,2,0,21,92,20,92,20,92,8,8,4,2,2,2,0,21,87,20,87,20,87,8,8,4,2,2,2,0,21,90,20,90,20,90,8,8,4,2,2,2,0,21,83,20,83,20,83,8,8,4,2,2,2,0
8.909489,42.175591,21,77,20,77,20,77,8,8,4,2,2,2,0,21,89,20,89,20,89,8,8,4,2,2,2,0,21,89,20,89,20,89,8,8,4,2,2,2,0,21,86,20,86,20,86,8,8,4,2,2,2,0,21,85,20,85,20,85,8,8,4,2,2,2,0,21,90,20,90,20,90,8,8,4,2,2,2,0,21,90,20,90,20,90,8,8,4,2,2,2,0,21,87,20,87,20,87,8,8,4,2,2,2,0,21,91,20,91,20,91,8,8,4,2,2,2,0,21,86,20,86,20,86,8,8,4,2,2,2,0,21,89,20,89,20,89,8,8,4,2,2,2,0,21,90,20,90,20,90,8,8,4,2,2,2,0,21,90,20,90,20,90,8,8,4,2,2,2,0,21,91,20,91,20,91,8,8,4,2,2,2,0,21,92,20,92,20,92,8,8,4,2,2,2,0,21,92,20,92,20,92,8,8,4,2,2,2,0,21,90,20,90,20,90,8,8,4,2,2,2,0,21,92,20,92,20,92,8,8,4,2,2,2,0,21,87,20,87,20,87,8,8,4,2,2,2,0,21,90,20,90,20,90,8,8,4,2,2,2,0,21,83,20,83,20,83,8,8,4,2,2,2,0
8.932131,42.185955,21,85,20,85,20,85,8,8,4,2,2,2,0,21,93,20,93,20,93,8,8,4,2,2,2,0,21,92,20,92,20,92,8,8,4,2,2,2,0,21,91,20,91,20,91,8,8,4,2,2,2,0,21,93,20,93,20,93,8,8,4,2,2,2,0,21,92,20,92,20,92,8,8,4,2,2,2,0,21,91,20,91,20,91,8,8,4,2,2,2,0,21,86,20,86,20,86,8,8,4,2,2,2,0,21,88,20,88,20,88,8,8,4,2,2,2,0,21,90,20,90,20,90,8,8,4,2,2,2,0,21,85,20,85,20,85,8,8,4,2,2,2,0,21,87,20,87,20,87,8,8,4,2,2,2,0,12,84,10,78,10,78,2,2,5,2,2,2,0,12,88,10,84,10,84,2,2,5,2,2,2,0,12,85,10,79,10,79,2,2,5,2,2,2,0,12,89,10,84,10,84,2,2,5,2,2,2,0,12,83,10,76,10,76,2,2,5,2,2,2,0,12,88,10,85,10,85,2,2,5,2,2,2,0,12,89,10,84,10,84,2,2,5,2,2,2,0,12,82,10,75,10,75,2,2,5,2,2,2,0,12,92,10,88,10,88,2,2,5,2,2,2,0
8.948407,42.168465,11,69,10,78,10,78,1,1,7,1,1,2,0,11,77,10,78,10,78,1,1,7,1,1,2,0,11,81,10,74,10,74,1,1,7,1,1,2,0,21,74,20,74,20,74,8,8,4,1,1,2,0,21,74,20,74,20,74,8,8,4,1,1,2,0,21,78,20,78,20,78,8,8,4,1,1,2,0,21,76,20,76,20,76,8,8,4,1,1,2,0,21,75,20,75,20,75,8,8,4,1,1,2,0,11,85,10,78,10,78,1,1,7,1,1,2,0,11,86,10,82,10,82,1,1,7,1,1,2,0,11,87,10,82,10,82,1,1,7,1,1,2,0,11,82,10,78,10,78,1,1,7,1,1,2,0,11,87,10,82,10,82,1,1,7,1,1,2,0,11,88,10,84,10,84,1,1,7,1,1,2,0,11,92,10,89,10,89,1,1,7,1,1,2,0,11,94,10,93,10,93,1,1,7,1,1,2,0,11,92,10,90,10,90,1,1,7,1,1,2,0,11,90,10,89,10,89,1,1,7,1,1,2,0,11,89,10,85,10,85,1,1,7,1,1,2,0,11,85,10,81,10,81,1,1,7,1,1,2,0,11,84,10,79,10,79,1,1,7,1,1,2,0
9.103888,41.944145,21,69,20,69,20,69,8,8,4,2,2,2,0,22,70,20,70,20,70,9,9,4,2,2,2,0,22,76,20,76,20,76,9,9,4,2,2,2,0,22,75,20,75,20,75,9,9,4,2,2,2,0,22,76,20,76,20,76,9,9,4,2,2,2,0,22,76,20,76,20,76,9,9,4,2,2,2,0,22,79,20,79,20,79,9,9,4,2,2,2,0,22,80,20,80,20,80,9,9,4,2,2,2,0,22,76,20,76,20,76,9,9,4,2,2,2,0,21,82,20,82,20,82,8,8,4,2,2,2,0,21,83,20,83,20,83,8,8,4,2,2,2,0,21,82,20,82,20,82,8,8,4,2,2,2,0,21,83,20,83,20,83,8,8,4,2,2,2,0,21,82,20,82,20,82,8,8,4,2,2,2,0,21,81,20,81,20,81,8,8,4,2,2,2,0,21,78,20,78,20,78,8,8,4,1,1,2,0,21,79,20,79,20,79,8,8,4,1,1,2,0,21,84,20,84,20,84,8,8,4,1,1,2,0,21,85,20,85,20,85,8,8,4,2,2,2,0,21,88,20,88,20,88,8,8,4,2,2,2,0,21,87,20,87,20,87,8,8,4,2,2,2,0
9.111939,42.111725,21,70,20,70,20,70,8,8,4,1,1,2,0,21,78,20,78,20,78,8,8,4,4,4,2,0,21,76,20,76,20,76,8,8,4,4,4,2,0,21,78,20,78,20,78,8,8,4,4,4,2,0,21,73,20,73,20,73,8,8,4,4,4,2,0,21,71,20,71,20,71,8,8,4,4,4,2,0,21,76,20,76,20,76,8,8,4,4,4,2,0,21,77,20,77,20,77,8,8,4,4,4,2,0,21,72,20,72,20,72,8,8,4,4,4,2,0,21,72,20,72,20,72,8,8,4,4,4,2,0,21,73,20,73,20,73,8,8,4,4,4,2,0,21,76,20,76,20,76,8,8,4,4,4,2,0,21,73,20,73,20,73,8,8,4,4,4,2,0,21,77,20,77,20,77,8,8,4,4,4,2,0,21,75,20,75,20,75,8,8,4,4,4,2,0,21,81,20,81,20,81,8,8,4,4,4,2,0,21,86,20,86,20,86,8,8,4,4,4,2,0,21,92,20,92,20,92,8,8,4,4,4,2,0,21,92,20,92,20,92,8,8,4,4,4,2,0,21,93,20,93,20,93,8,8,4,4,4,2,0,21,83,20,83,20,83,8,8,4,4,4,2,0
9.118832,42.113583,15,82,10,91,10,91,5,5,6,4,4,2,0,15,95,10,98,10,98,5,5,6,4,4,2,0,15,91,10,90,10,90,5,5,6,4,4,2,0,15,93,10,92,10,92,5,5,6,4,4,2,0,15,86,10,83,10,83,5,5,6,4,4,2,0,15,89,10,89,10,89,5,5,6,4,4,2,0,15,90,10,88,10,88,5,5,6,4,4,2,0,15,94,10,95,10,95,5,5,6,4,4,2,0,15,89,10,87,10,87,5,5,6,4,4,2,0,15,88,10,85,10,85,5,5,6,4,4,2,0,15,89,10,86,10,86,5,5,6,4,4,2,0,15,82,10,76,10,76,5,5,6,4,4,2,0,21,78,20,78,20,78,8,8,4,4,4,2,0,15,85,10,80,10,80,5,5,6,4,4,2,0,15,84,10,80,10,80,5,5,6,4,4,2,0,15,93,10,91,10,91,5,5,6,4,4,2,0,15,90,10,87,10,87,5,5,6,4,4,2,0,15,89,10,85,10,85,5,5,6,4,4,2,0,15,95,10,96,10,96,5,5,6,4,4,2,0,15,93,10,92,10,92,5,5,6,4,4,2,0,15,86,10,83,10,83,5,5,6,4,4,2,0
9.123001,41.941761,21,86,20,86,20,86,8,8,4,2,2,2,0,21,94,20,94,20,94,8,8,4,2,2,2,0,21,96,20,96,20,96,8,8,4,2,2,2,0,21,96,20,96,20,96,8,8,4,2,2,2,0,21,96,20,96,20,96,8,8,4,2,2,2,0,21,97,20,97,20,97,8,8,4,2,2,2,0,21,95,20,95,20,95,8,8,4,2,2,2,0,21,97,20,97,20,97,8,8,4,2,2,2,0,21,97,20,97,20,97,8,8,4,2,2,2,0,21,96,20,96,20,96,8,8,4,2,2,2,0,21,97,20,97,20,97,8,8,4,2,2,2,0,21,96,20,96,20,96,8,8,4,2,2,2,0,21,96,20,96,20,96,8,8,4,2,2,2,0,21,95,20,95,20,95,8,8,4,2,2,2,0,21,95,20,95,20,95,8,8,4,2,2,2,0,21,94,20,94,20,94,8,8,4,2,2,2,0,21,94,20,94,20,94,8,8,4,2,2,2,0,21,95,20,95,20,95,8,8,4,2,2,2,0,21,94,20,94,20,94,8,8,4,2,2,2,0,21,96,20,96,20,96,8,8,4,2,2,2,0,21,93,20,93,20,93,8,8,4,2,2,2,0
9.134431,42.129044,15,84,10,86,10,86,5,5,7,1,1,2,0,15,99,10,99,10,99,5,5,7,1,1,2,0,15,95,10,94,10,94,5,5,7,1,1,2,0,15,95,10,95,10,95,5,5,7,1,1,2,0,15,93,10,91,10,91,5,5,7,1,1,2,0,15,98,10,98,10,98,5,5,7,1,1,2,0,15,95,10,94,10,94,5,5,7,1,1,2,0,15,96,10,95,10,95,5,5,7,1,1,2,0,15,98,10,98,10,98,5,5,7,1,1,2,0,15,98,10,99,10,99,5,5,7,1,1,2,0,15,98,10,99,10,99,5,5,7,1,1,2,0,15,98,10,98,10,98,5,5,7,1,1,2,0,15,95,10,94,10,94,5,5,7,1,1,2,0,15,99,10,99,10,99,5,5,7,1,1,2,0,15,98,10,98,10,98,5,5,7,1,1,2,0,15,99,10,99,10,99,5,5,7,1,1,2,0,15,96,10,94,10,94,5,5,7,1,1,2,0,15,98,10,98,10,98,5,5,7,1,1,2,0,15,99,10,99,10,99,5,5,7,1,1,2,0,15,99,10,99,10,99,5,5,7,1,1,2,0,15,99,10,99,10,99,5,5,7,1,1,2,0
9.146378,41.952316,21,84,20,84,20,84,8,8,4,2,2,2,0,21,90,20,90,20,90,8,8,4,2,2,2,0,21,88,20,88,20,88,8,8,4,1,1,2,0,21,81,20,81,20,81,8,8,4,2,2,2,0,21,83,20,83,20,83,8,8,4,2,2,2,0,21,82,20,82,20,82,8,8,4,2,2,2,0,21,82,20,82,20,82,8,8,4,2,2,2,0,21,85,20,85,20,85,8,8,4,2,2,2,0,21,85,20,85,20,85,8,8,4,2,2,2,0,21,93,20,93,20,93,8,8,4,2,2,2,0,21,92,20,92,20,92,8,8,4,2,2,2,0,21,92,20,92,20,92,8,8,4,2,2,2,0,21,93,20,93,20,93,8,8,4,2,2,2,0,21,93,20,93,20,93,8,8,4,2,2,2,0,21,91,20,91,20,91,8,8,4,2,2,2,0,21,92,20,92,20,92,8,8,4,2,2,2,0,21,88,20,88,20,88,8,8,4,2,2,2,0,21,92,20,92,20,92,8,8,4,2,2,2,0,21,91,20,91,20,91,8,8,4,2,2,2,0,21,94,20,94,20,94,8,8,4,2,2,2,0,21,94,20,94,20,94,8,8,4,2,2,2,0
9.149001,42.302113,21,72,9,,20,72,13,13,10,8,9,2,9,21,82,9,,20,82,13,13,10,8,9,2,9,21,90,9,,20,90,13,13,10,8,9,2,9,21,92,9,,20,92,13,13,10,8,9,2,9,21,94,9,,20,94,13,13,10,8,9,2,9,21,92,9,,20,92,13,13,10,8,9,2,9,21,93,9,,20,93,13,13,10,8,9,2,9,21,94,9,,20,94,13,13,10,8,9,2,9,21,94,9,,20,94,13,13,10,8,9,2,9,21,93,9,,20,93,13,13,10,8,9,2,9,21,94,9,,20,94,13,13,10,8,9,2,9,21,94,9,,20,94,13,13,10,8,9,2,9,21,90,9,,20,90,13,13,10,8,9,2,9,21,89,9,,20,89,13,13,10,8,9,2,9,21,91,9,,20,91,13,13,10,8,9,2,9,21,91,9,,20,91,13,13,10,8,9,2,9,21,91,9,,20,91,13,13,10,8,9,2,9,21,93,9,,20,93,13,13,10,8,9,2,9,21,90,9,,20,90,13,13,10,8,9,2,9,21,88,9,,20,88,13,13,10,8,9,2,9,21,89,9,,20,89,13,13,10,8,9,2,9
9.149258,42.148292,15,84,10,89,10,89,5,5,7,1,1,2,0,15,94,10,95,10,95,5,5,7,1,1,2,0,15,95,10,94,10,94,5,5,7,1,1,2,0,15,95,10,94,10,94,5,5,7,1,1,2,0,15,92,10,89,10,89,5,5,7,1,1,2,0,15,96,10,95,10,95,5,5,7,1,1,2,0,15,96,10,96,10,96,5,5,7,1,1,2,0,15,97,10,97,10,97,5,5,7,1,1,2,0,15,98,10,98,10,98,5,5,7,1,1,2,0,15,98,10,98,10,98,5,5,7,1,1,2,0,15,98,10,98,10,98,5,5,7,1,1,2,0,15,98,10,98,10,98,5,5,7,1,1,2,0,15,99,10,99,10,99,5,5,7,1,1,2,0,15,98,10,98,10,98,5,5,7,1,1,2,0,15,98,10,98,10,98,5,5,7,1,1,2,0,15,98,10,99,10,99,5,5,7,1,1,2,0,15,98,10,98,10,98,5,5,7,1,1,2,0,15,98,10,98,10,98,5,5,7,1,1,2,0,15,99,10,99,10,99,5,5,7,1,1,2,0,15,99,10,99,10,99,5,5,7,1,1,2,0,15,99,10,99,10,99,5,5,7,1,1,2,0
9.159466,41.388584,21,73,20,73,20,73,8,8,4,1,1,2,0,21,81,20,81,20,81,8,8,4,1,1,2,0,21,86,20,86,20,86,8,8,4,1,1,2,0,21,82,20,82,20,82,8,8,4,1,1,2,0,21,87,20,87,20,87,8,8,4,1,1,2,0,21,91,20,91,20,91,8,8,4,1,1,2,0,21,89,20,89,20,89,8,8,4,1,1,2,0,21,86,20,86,20,86,8,8,4,1,1,2,0,21,88,20,88,20,88,8,8,4,1,1,2,0,21,83,20,83,20,83,8,8,4,1,1,2,0,21,84,20,84,20,84,8,8,4,1,1,2,0,21,87,20,87,20,87,8,8,4,1,1,2,0,21,85,20,85,20,85,8,8,4,1,1,2,0,21,79,20,79,20,79,8,8,4,1,1,2,0,21,77,20,77,20,77,8,8,4,1,1,2,0,21,75,20,75,20,75,8,8,4,1,1,2,0,22,76,20,76,20,76,9,9,4,1,1,2,0,22,75,20,75,20,75,9,9,4,1,1,2,0,21,82,20,82,20,82,8,8,4,1,1,2,0,21,79,20,79,20,79,8,8,4,1,1,2,0,22,83,20,83,20,83,9,9,4,1,1,2,0
9.166298,42.169533,21,81,20,81,20,81,8,8,4,1,1,2,0,21,85,20,85,20,85,8,8,4,1,1,2,0,21,85,20,85,20,85,8,8,4,1,1,2,0,21,79,20,79,20,79,8,8,4,1,1,2,0,21,76,20,76,20,76,8,8,4,1,1,2,0,21,74,20,74,20,74,8,8,4,1,1,2,0,11,83,10,80,10,80,1,1,7,1,1,2,0,11,87,10,90,10,90,1,1,7,1,1,2,0,11,91,10,92,10,92,1,1,7,1,1,2,0,11,88,10,94,10,94,1,1,7,1,1,2,0,11,88,10,92,10,92,1,1,7,1,1,2,0,11,88,10,90,10,90,1,1,7,1,1,2,0,11,86,10,90,10,90,1,1,7,1,1,2,0,11,84,10,86,10,86,1,1,7,1,1,2,0,11,86,10,88,10,88,1,1,7,1,1,2,0,11,90,10,91,10,91,1,1,7,1,1,2,0,11,91,10,92,10,92,1,1,7,1,1,2,0,11,89,10,95,10,95,1,1,7,1,1,2,0,11,86,10,97,10,97,1,1,7,1,1,2,0,15,83,10,97,10,97,5,5,7,1,1,2,0,15,86,10,98,10,98,5,5,7,1,1,2,0
9.171993,42.238888,21,71,20,71,20,71,8,8,4,2,2,2,0,21,78,20,78,20,78,8,8,4,2,2,2,0,21,80,20,80,20,80,8,8,4,1,1,2,0,21,87,20,87,20,87,8,8,4,1,1,2,0,21,84,20,84,20,84,8,8,4,1,1,2,0,21,85,20,85,20,85,8,8,4,1,1,2,0,21,76,20,76,20,76,8,8,4,1,1,2,0,21,81,20,81,20,81,8,8,4,1,1,2,0,21,79,20,79,20,79,8,8,4,1,1,2,0,21,90,20,90,20,90,8,8,4,1,1,2,0,21,86,20,86,20,86,8,8,4,1,1,2,0,21,85,20,85,20,85,8,8,4,1,1,2,0,21,89,20,89,20,89,8,8,4,1,1,2,0,21,94,20,94,20,94,8,8,4,1,1,2,0,21,90,20,90,20,90,8,8,4,1,1,2,0,21,92,20,92,20,92,8,8,4,1,1,2,0,21,88,20,88,20,88,8,8,4,1,1,2,0,21,91,20,91,20,91,8,8,4,1,1,2,0,21,90,20,90,20,90,8,8,4,1,1,2,0,21,93,20,93,20,93,8,8,4,1,1,2,0,21,93,20,93,20,93,8,8,4,1,1,2,0
9.172567,41.969418,21,72,20,72,20,72,8,8,4,1,1,2,0,21,83,20,83,20,83,8,8,4,1,1,2,0,21,90,20,90,20,90,8,8,4,1,1,2,0,21,89,20,89,20,89,8,8,4,1,1,2,0,21,85,20,85,20,85,8,8,4,1,1,2,0,21,89,20,89,20,89,8,8,4,1,1,2,0,21,87,20,87,20,87,8,8,4,1,1,2,0,21,86,20,86,20,86,8,8,4,1,1,2,0,21,87,20,87,20,87,8,8,4,1,1,2,0,21,88,20,88,20,88,8,8,4,1,1,2,0,21,87,20,87,20,87,8,8,4,1,1,2,0,21,90,20,90,20,90,8,8,4,1,1,2,0,21,86,20,86,20,86,8,8,4,1,1,2,0,21,85,20,85,20,85,8,8,4,1,1,2,0,21,84,20,84,20,84,8,8,4,1,1,2,0,21,83,20,83,20,83,8,8,4,1,1,2,0,21,86,20,86,20,86,8,8,4,1,1,2,0,21,91,20,91,20,91,8,8,4,1,1,2,0,21,90,20,90,20,90,8,8,4,1,1,2,0,21,93,20,93,20,93,8,8,4,1,1,2,0,21,92,20,92,20,92,8,8,4,1,1,2,0
9.191604,42.380814,21,67,20,67,20,67,8,8,4,1,1,2,0,21,74,20,74,20,74,8,8,4,1,1,2,0,21,83,20,83,20,83,8,8,4,1,1,2,0,21,87,20,87,20,87,8,8,4,1,1,2,0,21,91,20,91,20,91,8,8,4,1,1,2,0,21,91,20,91,20,91,8,8,4,1,1,2,0,21,90,20,90,20,90,8,8,4,1,1,2,0,21,90,20,90,20,90,8,8,4,1,1,2,0,21,90,20,90,20,90,8,8,4,1,1,2,0,21,88,20,88,20,88,8,8,4,1,1,2,0,21,83,20,83,20,83,8,8,4,1,1,2,0,21,79,20,79,20,79,8,8,4,1,1,2,0,21,81,20,81,20,81,8,8,4,1,1,2,0,21,82,20,82,20,82,8,8,4,1,1,2,0,21,87,20,87,20,87,8,8,4,1,1,2,0,21,88,20,88,20,88,8,8,4,1,1,2,0,21,81,20,81,20,81,8,8,4,1,1,2,0,21,81,20,81,20,81,8,8,4,1,1,2,0,21,82,20,82,20,82,8,8,4,1,1,2,0,21,84,20,84,20,84,8,8,4,1,1,2,0,21,85,20,85,20,85,8,8,4,1,1,2,0
9.191661,42.398884,21,71,20,71,20,71,8,8,4,1,1,2,0,21,81,20,81,20,81,8,8,4,1,1,2,0,21,88,20,88,20,88,8,8,4,1,1,2,0,21,91,20,91,20,91,8,8,4,1,1,2,0,21,88,20,88,20,88,8,8,4,1,1,2,0,21,93,20,93,20,93,8,8,4,1,1,2,0,21,92,20,92,20,92,8,8,4,1,1,2,0,21,94,20,94,20,94,8,8,4,1,1,2,0,21,94,20,94,20,94,8,8,4,1,1,2,0,21,93,20,93,20,93,8,8,4,1,1,2,0,21,87,20,87,20,87,8,8,4,1,1,2,0,21,87,20,87,20,87,8,8,4,1,1,2,0,21,93,20,93,20,93,8,8,4,1,1,2,0,21,94,20,94,20,94,8,8,4,1,1,2,0,21,95,20,95,20,95,8,8,4,1,1,2,0,21,95,20,95,20,95,8,8,4,1,1,2,0,21,93,20,93,20,93,8,8,4,1,1,2,0,21,93,20,93,20,93,8,8,4,1,1,2,0,21,92,20,92,20,92,8,8,4,1,1,2,0,21,93,20,93,20,93,8,8,4,1,1,2,0,21,93,20,93,20,93,8,8,4,1,1,2,0
9.206088,42.461807,21,67,20,67,20,67,8,8,4,1,1,2,0,21,70,20,70,20,70,8,8,4,1,1,2,0,21,72,20,72,20,72,8,8,4,1,1,2,0,21,75,20,75,20,75,8,8,4,1,1,2,0,21,76,20,76,20,76,8,8,4,1,1,2,0,22,76,20,76,20,76,9,9,4,1,1,2,0,22,79,20,79,20,79,9,9,4,1,1,2,0,22,76,20,76,20,76,9,9,4,1,1,2,0,21,74,20,74,20,74,8,8,4,1,1,2,0,21,72,20,72,20,72,8,8,4,1,1,2,0,22,78,20,78,20,78,9,9,4,1,1,2,0,21,74,20,74,20,74,8,8,4,1,1,2,0,21,71,20,71,20,71,8,8,4,1,1,2,0,22,71,20,71,20,71,9,9,4,1,1,2,0,21,81,20,81,20,81,8,8,4,1,1,2,0,21,78,20,78,20,78,8,8,4,1,1,2,0,22,78,20,78,20,78,9,9,4,1,1,2,0,22,74,20,74,20,74,9,9,4,1,1,2,0,21,77,20,77,20,77,8,8,4,1,1,2,0,21,82,20,82,20,82,8,8,4,1,1,2,0,21,80,20,80,20,80,8,8,4,1,1,2,0
9.260166,42.362144,21,70,20,70,20,70,8,8,4,1,1,2,0,21,78,20,78,20,78,8,8,4,1,1,2,0,21,82,20,82,20,82,8,8,4,1,1,2,0,21,85,20,85,20,85,8,8,4,1,1,2,0,21,85,20,85,20,85,8,8,4,1,1,2,0,21,87,20,87,20,87,8,8,4,1,1,2,0,21,83,20,83,20,83,8,8,4,1,1,2,0,21,87,20,87,20,87,8,8,4,1,1,2,0,21,83,20,83,20,83,8,8,4,1,1,2,0,21,79,20,79,20,79,8,8,4,1,1,2,0,21,83,20,83,20,83,8,8,4,1,1,2,0,21,86,20,86,20,86,8,8,4,1,1,2,0,21,81,20,81,20,81,8,8,4,1,1,2,0,21,82,20,82,20,82,8,8,4,1,1,2,0,21,82,20,82,20,82,8,8,4,1,1,2,0,21,79,20,79,20,79,8,8,4,1,1,2,0,21,80,20,80,20,80,8,8,4,1,1,2,0,21,85,20,85,20,85,8,8,4,1,1,2,0,21,84,20,84,20,84,8,8,4,1,1,2,0,21,85,20,85,20,85,8,8,4,1,1,2,0,21,84,20,84,20,84,8,8,4,1,1,2,0
9.261624,42.361763,21,70,20,70,20,70,8,8,4,1,1,2,0,21,78,20,78,20,78,8,8,4,1,1,2,0,21,82,20,82,20,82,8,8,4,1,1,2,0,21,85,20,85,20,85,8,8,4,1,1,2,0,21,85,20,85,20,85,8,8,4,1,1,2,0,21,87,20,87,20,87,8,8,4,1,1,2,0,21,83,20,83,20,83,8,8,4,1,1,2,0,21,87,20,87,20,87,8,8,4,1,1,2,0,21,83,20,83,20,83,8,8,4,1,1,2,0,21,79,20,79,20,79,8,8,4,1,1,2,0,21,83,20,83,20,83,8,8,4,1,1,2,0,21,86,20,86,20,86,8,8,4,1,1,2,0,21,81,20,81,20,81,8,8,4,1,1,2,0,21,82,20,82,20,82,8,8,4,1,1,2,0,21,82,20,82,20,82,8,8,4,1,1,2,0,21,79,20,79,20,79,8,8,4,1,1,2,0,21,80,20,80,20,80,8,8,4,1,1,2,0,21,85,20,85,20,85,8,8,4,1,1,2,0,21,84,20,84,20,84,8,8,4,1,1,2,0,21,85,20,85,20,85,8,8,4,1,1,2,0,21,84,20,84,20,84,8,8,4,1,1,2,0
9.270995,42.37281,15,65,10,75,10,75,5,5,7,1,1,2,0,15,73,10,84,10,84,5,5,7,1,1,2,0,11,80,10,86,10,86,1,1,7,1,1,2,0,11,85,10,91,10,91,1,1,7,1,1,2,0,11,76,10,85,10,85,1,1,7,1,1,2,0,11,86,10,91,10,91,1,1,7,1,1,2,0,11,93,10,93,10,93,1,1,7,1,1,2,0,11,93,10,94,10,94,1,1,7,1,1,2,0,11,94,10,95,10,95,1,1,7,1,1,2,0,11,93,10,97,10,97,1,1,7,1,1,2,0,11,89,10,93,10,93,1,1,7,1,1,2,0,11,87,10,94,10,94,1,1,7,1,1,2,0,11,86,10,95,10,95,1,1,7,1,1,2,0,11,86,10,94,10,94,1,1,7,1,1,2,0,11,92,10,95,10,95,1,1,7,1,1,2,0,11,94,10,96,10,96,1,1,7,1,1,2,0,11,94,10,93,10,93,1,1,7,1,1,2,0,11,93,10,96,10,96,1,1,7,1,1,2,0,11,91,10,96,10,96,1,1,7,1,1,2,0,11,89,10,97,10,97,1,1,7,1,1,2,0,11,88,10,96,10,96,1,1,7,1,1,2,0
9.278186,42.479355,31,73,30,73,30,73,10,10,1,6,6,2,0,31,78,30,78,30,78,10,10,1,6,6,2,0,22,69,20,69,20,69,9,9,4,1,1,2,0,22,75,20,75,20,75,9,9,4,1,1,2,0,22,76,20,76,20,76,9,9,4,1,1,2,0,22,75,20,75,20,75,9,9,4,1,1,2,0,22,75,20,75,20,75,9,9,4,1,1,2,0,22,78,20,78,20,78,9,9,4,1,1,2,0,22,86,20,86,20,86,9,9,4,1,1,2,0,22,90,20,90,20,90,9,9,4,1,1,2,0,22,86,20,86,20,86,9,9,4,1,1,2,0,22,90,20,90,20,90,9,9,4,1,1,2,0,22,90,20,90,20,90,9,9,4,1,1,2,0,22,87,20,87,20,87,9,9,4,1,1,2,0,22,85,20,85,20,85,9,9,4,1,1,2,0,22,82,20,82,20,82,9,9,4,1,1,2,0,22,81,20,81,20,81,9,9,4,1,1,2,0,22,89,20,89,20,89,9,9,4,1,1,2,0,22,92,20,92,20,92,9,9,4,1,1,2,0,22,94,20,94,20,94,9,9,4,1,1,2,0,22,87,20,87,20,87,9,9,4,1,1,2,0
9.374616,42.508331,21,69,20,69,20,69,8,8,4,1,1,2,0,11,68,10,76,10,76,1,1,7,1,1,2,0,11,81,10,77,10,77,1,1,7,1,1,2,0,11,82,10,82,10,82,1,1,7,1,1,2,0,11,86,10,86,10,86,1,1,7,1,1,2,0,11,89,10,87,10,87,1,1,7,1,1,2,0,11,89,10,86,10,86,1,1,7,1,1,2,0,11,89,10,87,10,87,1,1,7,1,1,2,0,11,90,10,89,10,89,1,1,7,1,1,2,0,11,91,10,91,10,91,1,1,7,1,1,2,0,11,90,10,90,10,90,1,1,7,1,1,2,0,11,90,10,89,10,89,1,1,7,1,1,2,0,11,93,10,93,10,93,1,1,7,1,1,2,0,11,92,10,92,10,92,1,1,7,1,1,2,0,11,92,10,90,10,90,1,1,7,1,1,2,0,11,92,10,90,10,90,1,1,7,1,1,2,0,11,89,10,86,10,86,1,1,7,1,1,2,0,11,88,10,86,10,86,1,1,7,1,1,2,0,11,88,10,86,10,86,1,1,7,1,1,2,0,11,83,10,81,10,81,1,1,7,1,1,2,0,11,81,10,75,10,75,1,1,7,1,1,2,0
9.453525,42.70647,1,64,9,45,1,64,13,13,10,8,9,2,0,1,66,9,,1,66,13,13,10,8,9,2,9,1,73,9,,1,73,13,13,10,8,9,2,9,1,71,9,,1,71,13,13,10,8,9,2,9,1,73,9,,1,73,13,13,10,8,9,2,9,1,78,9,,1,78,13,13,10,8,9,2,9,1,82,9,,1,82,13,13,10,8,9,2,9,1,85,9,,1,85,13,13,10,8,9,2,9,1,81,9,,1,81,13,13,10,8,9,2,9,1,84,9,,1,84,13,13,10,8,9,2,9,1,60,9,,1,60,13,13,10,8,9,2,9,32,76,9,,50,76,13,13,10,8,9,2,9,32,79,9,,50,79,13,13,10,8,9,2,9,32,79,9,,50,78,13,13,10,8,9,2,9,32,80,9,,50,80,13,13,10,8,9,2,9,32,78,9,,50,79,13,13,10,8,9,2,9,32,74,9,,50,75,13,13,10,8,9,2,9,32,75,9,,50,75,13,13,10,8,9,2,9,32,73,9,,50,73,13,13,10,8,9,2,9,32,73,9,,50,73,13,13,10,8,9,2,9,32,69,9,,50,69,13,13,10,8,9,2,9
9.453525,42.706471,1,64,9,45,1,64,13,13,10,8,9,2,0,1,66,9,,1,66,13,13,10,8,9,2,9,1,73,9,,1,73,13,13,10,8,9,2,9,1,71,9,,1,71,13,13,10,8,9,2,9,1,73,9,,1,73,13,13,10,8,9,2,9,1,78,9,,1,78,13,13,10,8,9,2,9,1,82,9,,1,82,13,13,10,8,9,2,9,1,85,9,,1,85,13,13,10,8,9,2,9,1,81,9,,1,81,13,13,10,8,9,2,9,1,84,9,,1,84,13,13,10,8,9,2,9,1,60,9,,1,60,13,13,10,8,9,2,9,32,76,9,,50,76,13,13,10,8,9,2,9,32,79,9,,50,79,13,13,10,8,9,2,9,32,79,9,,50,78,13,13,10,8,9,2,9,32,80,9,,50,80,13,13,10,8,9,2,9,32,78,9,,50,79,13,13,10,8,9,2,9,32,74,9,,50,75,13,13,10,8,9,2,9,32,75,9,,50,75,13,13,10,8,9,2,9,32,73,9,,50,73,13,13,10,8,9,2,9,32,73,9,,50,73,13,13,10,8,9,2,9,32,69,9,,50,69,13,13,10,8,9,2,9
9.475703,42.549198,22,69,20,69,20,69,9,9,4,4,4,2,0,22,86,20,86,20,86,9,9,4,1,1,2,0,22,92,20,92,20,92,9,9,4,1,1,2,0,22,86,20,86,20,86,9,9,4,1,1,2,0,22,89,20,89,20,89,9,9,4,1,1,2,0,22,92,20,92,20,92,9,9,4,1,1,2,0,22,86,20,86,20,86,9,9,4,1,1,2,0,22,87,20,87,20,87,9,9,4,1,1,2,0,22,85,20,85,20,85,9,9,4,1,1,2,0,22,79,20,79,20,79,9,9,4,1,1,2,0,31,82,36,83,30,82,12,12,1,6,7,2,0,31,87,36,86,30,87,12,12,1,6,7,2,0,31,93,36,93,30,93,12,12,1,6,7,2,0,31,94,36,92,30,94,12,12,1,6,7,2,0,31,92,36,88,30,92,12,12,1,6,7,2,0,31,90,36,87,30,90,12,12,1,6,7,2,0,31,92,36,91,30,92,12,12,1,6,7,2,0,31,86,30,86,30,86,10,10,1,6,6,2,0,22,86,20,86,20,86,9,9,4,1,1,2,0,22,95,20,95,20,95,9,9,4,1,1,2,0,22,93,20,93,20,93,9,9,4,1,1,2,0
