Date,Location,GPS,Culex sp.,Aedes,Anopheles,Total,y,x,dt_placement
2022-05-13,Rit ispod mosta,N44 52.581 E20 37.879,83,76,16,175,44.87635,20.6313166666667,2022-04-28
2022-05-13,Karaula,N44 53.400 E20 38.100,74,34,18,126,44.89,20.635,2022-04-28
2022-05-13,Jabuka ,N44 56.830 E20 36.110,175,265,28,468,44.9471666666667,20.6018333333333,2022-04-28
2022-05-13,Glogonj,N44 59 017 E20 31.365,65,82,12,159,44.9836166666667,20.52275,2022-04-28
2022-05-13,Ka?arevo ,N44 57.748 E20 42.773,52,85,5,142,44.9624666666667,20.7128833333333,2022-04-28
2022-05-13,Banatsko Novo Selo,N44 59.253 E20 46.888,12,5,1,18,44.98755,20.7814666666667,2022-04-28
2022-05-13,Pan?evo Nadel,N44 53.741 E20 40.850,318,7,3,328,44.8956833333333,20.6808333333333,2022-04-28
2022-05-13,Kudeljarski nasip Roda,N44 53.470 E20 40.109,84,12,1,97,44.8911666666667,20.6684833333333,2022-04-28
2022-05-13,SC na Misi,N44 52.860 E20 39.614,2,53,0,55,44.881,20.6602333333333,2022-04-28
2022-05-13,Valjevska ulica,N44 53.051 E20 38.538,18,56,7,81,44.8841833333333,20.6423,2022-04-28
2022-05-13,Brodoremont,N44 51.390 E20 38.367,14,16,3,33,44.8565,20.63945,2022-04-28
2022-05-13,Bolnica,N44 52.040 E20 39.165,32,4,2,38,44.8673333333333,20.65275,2022-04-28
2022-05-13,Fabrika stakla,N44 51.385 E20 39.450,56,8,8,72,44.8564166666667,20.6575,2022-04-28
2022-05-13,Vojlovica,N44 50.670 E20 40.240,38,3,0,41,44.8445,20.6706666666667,2022-04-28
2022-05-13,Star?evo,"N44 48,375 E20 42.362",12,5,0,17,44.80625,20.7060333333333,2022-04-28
2022-05-13,Omoljica,N44 45.190 E20 44.360,52,12,7,71,44.7531666666667,20.7393333333333,2022-04-28
2022-05-13,Ivanovo,N44 44.055 E20 42.140,32,22,22,76,44.73425,20.7023333333333,2022-04-28
2022-05-13,Banatski Brestovac,N44 43.565 E20 48.308,20,3,0,23,44.7260833333333,20.8051333333333,2022-04-28
2022-05-13,Stari Tami,N44 52.140 E20 45.818,42,15,4,61,44.869,20.7636333333333,2022-04-28
2022-05-13,Dolovo,N44 54.215 E20 52.885,13,8,0,21,44.9035833333333,20.8814166666667,2022-04-28
2022-05-21,Rit ispod mosta,N44 52.581 E20 37.879,20,12,1,33,44.87635,20.6313166666667,2022-05-06
2022-05-21,Karaula,N44 53.400 E20 38.100,10,13,3,26,44.89,20.635,2022-05-06
2022-05-21,Jabuka ,N44 56.830 E20 36.110,20,22,4,46,44.9471666666667,20.6018333333333,2022-05-06
2022-05-21,Glogonj,N44 59 017 E20 31.365,17,19,2,38,44.9836166666667,20.52275,2022-05-06
2022-05-21,Ka?arevo ,N44 57.748 E20 42.773,5,15,0,20,44.9624666666667,20.7128833333333,2022-05-06
2022-05-21,Banatsko Novo Selo,N44 59.253 E20 46.888,4,11,0,15,44.98755,20.7814666666667,2022-05-06
2022-05-21,Pan?evo Nadel,N44 53.741 E20 40.850,80,10,0,90,44.8956833333333,20.6808333333333,2022-05-06
2022-05-21,Kudeljarski nasip Roda,N44 53.470 E20 40.109,34,7,2,43,44.8911666666667,20.6684833333333,2022-05-06
2022-05-21,SC na Misi,N44 52.860 E20 39.614,20,17,0,37,44.881,20.6602333333333,2022-05-06
2022-05-21,Valjevska ulica,N44 53.051 E20 38.538,1,15,2,18,44.8841833333333,20.6423,2022-05-06
2022-05-21,Brodoremont,N44 51.390 E20 38.367,14,16,0,30,44.8565,20.63945,2022-05-06
2022-05-21,Bolnica,N44 52.040 E20 39.165,2,0,0,2,44.8673333333333,20.65275,2022-05-06
2022-05-21,Fabrika stakla,N44 51.385 E20 39.450,1,16,0,17,44.8564166666667,20.6575,2022-05-06
2022-05-21,Vojlovica,N44 50.670 E20 40.240,4,5,0,9,44.8445,20.6706666666667,2022-05-06
2022-05-21,Star?evo,"N44 48,375 E20 42.362",30,10,0,40,44.80625,20.7060333333333,2022-05-06
2022-05-21,Omoljica,N44 45.190 E20 44.360,19,1,0,20,44.7531666666667,20.7393333333333,2022-05-06
2022-05-21,Ivanovo,N44 44.055 E20 42.140,18,15,33,66,44.73425,20.7023333333333,2022-05-06
2022-05-21,Banatski Brestovac,N44 43.565 E20 48.308,16,13,1,30,44.7260833333333,20.8051333333333,2022-05-06
2022-05-21,Stari Tami,N44 52.140 E20 45.818,76,16,1,93,44.869,20.7636333333333,2022-05-06
2022-05-21,Dolovo,N44 54.215 E20 52.885,0,2,0,2,44.9035833333333,20.8814166666667,2022-05-06
2022-06-06,Rit ispod mosta,N44 52.581 E20 37.879,425,23,25,473,44.87635,20.6313166666667,2022-05-22
2022-06-06,Karaula,N44 53.400 E20 38.100,657,0,2,659,44.89,20.635,2022-05-22
2022-06-06,Jabuka ,N44 56.830 E20 36.110,270,35,19,324,44.9471666666667,20.6018333333333,2022-05-22
2022-06-06,Glogonj,N44 59 017 E20 31.365,153,422,57,632,44.9836166666667,20.52275,2022-05-22
2022-06-06,Ka?arevo ,N44 57.748 E20 42.773,1085,0,11,1096,44.9624666666667,20.7128833333333,2022-05-22
2022-06-06,Banatsko Novo Selo,N44 59.253 E20 46.888,433,0,0,433,44.98755,20.7814666666667,2022-05-22
2022-06-06,Pan?evo Nadel,N44 53.741 E20 40.850,1780,23,9,1812,44.8956833333333,20.6808333333333,2022-05-22
2022-06-06,Kudeljarski nasip Roda,N44 53.470 E20 40.109,1521,15,0,1536,44.8911666666667,20.6684833333333,2022-05-22
2022-06-06,SC na Misi,N44 52.860 E20 39.614,631,22,3,656,44.881,20.6602333333333,2022-05-22
2022-06-06,Valjevska ulica,N44 53.051 E20 38.538,342,5,8,355,44.8841833333333,20.6423,2022-05-22
2022-06-06,Brodoremont,N44 51.390 E20 38.367,170,120,150,440,44.8565,20.63945,2022-05-22
2022-06-06,Bolnica,N44 52.040 E20 39.165,5,0,0,5,44.8673333333333,20.65275,2022-05-22
2022-06-06,Fabrika stakla,N44 51.385 E20 39.450,163,15,25,203,44.8564166666667,20.6575,2022-05-22
2022-06-06,Vojlovica,N44 50.670 E20 40.240,250,0,0,250,44.8445,20.6706666666667,2022-05-22
2022-06-06,Star?evo,"N44 48,375 E20 42.362",216,0,0,216,44.80625,20.7060333333333,2022-05-22
2022-06-06,Omoljica,N44 45.190 E20 44.360,170,15,6,191,44.7531666666667,20.7393333333333,2022-05-22
2022-06-06,Ivanovo,N44 44.055 E20 42.140,45,17,52,114,44.73425,20.7023333333333,2022-05-22
2022-06-06,Banatski Brestovac,N44 43.565 E20 48.308,83,0,1,84,44.7260833333333,20.8051333333333,2022-05-22
2022-06-06,Stari Tami,N44 52.140 E20 45.818,202,2,1,205,44.869,20.7636333333333,2022-05-22
2022-06-06,Dolovo,N44 54.215 E20 52.885,112,1,1,114,44.9035833333333,20.8814166666667,2022-05-22
2022-07-05,Rit ispod mosta,N44 52.581 E20 37.879,173,4,8,185,44.87635,20.6313166666667,2022-06-20
2022-07-05,Karaula,N44 53.400 E20 38.100,496,6,3,505,44.89,20.635,2022-06-20
2022-07-05,Jabuka ,N44 56.830 E20 36.110,326,10,29,365,44.9471666666667,20.6018333333333,2022-06-20
2022-07-05,Glogonj,N44 59 017 E20 31.365,696,7,10,713,44.9836166666667,20.52275,2022-06-20
2022-07-05,Ka?arevo ,N44 57.748 E20 42.773,232,1,1,234,44.9624666666667,20.7128833333333,2022-06-20
2022-07-05,Banatsko Novo Selo,N44 59.253 E20 46.888,463,2,0,465,44.98755,20.7814666666667,2022-06-20
2022-07-05,Pan?evo Nadel,N44 53.741 E20 40.850,448,1,0,449,44.8956833333333,20.6808333333333,2022-06-20
2022-07-05,Kudeljarski nasip Roda,N44 53.470 E20 40.109,121,0,4,125,44.8911666666667,20.6684833333333,2022-06-20
2022-07-05,SC na Misi,N44 52.860 E20 39.614,350,1,1,352,44.881,20.6602333333333,2022-06-20
2022-07-05,Valjevska ulica,N44 53.051 E20 38.538,362,2,3,367,44.8841833333333,20.6423,2022-06-20
2022-07-05,Brodoremont,N44 51.390 E20 38.367,5,6,5,16,44.8565,20.63945,2022-06-20
2022-07-05,Bolnica,N44 52.040 E20 39.165,72,0,1,73,44.8673333333333,20.65275,2022-06-20
2022-07-05,Fabrika stakla,N44 51.385 E20 39.450,12,2,3,17,44.8564166666667,20.6575,2022-06-20
2022-07-05,Vojlovica,N44 50.670 E20 40.240,136,0,3,139,44.8445,20.6706666666667,2022-06-20
2022-07-05,Star?evo,"N44 48,375 E20 42.362",186,0,6,192,44.80625,20.7060333333333,2022-06-20
2022-07-05,Omoljica,N44 45.190 E20 44.360,138,0,8,146,44.7531666666667,20.7393333333333,2022-06-20
2022-07-05,Ivanovo,N44 44.055 E20 42.140,320,1,6,327,44.73425,20.7023333333333,2022-06-20
2022-07-05,Banatski Brestovac,N44 43.565 E20 48.308,221,1,0,222,44.7260833333333,20.8051333333333,2022-06-20
2022-07-05,Stari Tami,N44 52.140 E20 45.818,152,0,3,155,44.869,20.7636333333333,2022-06-20
2022-07-05,Dolovo,N44 54.215 E20 52.885,132,1,0,133,44.9035833333333,20.8814166666667,2022-06-20
2022-07-16,Rit ispod mosta,N44 52.581 E20 37.879,138,2,1,141,44.87635,20.6313166666667,2022-07-01
2022-07-16,Karaula,N44 53.400 E20 38.100,300,1,1,302,44.89,20.635,2022-07-01
2022-07-16,Jabuka ,N44 56.830 E20 36.110,101,25,9,135,44.9471666666667,20.6018333333333,2022-07-01
2022-07-16,Glogonj,N44 59 017 E20 31.365,195,15,3,213,44.9836166666667,20.52275,2022-07-01
2022-07-16,Ka?arevo ,N44 57.748 E20 42.773,77,1,0,78,44.9624666666667,20.7128833333333,2022-07-01
2022-07-16,Banatsko Novo Selo,N44 59.253 E20 46.888,128,0,0,128,44.98755,20.7814666666667,2022-07-01
2022-07-16,Pan?evo Nadel,N44 53.741 E20 40.850,70,1,0,71,44.8956833333333,20.6808333333333,2022-07-01
2022-07-16,Kudeljarski nasip Roda,N44 53.470 E20 40.109,65,7,2,74,44.8911666666667,20.6684833333333,2022-07-01
2022-07-16,SC na Misi,N44 52.860 E20 39.614,142,3,2,147,44.881,20.6602333333333,2022-07-01
2022-07-16,Valjevska ulica,N44 53.051 E20 38.538,280,0,0,280,44.8841833333333,20.6423,2022-07-01
2022-07-16,Brodoremont,N44 51.390 E20 38.367,78,9,43,130,44.8565,20.63945,2022-07-01
2022-07-16,Bolnica,N44 52.040 E20 39.165,35,0,0,35,44.8673333333333,20.65275,2022-07-01
2022-07-16,Fabrika stakla,N44 51.385 E20 39.450,10,2,0,12,44.8564166666667,20.6575,2022-07-01
2022-07-16,Vojlovica,N44 50.670 E20 40.240,172,3,4,179,44.8445,20.6706666666667,2022-07-01
2022-07-16,Star?evo,"N44 48,375 E20 42.362",303,2,6,311,44.80625,20.7060333333333,2022-07-01
2022-07-16,Omoljica,N44 45.190 E20 44.360,110,0,3,113,44.7531666666667,20.7393333333333,2022-07-01
2022-07-16,Banatski Brestovac,N44 43.565 E20 48.308,136,2,2,140,44.7260833333333,20.8051333333333,2022-07-01
2022-07-16,Stari Tami,N44 52.140 E20 45.818,116,0,0,116,44.869,20.7636333333333,2022-07-01
2022-07-16,Dolovo,N44 54.215 E20 52.885,132,0,0,132,44.9035833333333,20.8814166666667,2022-07-01
2022-07-30,Rit ispod mosta,N44 52.581 E20 37.879,52,2,10,64,44.87635,20.6313166666667,2022-07-15
2022-07-30,Karaula,N44 53.400 E20 38.100,28,0,0,28,44.89,20.635,2022-07-15
2022-07-30,Jabuka ,N44 56.830 E20 36.110,141,8,6,155,44.9471666666667,20.6018333333333,2022-07-15
2022-07-30,Glogonj,N44 59 017 E20 31.365,112,14,9,135,44.9836166666667,20.52275,2022-07-15
2022-07-30,Ka?arevo ,N44 57.748 E20 42.773,138,0,0,138,44.9624666666667,20.7128833333333,2022-07-15
2022-07-30,Banatsko Novo Selo,N44 59.253 E20 46.888,28,0,3,31,44.98755,20.7814666666667,2022-07-15
2022-07-30,Pan?evo Nadel,N44 53.741 E20 40.850,32,0,0,32,44.8956833333333,20.6808333333333,2022-07-15
2022-07-30,Kudeljarski nasip Roda,N44 53.470 E20 40.109,20,5,0,25,44.8911666666667,20.6684833333333,2022-07-15
2022-07-30,SC na Misi,N44 52.860 E20 39.614,46,0,5,51,44.881,20.6602333333333,2022-07-15
2022-07-30,Valjevska ulica,N44 53.051 E20 38.538,3,0,0,3,44.8841833333333,20.6423,2022-07-15
2022-07-30,Brodoremont,N44 51.390 E20 38.367,2,0,0,2,44.8565,20.63945,2022-07-15
2022-07-30,Bolnica,N44 52.040 E20 39.165,3,0,0,3,44.8673333333333,20.65275,2022-07-15
2022-07-30,Fabrika stakla,N44 51.385 E20 39.450,3,0,0,3,44.8564166666667,20.6575,2022-07-15
2022-07-30,Vojlovica,N44 50.670 E20 40.240,10,0,0,10,44.8445,20.6706666666667,2022-07-15
2022-07-30,Star?evo,"N44 48,375 E20 42.362",6,0,1,7,44.80625,20.7060333333333,2022-07-15
2022-07-30,Omoljica,N44 45.190 E20 44.360,5,0,0,5,44.7531666666667,20.7393333333333,2022-07-15
2022-07-30,Ivanovo,N44 44.055 E20 42.140,6,0,0,6,44.73425,20.7023333333333,2022-07-15
2022-07-30,Banatski Brestovac,N44 43.565 E20 48.308,8,0,0,8,44.7260833333333,20.8051333333333,2022-07-15
2022-07-30,Stari Tami,N44 52.140 E20 45.818,3,0,0,3,44.869,20.7636333333333,2022-07-15
2022-07-30,Dolovo,N44 54.215 E20 52.885,48,0,0,48,44.9035833333333,20.8814166666667,2022-07-15
2021-04-27,Rit ispod mosta,N44 52.581 E20 37.879,1,0,0,1,44.87635,20.6313166666667,2021-04-12
2021-04-27,Karaula,N44 53.400 E20 38.100,0,0,0,0,44.89,20.635,2021-04-12
2021-04-27,Jabuka ,N44 56.830 E20 36.110,0,0,0,0,44.9471666666667,20.6018333333333,2021-04-12
2021-04-27,Glogonj,N44 59 017 E20 31.365,0,0,0,0,44.9836166666667,20.52275,2021-04-12
2021-04-27,Ka?arevo ,N44 57.748 E20 42.773,0,0,0,0,44.9624666666667,20.7128833333333,2021-04-12
2021-04-27,Banatsko Novo Selo,N44 59.253 E20 46.888,0,0,0,0,44.98755,20.7814666666667,2021-04-12
2021-04-27,Pan?evo Nadel,N44 53.741 E20 40.850,2,0,0,2,44.8956833333333,20.6808333333333,2021-04-12
2021-04-27,Kudeljarski nasip Roda,N44 53.470 E20 40.109,1,0,0,1,44.8911666666667,20.6684833333333,2021-04-12
2021-04-27,SC na Misi,N44 52.860 E20 39.614,1,0,0,1,44.881,20.6602333333333,2021-04-12
2021-04-27,Valjevska ulica,N44 53.051 E20 38.538,0,0,0,0,44.8841833333333,20.6423,2021-04-12
2021-04-27,Brodoremont,N44 51.390 E20 38.367,1,0,0,1,44.8565,20.63945,2021-04-12
2021-04-27,Bolnica,N44 52.040 E20 39.165,0,0,0,0,44.8673333333333,20.65275,2021-04-12
2021-04-27,Fabrika stakla,N44 51.385 E20 39.450,0,0,0,0,44.8564166666667,20.6575,2021-04-12
2021-04-27,Vojlovica,N44 50.670 E20 40.240,3,0,0,3,44.8445,20.6706666666667,2021-04-12
2021-04-27,Star?evo,"N44 48,375 E20 42.362",0,0,0,0,44.80625,20.7060333333333,2021-04-12
2021-04-27,Omoljica,N44 45.190 E20 44.360,0,0,0,0,44.7531666666667,20.7393333333333,2021-04-12
2021-04-27,Ivanovo,N44 44.055 E20 42.140,0,0,0,0,44.73425,20.7023333333333,2021-04-12
2021-04-27,Banatski Brestovac,N44 43.565 E20 48.308,0,0,0,0,44.7260833333333,20.8051333333333,2021-04-12
2021-04-27,Stari Tami,N44 52.140 E20 45.818,2,0,0,2,44.869,20.7636333333333,2021-04-12
2021-04-27,Dolovo,N44 54.215 E20 52.885,0,0,0,0,44.9035833333333,20.8814166666667,2021-04-12
2021-05-13,Rit ispod mosta,N44 52.581 E20 37.879,0,0,10,10,44.87635,20.6313166666667,2021-04-28
2021-05-13,Karaula,N44 53.400 E20 38.100,0,0,1,1,44.89,20.635,2021-04-28
2021-05-13,Jabuka ,N44 56.830 E20 36.110,0,0,0,0,44.9471666666667,20.6018333333333,2021-04-28
2021-05-13,Glogonj,N44 59 017 E20 31.365,3,0,10,13,44.9836166666667,20.52275,2021-04-28
2021-05-13,Ka?arevo ,N44 57.748 E20 42.773,0,0,0,0,44.9624666666667,20.7128833333333,2021-04-28
2021-05-13,Banatsko Novo Selo,N44 59.253 E20 46.888,0,0,0,0,44.98755,20.7814666666667,2021-04-28
2021-05-13,Pan?evo Nadel,N44 53.741 E20 40.850,3,0,5,8,44.8956833333333,20.6808333333333,2021-04-28
2021-05-13,Kudeljarski nasip Roda,N44 53.470 E20 40.109,0,0,0,0,44.8911666666667,20.6684833333333,2021-04-28
2021-05-13,SC na Misi,N44 52.860 E20 39.614,2,0,0,2,44.881,20.6602333333333,2021-04-28
2021-05-13,Valjevska ulica,N44 53.051 E20 38.538,1,1,0,2,44.8841833333333,20.6423,2021-04-28
2021-05-13,Brodoremont,N44 51.390 E20 38.367,0,0,0,0,44.8565,20.63945,2021-04-28
2021-05-13,Bolnica,N44 52.040 E20 39.165,0,0,1,1,44.8673333333333,20.65275,2021-04-28
2021-05-13,Fabrika stakla,N44 51.385 E20 39.450,0,0,0,0,44.8564166666667,20.6575,2021-04-28
2021-05-13,Vojlovica,N44 50.670 E20 40.240,3,0,0,3,44.8445,20.6706666666667,2021-04-28
2021-05-13,Star?evo,"N44 48,375 E20 42.362",0,0,8,8,44.80625,20.7060333333333,2021-04-28
2021-05-13,Omoljica,N44 45.190 E20 44.360,0,0,0,0,44.7531666666667,20.7393333333333,2021-04-28
2021-05-13,Ivanovo,N44 44.055 E20 42.140,0,0,75,75,44.73425,20.7023333333333,2021-04-28
2021-05-13,Banatski Brestovac,N44 43.565 E20 48.308,9,0,10,19,44.7260833333333,20.8051333333333,2021-04-28
2021-05-13,Stari Tami,N44 52.140 E20 45.818,0,0,0,0,44.869,20.7636333333333,2021-04-28
2021-05-13,Dolovo,N44 54.215 E20 52.885,0,0,0,0,44.9035833333333,20.8814166666667,2021-04-28
2021-06-09,Rit ispod mosta,N44 52.581 E20 37.879,2,72,5,79,44.87635,20.6313166666667,2021-05-25
2021-06-09,Karaula,N44 53.400 E20 38.100,75,27,6,108,44.89,20.635,2021-05-25
2021-06-09,Jabuka ,N44 56.830 E20 36.110,2,170,25,197,44.9471666666667,20.6018333333333,2021-05-25
2021-06-09,Glogonj,N44 59 017 E20 31.365,10,531,6,547,44.9836166666667,20.52275,2021-05-25
2021-06-09,Ka?arevo ,N44 57.748 E20 42.773,41,8,1,50,44.9624666666667,20.7128833333333,2021-05-25
2021-06-09,Banatsko Novo Selo,N44 59.253 E20 46.888,39,11,0,50,44.98755,20.7814666666667,2021-05-25
2021-06-09,Pan?evo Nadel,N44 53.741 E20 40.850,85,6,1,92,44.8956833333333,20.6808333333333,2021-05-25
2021-06-09,Kudeljarski nasip Roda,N44 53.470 E20 40.109,73,8,0,81,44.8911666666667,20.6684833333333,2021-05-25
2021-06-09,SC na Misi,N44 52.860 E20 39.614,15,12,0,27,44.881,20.6602333333333,2021-05-25
2021-06-09,Valjevska ulica,N44 53.051 E20 38.538,25,83,2,110,44.8841833333333,20.6423,2021-05-25
2021-06-09,Brodoremont,N44 51.390 E20 38.367,0,543,42,585,44.8565,20.63945,2021-05-25
2021-06-09,Bolnica,N44 52.040 E20 39.165,20,8,3,31,44.8673333333333,20.65275,2021-05-25
2021-06-09,Fabrika stakla,N44 51.385 E20 39.450,7,17,0,24,44.8564166666667,20.6575,2021-05-25
2021-06-09,Vojlovica,N44 50.670 E20 40.240,50,42,5,97,44.8445,20.6706666666667,2021-05-25
2021-06-09,Star?evo,"N44 48,375 E20 42.362",15,7,14,36,44.80625,20.7060333333333,2021-05-25
2021-06-09,Omoljica,N44 45.190 E20 44.360,1,4,4,9,44.7531666666667,20.7393333333333,2021-05-25
2021-06-09,Ivanovo,N44 44.055 E20 42.140,3,472,48,523,44.73425,20.7023333333333,2021-05-25
2021-06-09,Banatski Brestovac,N44 43.565 E20 48.308,15,8,26,49,44.7260833333333,20.8051333333333,2021-05-25
2021-06-09,Stari Tami,N44 52.140 E20 45.818,70,22,30,122,44.869,20.7636333333333,2021-05-25
2021-06-09,Dolovo,N44 54.215 E20 52.885,1,5,0,6,44.9035833333333,20.8814166666667,2021-05-25
2021-06-27,Rit ispod mosta,N44 52.581 E20 37.879,52,9,15,76,44.87635,20.6313166666667,2021-06-12
2021-06-27,Karaula,N44 53.400 E20 38.100,300,24,1,325,44.89,20.635,2021-06-12
2021-06-27,Jabuka ,N44 56.830 E20 36.110,70,11,11,92,44.9471666666667,20.6018333333333,2021-06-12
2021-06-27,Glogonj,N44 59 017 E20 31.365,130,37,0,167,44.9836166666667,20.52275,2021-06-12
2021-06-27,Ka?arevo ,N44 57.748 E20 42.773,80,8,0,88,44.9624666666667,20.7128833333333,2021-06-12
2021-06-27,Banatsko Novo Selo,N44 59.253 E20 46.888,210,2,0,212,44.98755,20.7814666666667,2021-06-12
2021-06-27,Pan?evo Nadel,N44 53.741 E20 40.850,370,3,1,374,44.8956833333333,20.6808333333333,2021-06-12
2021-06-27,Kudeljarski nasip Roda,N44 53.470 E20 40.109,140,7,0,147,44.8911666666667,20.6684833333333,2021-06-12
2021-06-27,SC na Misi,N44 52.860 E20 39.614,320,0,0,320,44.881,20.6602333333333,2021-06-12
2021-06-27,Valjevska ulica,N44 53.051 E20 38.538,120,2,1,123,44.8841833333333,20.6423,2021-06-12
2021-06-27,Brodoremont,N44 51.390 E20 38.367,30,36,11,77,44.8565,20.63945,2021-06-12
2021-06-27,Bolnica,N44 52.040 E20 39.165,76,0,2,78,44.8673333333333,20.65275,2021-06-12
2021-06-27,Fabrika stakla,N44 51.385 E20 39.450,54,1,1,56,44.8564166666667,20.6575,2021-06-12
2021-06-27,Vojlovica,N44 50.670 E20 40.240,98,4,10,112,44.8445,20.6706666666667,2021-06-12
2021-06-27,Star?evo,"N44 48,375 E20 42.362",74,1,0,75,44.80625,20.7060333333333,2021-06-12
2021-06-27,Omoljica,N44 45.190 E20 44.360,50,3,0,53,44.7531666666667,20.7393333333333,2021-06-12
2021-06-27,Ivanovo,N44 44.055 E20 42.140,80,57,0,137,44.73425,20.7023333333333,2021-06-12
2021-06-27,Banatski Brestovac,N44 43.565 E20 48.308,100,2,0,102,44.7260833333333,20.8051333333333,2021-06-12
2021-06-27,Stari Tami,N44 52.140 E20 45.818,250,3,0,253,44.869,20.7636333333333,2021-06-12
2021-06-27,Dolovo,N44 54.215 E20 52.885,77,1,0,78,44.9035833333333,20.8814166666667,2021-06-12
2021-07-22,Rit ispod mosta,N44 52.581 E20 37.879,123,0,4,127,44.87635,20.6313166666667,2021-07-07
2021-07-22,Karaula,N44 53.400 E20 38.100,280,0,2,282,44.89,20.635,2021-07-07
2021-07-22,Jabuka ,N44 56.830 E20 36.110,200,9,56,265,44.9471666666667,20.6018333333333,2021-07-07
2021-07-22,Glogonj,N44 59 017 E20 31.365,500,0,1,501,44.9836166666667,20.52275,2021-07-07
2021-07-22,Ka?arevo ,N44 57.748 E20 42.773,130,1,1,132,44.9624666666667,20.7128833333333,2021-07-07
2021-07-22,Banatsko Novo Selo,N44 59.253 E20 46.888,485,0,0,485,44.98755,20.7814666666667,2021-07-07
2021-07-22,Pan?evo Nadel,N44 53.741 E20 40.850,315,0,0,315,44.8956833333333,20.6808333333333,2021-07-07
2021-07-22,Kudeljarski nasip Roda,N44 53.470 E20 40.109,115,0,0,115,44.8911666666667,20.6684833333333,2021-07-07
2021-07-22,SC na Misi,N44 52.860 E20 39.614,56,1,0,57,44.881,20.6602333333333,2021-07-07
2021-07-22,Valjevska ulica,N44 53.051 E20 38.538,102,0,0,102,44.8841833333333,20.6423,2021-07-07
2021-07-22,Brodoremont,N44 51.390 E20 38.367,55,0,1,56,44.8565,20.63945,2021-07-07
2021-07-22,Bolnica,N44 52.040 E20 39.165,135,5,30,170,44.8673333333333,20.65275,2021-07-07
2021-07-22,Fabrika stakla,N44 51.385 E20 39.450,5,0,0,5,44.8564166666667,20.6575,2021-07-07
2021-07-22,Vojlovica,N44 50.670 E20 40.240,95,1,3,99,44.8445,20.6706666666667,2021-07-07
2021-07-22,Star?evo,"N44 48,375 E20 42.362",61,0,0,61,44.80625,20.7060333333333,2021-07-07
2021-07-22,Omoljica,N44 45.190 E20 44.360,138,5,10,153,44.7531666666667,20.7393333333333,2021-07-07
2021-07-22,Ivanovo,N44 44.055 E20 42.140,112,10,23,145,44.73425,20.7023333333333,2021-07-07
2021-07-22,Banatski Brestovac,N44 43.565 E20 48.308,135,0,0,135,44.7260833333333,20.8051333333333,2021-07-07
2021-07-22,Stari Tami,N44 52.140 E20 45.818,147,0,0,147,44.869,20.7636333333333,2021-07-07
2021-07-22,Dolovo,N44 54.215 E20 52.885,28,0,0,28,44.9035833333333,20.8814166666667,2021-07-07
2020-06-04,Rit ispod mosta,N44 52.581 E20 37.879,50,0,25,75,44.87635,20.6313166666667,2020-05-20
2020-06-04,Karaula,N44 53.400 E20 38.100,12,0,3,15,44.89,20.635,2020-05-20
2020-06-04,Jabuka ,N44 56.830 E20 36.110,47,3,170,220,44.9471666666667,20.6018333333333,2020-05-20
2020-06-04,Glogonj,N44 59 017 E20 31.365,10,0,0,10,44.9836166666667,20.52275,2020-05-20
2020-06-04,Ka?arevo ,N44 57.748 E20 42.773,750,1,2,753,44.9624666666667,20.7128833333333,2020-05-20
2020-06-04,Banatsko Novo Selo,N44 59.253 E20 46.888,44,1,2,47,44.98755,20.7814666666667,2020-05-20
2020-06-04,Pan?evo Nadel,N44 53.741 E20 40.850,355,1,1,357,44.8956833333333,20.6808333333333,2020-05-20
2020-06-04,Kudeljarski nasip Roda,N44 53.470 E20 40.109,220,1,9,230,44.8911666666667,20.6684833333333,2020-05-20
2020-06-04,SC na Misi,N44 52.860 E20 39.614,92,0,2,94,44.881,20.6602333333333,2020-05-20
2020-06-04,Valjevska ulica,N44 53.051 E20 38.538,37,0,0,37,44.8841833333333,20.6423,2020-05-20
2020-06-04,Brodoremont,N44 51.390 E20 38.367,40,0,0,40,44.8565,20.63945,2020-05-20
2020-06-04,Bolnica,N44 52.040 E20 39.165,23,0,4,27,44.8673333333333,20.65275,2020-05-20
2020-06-04,Fabrika stakla,N44 51.385 E20 39.450,30,0,2,32,44.8564166666667,20.6575,2020-05-20
2020-06-04,Vojlovica,N44 50.670 E20 40.240,45,0,19,64,44.8445,20.6706666666667,2020-05-20
2020-06-04,Star?evo,"N44 48,375 E20 42.362",35,0,1,36,44.80625,20.7060333333333,2020-05-20
2020-06-04,Omoljica,N44 45.190 E20 44.360,28,0,10,38,44.7531666666667,20.7393333333333,2020-05-20
2020-06-04,Ivanovo,N44 44.055 E20 42.140,3,0,45,48,44.73425,20.7023333333333,2020-05-20
2020-06-04,Banatski Brestovac,N44 43.565 E20 48.308,43,1,4,48,44.7260833333333,20.8051333333333,2020-05-20
2020-06-04,Stari Tami,N44 52.140 E20 45.818,79,0,7,86,44.869,20.7636333333333,2020-05-20
2020-06-04,Dolovo,N44 54.215 E20 52.885,20,0,0,20,44.9035833333333,20.8814166666667,2020-05-20
2020-06-29,Rit ispod mosta,N44 52.581 E20 37.879,207,0,5,212,44.87635,20.6313166666667,2020-06-14
2020-06-29,Karaula,N44 53.400 E20 38.100,805,18,0,823,44.89,20.635,2020-06-14
2020-06-29,Jabuka ,N44 56.830 E20 36.110,333,4,15,352,44.9471666666667,20.6018333333333,2020-06-14
2020-06-29,Glogonj,N44 59 017 E20 31.365,708,13,11,732,44.9836166666667,20.52275,2020-06-14
2020-06-29,Ka?arevo ,N44 57.748 E20 42.773,267,0,0,267,44.9624666666667,20.7128833333333,2020-06-14
2020-06-29,Banatsko Novo Selo,N44 59.253 E20 46.888,400,0,0,400,44.98755,20.7814666666667,2020-06-14
2020-06-29,Pan?evo Nadel,N44 53.741 E20 40.850,950,0,0,950,44.8956833333333,20.6808333333333,2020-06-14
2020-06-29,Kudeljarski nasip Roda,N44 53.470 E20 40.109,277,10,0,287,44.8911666666667,20.6684833333333,2020-06-14
2020-06-29,SC na Misi,N44 52.860 E20 39.614,58,8,0,66,44.881,20.6602333333333,2020-06-14
2020-06-29,Valjevska ulica,N44 53.051 E20 38.538,53,5,0,58,44.8841833333333,20.6423,2020-06-14
2020-06-29,Brodoremont,N44 51.390 E20 38.367,14,0,0,14,44.8565,20.63945,2020-06-14
2020-06-29,Bolnica,N44 52.040 E20 39.165,84,22,5,111,44.8673333333333,20.65275,2020-06-14
2020-06-29,Fabrika stakla,N44 51.385 E20 39.450,43,3,0,46,44.8564166666667,20.6575,2020-06-14
2020-06-29,Vojlovica,N44 50.670 E20 40.240,86,8,3,97,44.8445,20.6706666666667,2020-06-14
2020-06-29,Star?evo,"N44 48,375 E20 42.362",55,3,0,58,44.80625,20.7060333333333,2020-06-14
2020-06-29,Omoljica,N44 45.190 E20 44.360,103,0,5,108,44.7531666666667,20.7393333333333,2020-06-14
2020-06-29,Ivanovo,N44 44.055 E20 42.140,63,3,0,66,44.73425,20.7023333333333,2020-06-14
2020-06-29,Banatski Brestovac,N44 43.565 E20 48.308,320,0,0,320,44.7260833333333,20.8051333333333,2020-06-14
2020-06-29,Stari Tami,N44 52.140 E20 45.818,5,6,11,22,44.869,20.7636333333333,2020-06-14
2020-06-29,Dolovo,N44 54.215 E20 52.885,15,0,0,15,44.9035833333333,20.8814166666667,2020-06-14
2020-07-17,Rit ispod mosta,N44 52.581 E20 37.879,138,18,1,157,44.87635,20.6313166666667,2020-07-02
2020-07-17,Karaula,N44 53.400 E20 38.100,97,7,2,106,44.89,20.635,2020-07-02
2020-07-17,Jabuka ,N44 56.830 E20 36.110,30,60,8,98,44.9471666666667,20.6018333333333,2020-07-02
2020-07-17,Glogonj,N44 59 017 E20 31.365,30,50,0,80,44.9836166666667,20.52275,2020-07-02
2020-07-17,Ka?arevo ,N44 57.748 E20 42.773,20,73,0,93,44.9624666666667,20.7128833333333,2020-07-02
2020-07-17,Pan?evo Nadel,N44 53.741 E20 40.850,500,0,0,500,44.8956833333333,20.6808333333333,2020-07-02
2020-07-17,Brodoremont,N44 51.390 E20 38.367,25,4,0,29,44.8565,20.63945,2020-07-02
2020-07-17,Vojlovica,N44 50.670 E20 40.240,170,10,4,184,44.8445,20.6706666666667,2020-07-02
2020-07-17,Omoljica,N44 45.190 E20 44.360,14,15,1,30,44.7531666666667,20.7393333333333,2020-07-02
2020-07-17,Banatski Brestovac,N44 43.565 E20 48.308,132,18,2,152,44.7260833333333,20.8051333333333,2020-07-02
2020-07-27,Rit ispod mosta,N44 52.581 E20 37.879,94,16,5,115,44.87635,20.6313166666667,2020-07-12
2020-07-27,Karaula,N44 53.400 E20 38.100,117,14,1,132,44.89,20.635,2020-07-12
2020-07-27,Jabuka ,N44 56.830 E20 36.110,92,15,3,110,44.9471666666667,20.6018333333333,2020-07-12
2020-07-27,Glogonj,N44 59 017 E20 31.365,28,53,0,81,44.9836166666667,20.52275,2020-07-12
2020-07-27,Ka?arevo ,N44 57.748 E20 42.773,74,4,1,79,44.9624666666667,20.7128833333333,2020-07-12
2020-07-27,Banatsko Novo Selo,N44 59.253 E20 46.888,218,0,0,218,44.98755,20.7814666666667,2020-07-12
2020-07-27,Pan?evo Nadel,N44 53.741 E20 40.850,138,0,0,138,44.8956833333333,20.6808333333333,2020-07-12
2020-07-27,Kudeljarski nasip Roda,N44 53.470 E20 40.109,250,10,0,260,44.8911666666667,20.6684833333333,2020-07-12
2020-07-27,SC na Misi,N44 52.860 E20 39.614,0,0,0,0,44.881,20.6602333333333,2020-07-12
2020-07-27,Valjevska ulica,N44 53.051 E20 38.538,76,0,1,77,44.8841833333333,20.6423,2020-07-12
2020-07-27,Brodoremont,N44 51.390 E20 38.367,87,6,8,101,44.8565,20.63945,2020-07-12
2020-07-27,Bolnica,N44 52.040 E20 39.165,74,2,0,76,44.8673333333333,20.65275,2020-07-12
2020-07-27,Fabrika stakla,N44 51.385 E20 39.450,95,6,0,101,44.8564166666667,20.6575,2020-07-12
2020-07-27,Vojlovica,N44 50.670 E20 40.240,89,5,7,101,44.8445,20.6706666666667,2020-07-12
2020-07-27,Star?evo,"N44 48,375 E20 42.362",113,4,0,117,44.80625,20.7060333333333,2020-07-12
2020-07-27,Omoljica,N44 45.190 E20 44.360,72,1,1,74,44.7531666666667,20.7393333333333,2020-07-12
2020-07-27,Ivanovo,N44 44.055 E20 42.140,63,150,35,248,44.73425,20.7023333333333,2020-07-12
2020-07-27,Banatski Brestovac,N44 43.565 E20 48.308,84,6,0,90,44.7260833333333,20.8051333333333,2020-07-12
2020-07-27,Stari Tami,N44 52.140 E20 45.818,7,0,0,7,44.869,20.7636333333333,2020-07-12
2020-07-27,Dolovo,N44 54.215 E20 52.885,27,0,0,27,44.9035833333333,20.8814166666667,2020-07-12
2020-08-10,Rit ispod mosta,N44 52.581 E20 37.879,270,20,0,290,44.87635,20.6313166666667,2020-07-26
2020-08-10,Karaula,N44 53.400 E20 38.100,35,5,0,40,44.89,20.635,2020-07-26
2020-08-10,Jabuka ,N44 56.830 E20 36.110,320,25,2,347,44.9471666666667,20.6018333333333,2020-07-26
2020-08-10,Glogonj,N44 59 017 E20 31.365,196,28,7,231,44.9836166666667,20.52275,2020-07-26
2020-08-10,Ka?arevo ,N44 57.748 E20 42.773,512,0,5,517,44.9624666666667,20.7128833333333,2020-07-26
2020-08-10,Banatsko Novo Selo,N44 59.253 E20 46.888,92,1,0,93,44.98755,20.7814666666667,2020-07-26
2020-08-10,Pan?evo Nadel,N44 53.741 E20 40.850,271,3,0,274,44.8956833333333,20.6808333333333,2020-07-26
2020-08-10,Kudeljarski nasip Roda,N44 53.470 E20 40.109,237,2,6,245,44.8911666666667,20.6684833333333,2020-07-26
2020-08-10,SC na Misi,N44 52.860 E20 39.614,40,0,0,40,44.881,20.6602333333333,2020-07-26
2020-08-10,Valjevska ulica,N44 53.051 E20 38.538,140,7,2,149,44.8841833333333,20.6423,2020-07-26
2020-08-10,Brodoremont,N44 51.390 E20 38.367,80,45,55,180,44.8565,20.63945,2020-07-26
2020-08-10,Bolnica,N44 52.040 E20 39.165,196,2,0,198,44.8673333333333,20.65275,2020-07-26
2020-08-10,Fabrika stakla,N44 51.385 E20 39.450,209,2,0,211,44.8564166666667,20.6575,2020-07-26
2020-08-10,Vojlovica,N44 50.670 E20 40.240,95,5,0,100,44.8445,20.6706666666667,2020-07-26
2020-08-10,Star?evo,"N44 48,375 E20 42.362",131,11,6,148,44.80625,20.7060333333333,2020-07-26
2020-08-10,Omoljica,N44 45.190 E20 44.360,186,0,0,186,44.7531666666667,20.7393333333333,2020-07-26
2020-08-10,Ivanovo,N44 44.055 E20 42.140,60,40,293,393,44.73425,20.7023333333333,2020-07-26
2020-08-10,Banatski Brestovac,N44 43.565 E20 48.308,319,0,0,319,44.7260833333333,20.8051333333333,2020-07-26
2020-08-10,Stari Tami,N44 52.140 E20 45.818,220,2,5,227,44.869,20.7636333333333,2020-07-26
2020-08-10,Dolovo,N44 54.215 E20 52.885,30,0,0,30,44.9035833333333,20.8814166666667,2020-07-26
2020-08-22,Rit ispod mosta,N44 52.581 E20 37.879,32,3,3,38,44.87635,20.6313166666667,2020-08-07
2020-08-22,Karaula,N44 53.400 E20 38.100,110,2,0,112,44.89,20.635,2020-08-07
2020-08-22,Jabuka ,N44 56.830 E20 36.110,430,0,12,442,44.9471666666667,20.6018333333333,2020-08-07
2020-08-22,Glogonj,N44 59 017 E20 31.365,240,1,3,244,44.9836166666667,20.52275,2020-08-07
2020-08-22,Ka?arevo ,N44 57.748 E20 42.773,43,0,0,43,44.9624666666667,20.7128833333333,2020-08-07
2020-08-22,Banatsko Novo Selo,N44 59.253 E20 46.888,190,1,1,192,44.98755,20.7814666666667,2020-08-07
2020-08-22,Pan?evo Nadel,N44 53.741 E20 40.850,130,0,0,130,44.8956833333333,20.6808333333333,2020-08-07
2020-08-22,Kudeljarski nasip Roda,N44 53.470 E20 40.109,180,0,0,180,44.8911666666667,20.6684833333333,2020-08-07
2020-08-22,SC na Misi,N44 52.860 E20 39.614,220,0,0,220,44.881,20.6602333333333,2020-08-07
2020-08-22,Valjevska ulica,N44 53.051 E20 38.538,90,0,0,90,44.8841833333333,20.6423,2020-08-07
2020-08-22,Brodoremont,N44 51.390 E20 38.367,28,2,2,32,44.8565,20.63945,2020-08-07
2020-08-22,Bolnica,N44 52.040 E20 39.165,42,17,7,66,44.8673333333333,20.65275,2020-08-07
2020-08-22,Fabrika stakla,N44 51.385 E20 39.450,49,0,0,49,44.8564166666667,20.6575,2020-08-07
2020-08-22,Vojlovica,N44 50.670 E20 40.240,160,0,0,160,44.8445,20.6706666666667,2020-08-07
2020-08-22,Star?evo,"N44 48,375 E20 42.362",110,0,1,111,44.80625,20.7060333333333,2020-08-07
2020-08-22,Omoljica,N44 45.190 E20 44.360,120,0,2,122,44.7531666666667,20.7393333333333,2020-08-07
2020-08-22,Ivanovo,N44 44.055 E20 42.140,250,0,11,261,44.73425,20.7023333333333,2020-08-07
2020-08-22,Banatski Brestovac,N44 43.565 E20 48.308,90,0,3,93,44.7260833333333,20.8051333333333,2020-08-07
2020-08-22,Stari Tami,N44 52.140 E20 45.818,130,0,3,133,44.869,20.7636333333333,2020-08-07
2020-08-22,Dolovo,N44 54.215 E20 52.885,41,0,1,42,44.9035833333333,20.8814166666667,2020-08-07
2020-09-16,Rit ispod mosta,N44 52.581 E20 37.879,240,15,0,255,44.87635,20.6313166666667,2020-09-01
2020-09-16,Karaula,N44 53.400 E20 38.100,220,1,0,221,44.89,20.635,2020-09-01
2020-09-16,Jabuka ,N44 56.830 E20 36.110,140,0,0,140,44.9471666666667,20.6018333333333,2020-09-01
2020-09-16,Glogonj,N44 59 017 E20 31.365,112,10,0,122,44.9836166666667,20.52275,2020-09-01
2020-09-16,Ka?arevo ,N44 57.748 E20 42.773,14,0,0,14,44.9624666666667,20.7128833333333,2020-09-01
2020-09-16,Banatsko Novo Selo,N44 59.253 E20 46.888,6,0,0,6,44.98755,20.7814666666667,2020-09-01
2020-09-16,Pan?evo Nadel,N44 53.741 E20 40.850,100,0,0,100,44.8956833333333,20.6808333333333,2020-09-01
2020-09-16,Kudeljarski nasip Roda,N44 53.470 E20 40.109,130,0,0,130,44.8911666666667,20.6684833333333,2020-09-01
2020-09-16,SC na Misi,N44 52.860 E20 39.614,5,0,0,5,44.881,20.6602333333333,2020-09-01
2020-09-16,Valjevska ulica,N44 53.051 E20 38.538,33,4,0,37,44.8841833333333,20.6423,2020-09-01
2020-09-16,Brodoremont,N44 51.390 E20 38.367,9,0,1,10,44.8565,20.63945,2020-09-01
2020-09-16,Bolnica,N44 52.040 E20 39.165,65,2,1,68,44.8673333333333,20.65275,2020-09-01
2020-09-16,Fabrika stakla,N44 51.385 E20 39.450,57,0,0,57,44.8564166666667,20.6575,2020-09-01
2020-09-16,Vojlovica,N44 50.670 E20 40.240,95,0,0,95,44.8445,20.6706666666667,2020-09-01
2020-09-16,Star?evo,"N44 48,375 E20 42.362",100,0,0,100,44.80625,20.7060333333333,2020-09-01
2020-09-16,Omoljica,N44 45.190 E20 44.360,32,0,0,32,44.7531666666667,20.7393333333333,2020-09-01
2020-09-16,Ivanovo,N44 44.055 E20 42.140,90,0,0,90,44.73425,20.7023333333333,2020-09-01
2020-09-16,Banatski Brestovac,N44 43.565 E20 48.308,22,0,0,22,44.7260833333333,20.8051333333333,2020-09-01
2020-09-16,Stari Tami,N44 52.140 E20 45.818,15,0,0,15,44.869,20.7636333333333,2020-09-01
2020-09-16,Dolovo,N44 54.215 E20 52.885,0,0,0,0,44.9035833333333,20.8814166666667,2020-09-01
2019-05-30,Rit ispod mosta,N44 52.581 E20 37.879,14,256,0,270,44.87635,20.6313166666667,2019-05-15
2019-05-30,Karaula,N44 53.400 E20 38.100,16,216,0,232,44.89,20.635,2019-05-15
2019-05-30,Jabuka ,N44 56.830 E20 36.110,52,83,15,150,44.9471666666667,20.6018333333333,2019-05-15
2019-05-30,Glogonj,N44 59 017 E20 31.365,18,615,9,642,44.9836166666667,20.52275,2019-05-15
2019-05-30,Ka?arevo ,N44 57.748 E20 42.773,85,97,0,182,44.9624666666667,20.7128833333333,2019-05-15
2019-05-30,Banatsko Novo Selo,N44 59.253 E20 46.888,18,15,0,33,44.98755,20.7814666666667,2019-05-15
2019-05-30,Pan?evo Nadel,N44 53.741 E20 40.850,363,5,0,368,44.8956833333333,20.6808333333333,2019-05-15
2019-05-30,Kudeljarski nasip Roda,N44 53.470 E20 40.109,29,11,0,40,44.8911666666667,20.6684833333333,2019-05-15
2019-05-30,SC na Misi,N44 52.860 E20 39.614,100,150,1,251,44.881,20.6602333333333,2019-05-15
2019-05-30,Valjevska ulica,N44 53.051 E20 38.538,32,31,0,63,44.8841833333333,20.6423,2019-05-15
2019-05-30,Brodoremont,N44 51.390 E20 38.367,3,44,0,47,44.8565,20.63945,2019-05-15
2019-05-30,Bolnica,N44 52.040 E20 39.165,1,7,0,8,44.8673333333333,20.65275,2019-05-15
2019-05-30,Fabrika stakla,N44 51.385 E20 39.450,59,9,0,68,44.8564166666667,20.6575,2019-05-15
2019-05-30,Vojlovica,N44 50.670 E20 40.240, , , ,0,44.8445,20.6706666666667,2019-05-15
2019-05-30,Star?evo,"N44 48,375 E20 42.362",30,3,0,33,44.80625,20.7060333333333,2019-05-15
2019-05-30,Omoljica,N44 45.190 E20 44.360,11,1,3,15,44.7531666666667,20.7393333333333,2019-05-15
2019-05-30,Ivanovo,N44 44.055 E20 42.140,53,12,2,67,44.73425,20.7023333333333,2019-05-15
2019-05-30,Banatski Brestovac,N44 43.565 E20 48.308,71,34,0,105,44.7260833333333,20.8051333333333,2019-05-15
2019-05-30,Stari Tami,N44 52.140 E20 45.818,30,36,0,66,44.869,20.7636333333333,2019-05-15
2019-05-30,Dolovo,N44 54.215 E20 52.885,45,5,0,50,44.9035833333333,20.8814166666667,2019-05-15
2019-06-09,Rit ispod mosta,N44 52.581 E20 37.879,112,328,0,440,44.87635,20.6313166666667,2019-05-25
2019-06-09,Karaula,N44 53.400 E20 38.100,187,16,0,203,44.89,20.635,2019-05-25
2019-06-09,Jabuka ,N44 56.830 E20 36.110,195,27,3,225,44.9471666666667,20.6018333333333,2019-05-25
2019-06-09,Glogonj,N44 59 017 E20 31.365,62,77,6,145,44.9836166666667,20.52275,2019-05-25
2019-06-09,Ka?arevo ,N44 57.748 E20 42.773,145,87,0,232,44.9624666666667,20.7128833333333,2019-05-25
2019-06-09,Banatsko Novo Selo,N44 59.253 E20 46.888,85,10,0,95,44.98755,20.7814666666667,2019-05-25
2019-06-09,Pan?evo Nadel,N44 53.741 E20 40.850,427,13,0,440,44.8956833333333,20.6808333333333,2019-05-25
2019-06-09,Kudeljarski nasip Roda,N44 53.470 E20 40.109,136,10,6,152,44.8911666666667,20.6684833333333,2019-05-25
2019-06-09,SC na Misi,N44 52.860 E20 39.614,85,50,3,138,44.881,20.6602333333333,2019-05-25
2019-06-09,Valjevska ulica,N44 53.051 E20 38.538,68,11,0,79,44.8841833333333,20.6423,2019-05-25
2019-06-09,Brodoremont,N44 51.390 E20 38.367,68,15,0,83,44.8565,20.63945,2019-05-25
2019-06-09,Bolnica,N44 52.040 E20 39.165,10,8,0,18,44.8673333333333,20.65275,2019-05-25
2019-06-09,Fabrika stakla,N44 51.385 E20 39.450,533,28,0,561,44.8564166666667,20.6575,2019-05-25
2019-06-09,Vojlovica,N44 50.670 E20 40.240,61,1,0,62,44.8445,20.6706666666667,2019-05-25
2019-06-09,Star?evo,"N44 48,375 E20 42.362",150,50,1,201,44.80625,20.7060333333333,2019-05-25
2019-06-09,Omoljica,N44 45.190 E20 44.360,43,1,0,44,44.7531666666667,20.7393333333333,2019-05-25
2019-06-09,Ivanovo,N44 44.055 E20 42.140,80,2,1,83,44.73425,20.7023333333333,2019-05-25
2019-06-09,Banatski Brestovac,N44 43.565 E20 48.308,212,114,6,332,44.7260833333333,20.8051333333333,2019-05-25
2019-06-09,Stari Tami,N44 52.140 E20 45.818,52,11,6,69,44.869,20.7636333333333,2019-05-25
2019-06-09,Dolovo,N44 54.215 E20 52.885,62,5,0,67,44.9035833333333,20.8814166666667,2019-05-25
2019-06-16,Rit ispod mosta,N44 52.581 E20 37.879,48,1,2,51,44.87635,20.6313166666667,2019-06-01
2019-06-16,Karaula,N44 53.400 E20 38.100,171,0,1,172,44.89,20.635,2019-06-01
2019-06-16,Jabuka ,N44 56.830 E20 36.110,213,0,2,215,44.9471666666667,20.6018333333333,2019-06-01
2019-06-16,Glogonj,N44 59 017 E20 31.365,110,10,3,123,44.9836166666667,20.52275,2019-06-01
2019-06-16,Ka?arevo ,N44 57.748 E20 42.773,337,3,1,341,44.9624666666667,20.7128833333333,2019-06-01
2019-06-16,Banatsko Novo Selo,N44 59.253 E20 46.888,4,1,0,5,44.98755,20.7814666666667,2019-06-01
2019-06-16,Pan?evo Nadel,N44 53.741 E20 40.850,423,2,2,427,44.8956833333333,20.6808333333333,2019-06-01
2019-06-16,Kudeljarski nasip Roda,N44 53.470 E20 40.109,130,0,0,130,44.8911666666667,20.6684833333333,2019-06-01
2019-06-16,SC na Misi,N44 52.860 E20 39.614,168,7,2,177,44.881,20.6602333333333,2019-06-01
2019-06-16,Valjevska ulica,N44 53.051 E20 38.538,30,1,0,31,44.8841833333333,20.6423,2019-06-01
2019-06-16,Brodoremont,N44 51.390 E20 38.367,3,10,2,15,44.8565,20.63945,2019-06-01
2019-06-16,Bolnica,N44 52.040 E20 39.165,3,0,0,3,44.8673333333333,20.65275,2019-06-01
2019-06-16,Fabrika stakla,N44 51.385 E20 39.450,185,5,0,190,44.8564166666667,20.6575,2019-06-01
2019-06-16,Vojlovica,N44 50.670 E20 40.240,86,2,3,91,44.8445,20.6706666666667,2019-06-01
2019-06-16,Star?evo,"N44 48,375 E20 42.362",224,0,6,230,44.80625,20.7060333333333,2019-06-01
2019-06-16,Omoljica,N44 45.190 E20 44.360,217,3,0,220,44.7531666666667,20.7393333333333,2019-06-01
2019-06-16,Ivanovo,N44 44.055 E20 42.140,9,3,0,12,44.73425,20.7023333333333,2019-06-01
2019-06-16,Banatski Brestovac,N44 43.565 E20 48.308,90,5,0,95,44.7260833333333,20.8051333333333,2019-06-01
2019-06-16,Stari Tami,N44 52.140 E20 45.818,95,52,1,148,44.869,20.7636333333333,2019-06-01
2019-06-16,Dolovo,N44 54.215 E20 52.885,50,10,0,60,44.9035833333333,20.8814166666667,2019-06-01
2019-07-06,Rit ispod mosta,N44 52.581 E20 37.879,445,10,3,458,44.87635,20.6313166666667,2019-06-21
2019-07-06,Karaula,N44 53.400 E20 38.100,260,18,2,280,44.89,20.635,2019-06-21
2019-07-06,Jabuka ,N44 56.830 E20 36.110,385,20,8,413,44.9471666666667,20.6018333333333,2019-06-21
2019-07-06,Glogonj,N44 59 017 E20 31.365,428,43,0,471,44.9836166666667,20.52275,2019-06-21
2019-07-06,Ka?arevo ,N44 57.748 E20 42.773,522,54,4,580,44.9624666666667,20.7128833333333,2019-06-21
2019-07-06,Banatsko Novo Selo,N44 59.253 E20 46.888,430,20,0,450,44.98755,20.7814666666667,2019-06-21
2019-07-06,Pan?evo Nadel,N44 53.741 E20 40.850,510,13,7,530,44.8956833333333,20.6808333333333,2019-06-21
2019-07-06,Kudeljarski nasip Roda,N44 53.470 E20 40.109,220,12,0,232,44.8911666666667,20.6684833333333,2019-06-21
2019-07-06,SC na Misi,N44 52.860 E20 39.614,0,0,0,0,44.881,20.6602333333333,2019-06-21
2019-07-06,Valjevska ulica,N44 53.051 E20 38.538,235,4,0,239,44.8841833333333,20.6423,2019-06-21
2019-07-06,Brodoremont,N44 51.390 E20 38.367,93,28,3,124,44.8565,20.63945,2019-06-21
2019-07-06,Bolnica,N44 52.040 E20 39.165,97,12,0,109,44.8673333333333,20.65275,2019-06-21
2019-07-06,Fabrika stakla,N44 51.385 E20 39.450,670,38,0,708,44.8564166666667,20.6575,2019-06-21
2019-07-06,Vojlovica,N44 50.670 E20 40.240,118,44,12,174,44.8445,20.6706666666667,2019-06-21
2019-07-06,Star?evo,"N44 48,375 E20 42.362",118,42,0,160,44.80625,20.7060333333333,2019-06-21
2019-07-06,Omoljica,N44 45.190 E20 44.360,87,115,3,205,44.7531666666667,20.7393333333333,2019-06-21
2019-07-06,Ivanovo,N44 44.055 E20 42.140,115,18,2,135,44.73425,20.7023333333333,2019-06-21
2019-07-06,Banatski Brestovac,N44 43.565 E20 48.308,75,65,1,141,44.7260833333333,20.8051333333333,2019-06-21
2019-07-06,Stari Tami,N44 52.140 E20 45.818,123,160,0,283,44.869,20.7636333333333,2019-06-21
2019-07-06,Dolovo,N44 54.215 E20 52.885,130,22,0,152,44.9035833333333,20.8814166666667,2019-06-21
2019-07-21,Rit ispod mosta,N44 52.581 E20 37.879,57,3,0,60,44.87635,20.6313166666667,2019-07-06
2019-07-21,Karaula,N44 53.400 E20 38.100,145,13,0,158,44.89,20.635,2019-07-06
2019-07-21,Jabuka ,N44 56.830 E20 36.110,485,7,0,492,44.9471666666667,20.6018333333333,2019-07-06
2019-07-21,Glogonj,N44 59 017 E20 31.365,468,5,0,473,44.9836166666667,20.52275,2019-07-06
2019-07-21,Ka?arevo ,N44 57.748 E20 42.773,132,0,0,132,44.9624666666667,20.7128833333333,2019-07-06
2019-07-21,Banatsko Novo Selo,N44 59.253 E20 46.888,85,8,0,93,44.98755,20.7814666666667,2019-07-06
2019-07-21,Pan?evo Nadel,N44 53.741 E20 40.850,437,0,0,437,44.8956833333333,20.6808333333333,2019-07-06
2019-07-21,Kudeljarski nasip Roda,N44 53.470 E20 40.109,199,6,2,207,44.8911666666667,20.6684833333333,2019-07-06
2019-07-21,SC na Misi,N44 52.860 E20 39.614,125,11,4,140,44.881,20.6602333333333,2019-07-06
2019-07-21,Valjevska ulica,N44 53.051 E20 38.538,82,5,1,88,44.8841833333333,20.6423,2019-07-06
2019-07-21,Brodoremont,N44 51.390 E20 38.367,31,53,6,90,44.8565,20.63945,2019-07-06
2019-07-21,Bolnica,N44 52.040 E20 39.165,53,3,0,56,44.8673333333333,20.65275,2019-07-06
2019-07-21,Fabrika stakla,N44 51.385 E20 39.450,558,5,0,563,44.8564166666667,20.6575,2019-07-06
2019-07-21,Vojlovica,N44 50.670 E20 40.240,280,0,4,284,44.8445,20.6706666666667,2019-07-06
2019-07-21,Star?evo,"N44 48,375 E20 42.362",35,10,0,45,44.80625,20.7060333333333,2019-07-06
2019-07-21,Omoljica,N44 45.190 E20 44.360,147,0,0,147,44.7531666666667,20.7393333333333,2019-07-06
2019-07-21,Ivanovo,N44 44.055 E20 42.140,275,1,8,284,44.73425,20.7023333333333,2019-07-06
2019-07-21,Banatski Brestovac,N44 43.565 E20 48.308,135,0,0,135,44.7260833333333,20.8051333333333,2019-07-06
2019-07-21,Stari Tami,N44 52.140 E20 45.818,58,12,0,70,44.869,20.7636333333333,2019-07-06
2019-07-21,Dolovo,N44 54.215 E20 52.885,479,9,0,488,44.9035833333333,20.8814166666667,2019-07-06
2019-08-07,Rit ispod mosta,N44 52.581 E20 37.879,124,0,0,124,44.87635,20.6313166666667,2019-07-23
2019-08-07,Karaula,N44 53.400 E20 38.100,115,0,2,117,44.89,20.635,2019-07-23
2019-08-07,Jabuka ,N44 56.830 E20 36.110,460,0,0,460,44.9471666666667,20.6018333333333,2019-07-23
2019-08-07,Glogonj,N44 59 017 E20 31.365,438,0,2,440,44.9836166666667,20.52275,2019-07-23
2019-08-07,Ka?arevo ,N44 57.748 E20 42.773,563,7,3,573,44.9624666666667,20.7128833333333,2019-07-23
2019-08-07,Banatsko Novo Selo,N44 59.253 E20 46.888,458,3,5,466,44.98755,20.7814666666667,2019-07-23
2019-08-07,Pan?evo Nadel,N44 53.741 E20 40.850,365,8,4,377,44.8956833333333,20.6808333333333,2019-07-23
2019-08-07,Kudeljarski nasip Roda,N44 53.470 E20 40.109,351,0,8,359,44.8911666666667,20.6684833333333,2019-07-23
2019-08-07,SC na Misi,N44 52.860 E20 39.614,148,0,0,148,44.881,20.6602333333333,2019-07-23
2019-08-07,Valjevska ulica,N44 53.051 E20 38.538,83,0,0,83,44.8841833333333,20.6423,2019-07-23
2019-08-07,Brodoremont,N44 51.390 E20 38.367,41,12,12,65,44.8565,20.63945,2019-07-23
2019-08-07,Bolnica,N44 52.040 E20 39.165,34,0,0,34,44.8673333333333,20.65275,2019-07-23
2019-08-07,Fabrika stakla,N44 51.385 E20 39.450,240,0,0,240,44.8564166666667,20.6575,2019-07-23
2019-08-07,Vojlovica,N44 50.670 E20 40.240,230,0,0,230,44.8445,20.6706666666667,2019-07-23
2019-08-07,Star?evo,"N44 48,375 E20 42.362",191,3,0,194,44.80625,20.7060333333333,2019-07-23
2019-08-07,Omoljica,N44 45.190 E20 44.360,184,2,7,193,44.7531666666667,20.7393333333333,2019-07-23
2019-08-07,Ivanovo,N44 44.055 E20 42.140,73,0,0,73,44.73425,20.7023333333333,2019-07-23
2019-08-07,Banatski Brestovac,N44 43.565 E20 48.308,121,2,3,126,44.7260833333333,20.8051333333333,2019-07-23
2019-08-07,Stari Tami,N44 52.140 E20 45.818,306,0,0,306,44.869,20.7636333333333,2019-07-23
2019-08-07,Dolovo,N44 54.215 E20 52.885,131,0,0,131,44.9035833333333,20.8814166666667,2019-07-23
2019-08-17,Rit ispod mosta,N44 52.581 E20 37.879,134,1,0,135,44.87635,20.6313166666667,2019-08-02
2019-08-17,Karaula,N44 53.400 E20 38.100,87,1,2,90,44.89,20.635,2019-08-02
2019-08-17,Jabuka ,N44 56.830 E20 36.110,94,4,2,100,44.9471666666667,20.6018333333333,2019-08-02
2019-08-17,Glogonj,N44 59 017 E20 31.365,217,4,3,224,44.9836166666667,20.52275,2019-08-02
2019-08-17,Ka?arevo ,N44 57.748 E20 42.773,116,1,1,118,44.9624666666667,20.7128833333333,2019-08-02
2019-08-17,Banatsko Novo Selo,N44 59.253 E20 46.888,74,0,0,74,44.98755,20.7814666666667,2019-08-02
2019-08-17,Pan?evo Nadel,N44 53.741 E20 40.850,76,2,0,78,44.8956833333333,20.6808333333333,2019-08-02
2019-08-17,Kudeljarski nasip Roda,N44 53.470 E20 40.109,110,2,1,113,44.8911666666667,20.6684833333333,2019-08-02
2019-08-17,SC na Misi,N44 52.860 E20 39.614,94,2,0,96,44.881,20.6602333333333,2019-08-02
2019-08-17,Valjevska ulica,N44 53.051 E20 38.538,37,1,1,39,44.8841833333333,20.6423,2019-08-02
2019-08-17,Brodoremont,N44 51.390 E20 38.367,28,2,0,30,44.8565,20.63945,2019-08-02
2019-08-17,Bolnica,N44 52.040 E20 39.165,50,0,0,50,44.8673333333333,20.65275,2019-08-02
2019-08-17,Fabrika stakla,N44 51.385 E20 39.450,12,0,0,12,44.8564166666667,20.6575,2019-08-02
2019-08-17,Vojlovica,N44 50.670 E20 40.240,98,1,2,101,44.8445,20.6706666666667,2019-08-02
2019-08-17,Star?evo,"N44 48,375 E20 42.362",64,0,2,66,44.80625,20.7060333333333,2019-08-02
2019-08-17,Omoljica,N44 45.190 E20 44.360,83,0,1,84,44.7531666666667,20.7393333333333,2019-08-02
2019-08-17,Ivanovo,N44 44.055 E20 42.140,101,0,7,108,44.73425,20.7023333333333,2019-08-02
2019-08-17,Banatski Brestovac,N44 43.565 E20 48.308,78,0,0,78,44.7260833333333,20.8051333333333,2019-08-02
2019-08-17,Stari Tami,N44 52.140 E20 45.818,104,0,0,104,44.869,20.7636333333333,2019-08-02
2019-08-17,Dolovo,N44 54.215 E20 52.885,63,0,0,63,44.9035833333333,20.8814166666667,2019-08-02
2018-04-23,Rit ispod mosta,N44 52.581 E20 37.879,8,200,0,208,44.87635,20.6313166666667,2018-04-08
2018-04-23,Karaula,N44 53.400 E20 38.100,0,182,0,182,44.89,20.635,2018-04-08
2018-04-23,Jabuka ,N44 56.830 E20 36.110,6,590,2,598,44.9471666666667,20.6018333333333,2018-04-08
2018-04-23,Glogonj,N44 59 017 E20 31.365,6,197,0,203,44.9836166666667,20.52275,2018-04-08
2018-04-23,Ka?arevo ,N44 57.748 E20 42.773,6,197,0,203,44.9624666666667,20.7128833333333,2018-04-08
2018-04-23,Banatsko Novo Selo,N44 59.253 E20 46.888,7,1,0,8,44.98755,20.7814666666667,2018-04-08
2018-04-23,Pan?evo Nadel,N44 53.741 E20 40.850,11,76,1,88,44.8956833333333,20.6808333333333,2018-04-08
2018-04-23,Kudeljarski nasip Roda,N44 53.470 E20 40.109,8,19,0,27,44.8911666666667,20.6684833333333,2018-04-08
2018-04-23,SC na Misi,N44 52.860 E20 39.614,26,172,0,198,44.881,20.6602333333333,2018-04-08
2018-04-23,Valjevska ulica,N44 53.051 E20 38.538,3,82,0,85,44.8841833333333,20.6423,2018-04-08
2018-04-23,Brodoremont,N44 51.390 E20 38.367,20,313,4,337,44.8565,20.63945,2018-04-08
2018-04-23,Bolnica,N44 52.040 E20 39.165,6,59,1,66,44.8673333333333,20.65275,2018-04-08
2018-04-23,Fabrika stakla,N44 51.385 E20 39.450,20,10,0,30,44.8564166666667,20.6575,2018-04-08
2018-04-23,Vojlovica,N44 50.670 E20 40.240,74,34,7,115,44.8445,20.6706666666667,2018-04-08
2018-04-23,Star?evo,"N44 48,375 E20 42.362",3,3,0,6,44.80625,20.7060333333333,2018-04-08
2018-04-23,Omoljica,N44 45.190 E20 44.360,0,5,4,9,44.7531666666667,20.7393333333333,2018-04-08
2018-04-23,Ivanovo,N44 44.055 E20 42.140,0,25,2,27,44.73425,20.7023333333333,2018-04-08
2018-04-23,Banatski Brestovac,N44 43.565 E20 48.308,44,3,0,47,44.7260833333333,20.8051333333333,2018-04-08
2018-04-23,Stari Tami,N44 52.140 E20 45.818,0,20,0,20,44.869,20.7636333333333,2018-04-08
2018-04-23,Dolovo,N44 54.215 E20 52.885,12,18,0,30,44.9035833333333,20.8814166666667,2018-04-08
2018-05-02,Rit ispod mosta,N44 52.581 E20 37.879,26,2,3,31,44.87635,20.6313166666667,2018-04-17
2018-05-02,Karaula,N44 53.400 E20 38.100,82,4,2,88,44.89,20.635,2018-04-17
2018-05-02,Jabuka ,N44 56.830 E20 36.110,7,0,73,80,44.9471666666667,20.6018333333333,2018-04-17
2018-05-02,Glogonj,N44 59 017 E20 31.365,3,0,0,3,44.9836166666667,20.52275,2018-04-17
2018-05-02,Ka?arevo ,N44 57.748 E20 42.773,170,8,2,180,44.9624666666667,20.7128833333333,2018-04-17
2018-05-02,Banatsko Novo Selo,N44 59.253 E20 46.888,11,0,0,11,44.98755,20.7814666666667,2018-04-17
2018-05-02,Pan?evo Nadel,N44 53.741 E20 40.850,1,34,1,36,44.8956833333333,20.6808333333333,2018-04-17
2018-05-02,Kudeljarski nasip Roda,N44 53.470 E20 40.109,26,2,0,28,44.8911666666667,20.6684833333333,2018-04-17
2018-05-02,SC na Misi,N44 52.860 E20 39.614,26,1,0,27,44.881,20.6602333333333,2018-04-17
2018-05-02,Valjevska ulica,N44 53.051 E20 38.538,16,3,1,20,44.8841833333333,20.6423,2018-04-17
2018-05-02,Brodoremont,N44 51.390 E20 38.367,5,57,32,94,44.8565,20.63945,2018-04-17
2018-05-02,Bolnica,N44 52.040 E20 39.165,3,2,0,5,44.8673333333333,20.65275,2018-04-17
2018-05-02,Fabrika stakla,N44 51.385 E20 39.450,70,8,11,89,44.8564166666667,20.6575,2018-04-17
2018-05-02,Vojlovica,N44 50.670 E20 40.240,131,0,0,131,44.8445,20.6706666666667,2018-04-17
2018-05-02,Star?evo,"N44 48,375 E20 42.362",55,12,4,71,44.80625,20.7060333333333,2018-04-17
2018-05-02,Omoljica,N44 45.190 E20 44.360,22,15,3,40,44.7531666666667,20.7393333333333,2018-04-17
2018-05-02,Ivanovo,N44 44.055 E20 42.140,13,11,1,25,44.73425,20.7023333333333,2018-04-17
2018-05-02,Banatski Brestovac,N44 43.565 E20 48.308,42,10,8,60,44.7260833333333,20.8051333333333,2018-04-17
2018-05-02,Stari Tami,N44 52.140 E20 45.818,0,0,0,0,44.869,20.7636333333333,2018-04-17
2018-05-02,Dolovo,N44 54.215 E20 52.885,18,0,0,18,44.9035833333333,20.8814166666667,2018-04-17
2018-05-17,Rit ispod mosta,N44 52.581 E20 37.879,435,37,4,476,44.87635,20.6313166666667,2018-05-02
2018-05-17,Karaula,N44 53.400 E20 38.100,46,7,2,55,44.89,20.635,2018-05-02
2018-05-17,Jabuka ,N44 56.830 E20 36.110,172,11,5,188,44.9471666666667,20.6018333333333,2018-05-02
2018-05-17,Glogonj,N44 59 017 E20 31.365,42,14,2,58,44.9836166666667,20.52275,2018-05-02
2018-05-17,Ka?arevo ,N44 57.748 E20 42.773,27,2,1,30,44.9624666666667,20.7128833333333,2018-05-02
2018-05-17,Banatsko Novo Selo,N44 59.253 E20 46.888,61,0,3,64,44.98755,20.7814666666667,2018-05-02
2018-05-17,Pan?evo Nadel,N44 53.741 E20 40.850,360,0,1,361,44.8956833333333,20.6808333333333,2018-05-02
2018-05-17,Kudeljarski nasip Roda,N44 53.470 E20 40.109,164,2,0,166,44.8911666666667,20.6684833333333,2018-05-02
2018-05-17,SC na Misi,N44 52.860 E20 39.614,112,0,3,115,44.881,20.6602333333333,2018-05-02
2018-05-17,Valjevska ulica,N44 53.051 E20 38.538,53,0,2,55,44.8841833333333,20.6423,2018-05-02
2018-05-17,Brodoremont,N44 51.390 E20 38.367,15,0,0,15,44.8565,20.63945,2018-05-02
2018-05-17,Bolnica,N44 52.040 E20 39.165,8,2,1,11,44.8673333333333,20.65275,2018-05-02
2018-05-17,Fabrika stakla,N44 51.385 E20 39.450,108,0,0,108,44.8564166666667,20.6575,2018-05-02
2018-05-17,Vojlovica,N44 50.670 E20 40.240,75,3,2,80,44.8445,20.6706666666667,2018-05-02
2018-05-17,Star?evo,"N44 48,375 E20 42.362",5,0,0,5,44.80625,20.7060333333333,2018-05-02
2018-05-17,Omoljica,N44 45.190 E20 44.360,33,0,0,33,44.7531666666667,20.7393333333333,2018-05-02
2018-05-17,Ivanovo,N44 44.055 E20 42.140,30,5,6,41,44.73425,20.7023333333333,2018-05-02
2018-05-17,Banatski Brestovac,N44 43.565 E20 48.308,33,0,0,33,44.7260833333333,20.8051333333333,2018-05-02
2018-05-17,Stari Tami,N44 52.140 E20 45.818,87,0,0,87,44.869,20.7636333333333,2018-05-02
2018-05-17,Dolovo,N44 54.215 E20 52.885,31,0,4,35,44.9035833333333,20.8814166666667,2018-05-02
2018-05-29,Rit ispod mosta,N44 52.581 E20 37.879,397,8,65,470,44.87635,20.6313166666667,2018-05-14
2018-05-29,Karaula,N44 53.400 E20 38.100,77,6,1,84,44.89,20.635,2018-05-14
2018-05-29,Jabuka ,N44 56.830 E20 36.110,478,15,68,561,44.9471666666667,20.6018333333333,2018-05-14
2018-05-29,Glogonj,N44 59 017 E20 31.365,441,14,57,512,44.9836166666667,20.52275,2018-05-14
2018-05-29,Pan?evo Nadel,N44 53.741 E20 40.850,253,0,4,257,44.8956833333333,20.6808333333333,2018-05-14
2018-05-29,Kudeljarski nasip Roda,N44 53.470 E20 40.109,135,0,0,135,44.8911666666667,20.6684833333333,2018-05-14
2018-05-29,SC na Misi,N44 52.860 E20 39.614,405,1,1,407,44.881,20.6602333333333,2018-05-14
2018-05-29,Valjevska ulica,N44 53.051 E20 38.538,83,1,1,85,44.8841833333333,20.6423,2018-05-14
2018-05-29,Brodoremont,N44 51.390 E20 38.367,78,3,13,94,44.8565,20.63945,2018-05-14
2018-05-29,Bolnica,N44 52.040 E20 39.165,91,0,10,101,44.8673333333333,20.65275,2018-05-14
2018-05-29,Fabrika stakla,N44 51.385 E20 39.450,115,0,13,128,44.8564166666667,20.6575,2018-05-14
2018-05-29,Vojlovica,N44 50.670 E20 40.240,147,0,3,150,44.8445,20.6706666666667,2018-05-14
2018-05-29,Stari Tami,N44 52.140 E20 45.818,163,4,1,168,44.869,20.7636333333333,2018-05-14
2018-06-07,Rit ispod mosta,N44 52.581 E20 37.879,460,0,15,475,44.87635,20.6313166666667,2018-05-23
2018-06-07,Karaula,N44 53.400 E20 38.100,365,0,0,365,44.89,20.635,2018-05-23
2018-06-07,Jabuka ,N44 56.830 E20 36.110,1530,0,10,1540,44.9471666666667,20.6018333333333,2018-05-23
2018-06-07,Glogonj,N44 59 017 E20 31.365,1140,0,0,1140,44.9836166666667,20.52275,2018-05-23
2018-06-07,Ka?arevo ,N44 57.748 E20 42.773,1900,0,5,1905,44.9624666666667,20.7128833333333,2018-05-23
2018-06-07,Banatsko Novo Selo,N44 59.253 E20 46.888,135,0,0,135,44.98755,20.7814666666667,2018-05-23
2018-06-07,Pan?evo Nadel,N44 53.741 E20 40.850,828,0,0,828,44.8956833333333,20.6808333333333,2018-05-23
2018-06-07,Kudeljarski nasip Roda,N44 53.470 E20 40.109,710,0,3,713,44.8911666666667,20.6684833333333,2018-05-23
2018-06-07,SC na Misi,N44 52.860 E20 39.614,270,0,0,270,44.881,20.6602333333333,2018-05-23
2018-06-07,Valjevska ulica,N44 53.051 E20 38.538,221,0,0,221,44.8841833333333,20.6423,2018-05-23
2018-06-07,Brodoremont,N44 51.390 E20 38.367,440,0,13,453,44.8565,20.63945,2018-05-23
2018-06-07,Bolnica,N44 52.040 E20 39.165,345,0,4,349,44.8673333333333,20.65275,2018-05-23
2018-06-07,Fabrika stakla,N44 51.385 E20 39.450,920,0,0,920,44.8564166666667,20.6575,2018-05-23
2018-06-07,Vojlovica,N44 50.670 E20 40.240,750,0,0,750,44.8445,20.6706666666667,2018-05-23
2018-06-07,Star?evo,"N44 48,375 E20 42.362",440,0,10,450,44.80625,20.7060333333333,2018-05-23
2018-06-07,Omoljica,N44 45.190 E20 44.360,450,0,23,473,44.7531666666667,20.7393333333333,2018-05-23
2018-06-07,Ivanovo,N44 44.055 E20 42.140,780,0,20,800,44.73425,20.7023333333333,2018-05-23
2018-06-07,Banatski Brestovac,N44 43.565 E20 48.308,460,0,0,460,44.7260833333333,20.8051333333333,2018-05-23
2018-06-07,Stari Tami,N44 52.140 E20 45.818,240,0,4,244,44.869,20.7636333333333,2018-05-23
2018-06-07,Dolovo,N44 54.215 E20 52.885,270,0,0,270,44.9035833333333,20.8814166666667,2018-05-23
2018-06-21,Rit ispod mosta,N44 52.581 E20 37.879,57,0,0,57,44.87635,20.6313166666667,2018-06-06
2018-06-21,Karaula,N44 53.400 E20 38.100,97,0,0,97,44.89,20.635,2018-06-06
2018-06-21,Jabuka ,N44 56.830 E20 36.110,350,15,0,365,44.9471666666667,20.6018333333333,2018-06-06
2018-06-21,Glogonj,N44 59 017 E20 31.365,40,0,0,40,44.9836166666667,20.52275,2018-06-06
2018-06-21,Ka?arevo ,N44 57.748 E20 42.773,188,0,0,188,44.9624666666667,20.7128833333333,2018-06-06
2018-06-21,Banatsko Novo Selo,N44 59.253 E20 46.888,83,0,0,83,44.98755,20.7814666666667,2018-06-06
2018-06-21,Pan?evo Nadel,N44 53.741 E20 40.850,140,0,0,140,44.8956833333333,20.6808333333333,2018-06-06
2018-06-21,Kudeljarski nasip Roda,N44 53.470 E20 40.109,70,0,0,70,44.8911666666667,20.6684833333333,2018-06-06
2018-06-21,SC na Misi,N44 52.860 E20 39.614,85,0,2,87,44.881,20.6602333333333,2018-06-06
2018-06-21,Valjevska ulica,N44 53.051 E20 38.538,28,2,0,30,44.8841833333333,20.6423,2018-06-06
2018-06-21,Brodoremont,N44 51.390 E20 38.367,22,1,6,29,44.8565,20.63945,2018-06-06
2018-06-21,Bolnica,N44 52.040 E20 39.165,6,0,1,7,44.8673333333333,20.65275,2018-06-06
2018-06-21,Fabrika stakla,N44 51.385 E20 39.450,137,2,1,140,44.8564166666667,20.6575,2018-06-06
2018-06-21,Vojlovica,N44 50.670 E20 40.240,83,0,0,83,44.8445,20.6706666666667,2018-06-06
2018-06-21,Star?evo,"N44 48,375 E20 42.362",275,0,0,275,44.80625,20.7060333333333,2018-06-06
2018-06-21,Omoljica,N44 45.190 E20 44.360,142,0,0,142,44.7531666666667,20.7393333333333,2018-06-06
2018-06-21,Ivanovo,N44 44.055 E20 42.140,95,0,5,100,44.73425,20.7023333333333,2018-06-06
2018-06-21,Banatski Brestovac,N44 43.565 E20 48.308,180,0,0,180,44.7260833333333,20.8051333333333,2018-06-06
2018-06-21,Stari Tami,N44 52.140 E20 45.818,120,0,0,120,44.869,20.7636333333333,2018-06-06
2018-06-21,Dolovo,N44 54.215 E20 52.885,46,0,0,46,44.9035833333333,20.8814166666667,2018-06-06
2018-07-10,Rit ispod mosta,N44 52.581 E20 37.879,30,120,3,153,44.87635,20.6313166666667,2018-06-25
2018-07-10,Karaula,N44 53.400 E20 38.100,550,10,0,560,44.89,20.635,2018-06-25
2018-07-10,Jabuka ,N44 56.830 E20 36.110,45,68,19,132,44.9471666666667,20.6018333333333,2018-06-25
2018-07-10,Glogonj,N44 59 017 E20 31.365,740,52,1,793,44.9836166666667,20.52275,2018-06-25
2018-07-10,Ka?arevo ,N44 57.748 E20 42.773,460,5,0,465,44.9624666666667,20.7128833333333,2018-06-25
2018-07-10,Banatsko Novo Selo,N44 59.253 E20 46.888,850,0,0,850,44.98755,20.7814666666667,2018-06-25
2018-07-10,Pan?evo Nadel,N44 53.741 E20 40.850,128,2,0,130,44.8956833333333,20.6808333333333,2018-06-25
2018-07-10,Kudeljarski nasip Roda,N44 53.470 E20 40.109,98,11,0,109,44.8911666666667,20.6684833333333,2018-06-25
2018-07-10,SC na Misi,N44 52.860 E20 39.614,245,3,2,250,44.881,20.6602333333333,2018-06-25
2018-07-10,Valjevska ulica,N44 53.051 E20 38.538,113,9,6,128,44.8841833333333,20.6423,2018-06-25
2018-07-10,Brodoremont,N44 51.390 E20 38.367,14,10,26,50,44.8565,20.63945,2018-06-25
2018-07-10,Bolnica,N44 52.040 E20 39.165,32,0,1,33,44.8673333333333,20.65275,2018-06-25
2018-07-10,Fabrika stakla,N44 51.385 E20 39.450,550,5,2,557,44.8564166666667,20.6575,2018-06-25
2018-07-10,Vojlovica,N44 50.670 E20 40.240,124,0,6,130,44.8445,20.6706666666667,2018-06-25
2018-07-10,Star?evo,"N44 48,375 E20 42.362",105,6,6,117,44.80625,20.7060333333333,2018-06-25
2018-07-10,Omoljica,N44 45.190 E20 44.360,11,8,2,21,44.7531666666667,20.7393333333333,2018-06-25
2018-07-10,Ivanovo,N44 44.055 E20 42.140,0,27,0,27,44.73425,20.7023333333333,2018-06-25
2018-07-10,Banatski Brestovac,N44 43.565 E20 48.308,0,0,0,0,44.7260833333333,20.8051333333333,2018-06-25
2018-07-10,Stari Tami,N44 52.140 E20 45.818,165,4,9,178,44.869,20.7636333333333,2018-06-25
2018-07-10,Dolovo,N44 54.215 E20 52.885,72,0,3,75,44.9035833333333,20.8814166666667,2018-06-25
2018-07-17,Rit ispod mosta,N44 52.581 E20 37.879,142,32,12,186,44.87635,20.6313166666667,2018-07-02
2018-07-17,Karaula,N44 53.400 E20 38.100,151,16,3,170,44.89,20.635,2018-07-02
2018-07-17,Jabuka ,N44 56.830 E20 36.110,96,0,9,105,44.9471666666667,20.6018333333333,2018-07-02
2018-07-17,Glogonj,N44 59 017 E20 31.365,99,11,0,110,44.9836166666667,20.52275,2018-07-02
2018-07-17,Ka?arevo ,N44 57.748 E20 42.773,510,4,3,517,44.9624666666667,20.7128833333333,2018-07-02
2018-07-17,Banatsko Novo Selo,N44 59.253 E20 46.888,287,3,0,290,44.98755,20.7814666666667,2018-07-02
2018-07-17,Pan?evo Nadel,N44 53.741 E20 40.850,135,0,0,135,44.8956833333333,20.6808333333333,2018-07-02
2018-07-17,Kudeljarski nasip Roda,N44 53.470 E20 40.109,75,1,1,77,44.8911666666667,20.6684833333333,2018-07-02
2018-07-17,SC na Misi,N44 52.860 E20 39.614,101,0,2,103,44.881,20.6602333333333,2018-07-02
2018-07-17,Valjevska ulica,N44 53.051 E20 38.538,73,13,5,91,44.8841833333333,20.6423,2018-07-02
2018-07-17,Brodoremont,N44 51.390 E20 38.367,101,0,2,103,44.8565,20.63945,2018-07-02
2018-07-17,Bolnica,N44 52.040 E20 39.165,3,0,2,5,44.8673333333333,20.65275,2018-07-02
2018-07-17,Fabrika stakla,N44 51.385 E20 39.450,21,0,0,21,44.8564166666667,20.6575,2018-07-02
2018-07-17,Vojlovica,N44 50.670 E20 40.240,79,2,7,88,44.8445,20.6706666666667,2018-07-02
2018-07-17,Star?evo,"N44 48,375 E20 42.362",111,0,2,113,44.80625,20.7060333333333,2018-07-02
2018-07-17,Omoljica,N44 45.190 E20 44.360,102,6,7,115,44.7531666666667,20.7393333333333,2018-07-02
2018-07-17,Ivanovo,N44 44.055 E20 42.140,45,40,21,106,44.73425,20.7023333333333,2018-07-02
2018-07-17,Banatski Brestovac,N44 43.565 E20 48.308,280,0,1,281,44.7260833333333,20.8051333333333,2018-07-02
2018-07-17,Stari Tami,N44 52.140 E20 45.818,215,0,1,216,44.869,20.7636333333333,2018-07-02
2018-07-17,Dolovo,N44 54.215 E20 52.885,56,0,5,61,44.9035833333333,20.8814166666667,2018-07-02
2018-08-08,Rit ispod mosta,N44 52.581 E20 37.879,143,0,4,147,44.87635,20.6313166666667,2018-07-24
2018-08-08,Karaula,N44 53.400 E20 38.100,14,0,0,14,44.89,20.635,2018-07-24
2018-08-08,Jabuka ,N44 56.830 E20 36.110,350,0,6,356,44.9471666666667,20.6018333333333,2018-07-24
2018-08-08,Glogonj,N44 59 017 E20 31.365,64,0,0,64,44.9836166666667,20.52275,2018-07-24
2018-08-08,Ka?arevo ,N44 57.748 E20 42.773,280,0,0,280,44.9624666666667,20.7128833333333,2018-07-24
2018-08-08,Banatsko Novo Selo,N44 59.253 E20 46.888,26,0,0,26,44.98755,20.7814666666667,2018-07-24
2018-08-08,Pan?evo Nadel,N44 53.741 E20 40.850,36,0,0,36,44.8956833333333,20.6808333333333,2018-07-24
2018-08-08,Kudeljarski nasip Roda,N44 53.470 E20 40.109,71,1,0,72,44.8911666666667,20.6684833333333,2018-07-24
2018-08-08,SC na Misi,N44 52.860 E20 39.614,94,22,0,116,44.881,20.6602333333333,2018-07-24
2018-08-08,Valjevska ulica,N44 53.051 E20 38.538,95,0,0,95,44.8841833333333,20.6423,2018-07-24
2018-08-08,Brodoremont,N44 51.390 E20 38.367,140,0,28,168,44.8565,20.63945,2018-07-24
2018-08-08,Bolnica,N44 52.040 E20 39.165,50,0,0,50,44.8673333333333,20.65275,2018-07-24
2018-08-08,Fabrika stakla,N44 51.385 E20 39.450,195,6,1,202,44.8564166666667,20.6575,2018-07-24
2018-08-08,Vojlovica,N44 50.670 E20 40.240,80,0,0,80,44.8445,20.6706666666667,2018-07-24
2018-08-08,Star?evo,"N44 48,375 E20 42.362",91,1,1,93,44.80625,20.7060333333333,2018-07-24
2018-08-08,Omoljica,N44 45.190 E20 44.360,68,0,0,68,44.7531666666667,20.7393333333333,2018-07-24
2018-08-08,Ivanovo,N44 44.055 E20 42.140,134,18,5,157,44.73425,20.7023333333333,2018-07-24
2018-08-08,Banatski Brestovac,N44 43.565 E20 48.308,220,0,0,220,44.7260833333333,20.8051333333333,2018-07-24
2018-08-08,Stari Tami,N44 52.140 E20 45.818,50,6,0,56,44.869,20.7636333333333,2018-07-24
2018-08-08,Dolovo,N44 54.215 E20 52.885,100,0,0,100,44.9035833333333,20.8814166666667,2018-07-24
2017-05-30,Rit ispod mosta,N44 52.581 E20 37.879,25,470,3,498,44.87635,20.6313166666667,2017-05-15
2017-05-30,Karaula,N44 53.400 E20 38.100,15,45,0,60,44.89,20.635,2017-05-15
2017-05-30,Jabuka ,N44 56.830 E20 36.110,20,95,0,115,44.9471666666667,20.6018333333333,2017-05-15
2017-05-30,Glogonj,N44 59 017 E20 31.365,70,50,0,120,44.9836166666667,20.52275,2017-05-15
2017-05-30,Ka?arevo ,N44 57.748 E20 42.773,260,220,0,480,44.9624666666667,20.7128833333333,2017-05-15
2017-05-30,Banatsko Novo Selo,N44 59.253 E20 46.888,36,0,0,36,44.98755,20.7814666666667,2017-05-15
2017-05-30,Pan?evo Nadel,N44 53.741 E20 40.850,234,86,0,320,44.8956833333333,20.6808333333333,2017-05-15
2017-05-30,Kudeljarski nasip Roda,N44 53.470 E20 40.109,198,147,1,346,44.8911666666667,20.6684833333333,2017-05-15
2017-05-30,SC na Misi,N44 52.860 E20 39.614,90,40,5,135,44.881,20.6602333333333,2017-05-15
2017-05-30,Valjevska ulica,N44 53.051 E20 38.538,45,15,2,62,44.8841833333333,20.6423,2017-05-15
2017-05-30,Brodoremont,N44 51.390 E20 38.367,47,98,2,147,44.8565,20.63945,2017-05-15
2017-05-30,Bolnica,N44 52.040 E20 39.165,7,137,8,152,44.8673333333333,20.65275,2017-05-15
2017-05-30,Fabrika stakla,N44 51.385 E20 39.450,12,188,3,203,44.8564166666667,20.6575,2017-05-15
2017-05-30,Vojlovica,N44 50.670 E20 40.240,70,1120,7,1197,44.8445,20.6706666666667,2017-05-15
2017-05-30,Star?evo,"N44 48,375 E20 42.362",90,25,2,117,44.80625,20.7060333333333,2017-05-15
2017-05-30,Omoljica,N44 45.190 E20 44.360,60,3,3,66,44.7531666666667,20.7393333333333,2017-05-15
2017-05-30,Ivanovo,N44 44.055 E20 42.140,11,187,14,212,44.73425,20.7023333333333,2017-05-15
2017-05-30,Dolovo,N44 54.215 E20 52.885,6,5,0,11,44.9035833333333,20.8814166666667,2017-05-15
2017-06-05,Rit ispod mosta,N44 52.581 E20 37.879,80,210,1,291,44.87635,20.6313166666667,2017-05-21
2017-06-05,Karaula,N44 53.400 E20 38.100,102,21,2,125,44.89,20.635,2017-05-21
2017-06-05,Jabuka ,N44 56.830 E20 36.110,166,16,0,182,44.9471666666667,20.6018333333333,2017-05-21
2017-06-05,Glogonj,N44 59 017 E20 31.365,17,50,2,69,44.9836166666667,20.52275,2017-05-21
2017-06-05,Ka?arevo ,N44 57.748 E20 42.773,320,0,0,320,44.9624666666667,20.7128833333333,2017-05-21
2017-06-05,Pan?evo Nadel,N44 53.741 E20 40.850,126,11,0,137,44.8956833333333,20.6808333333333,2017-05-21
2017-06-05,Kudeljarski nasip Roda,N44 53.470 E20 40.109,310,20,1,331,44.8911666666667,20.6684833333333,2017-05-21
2017-06-05,SC na Misi,N44 52.860 E20 39.614,260,10,3,273,44.881,20.6602333333333,2017-05-21
2017-06-05,Valjevska ulica,N44 53.051 E20 38.538,38,12,2,52,44.8841833333333,20.6423,2017-05-21
2017-06-05,Brodoremont,N44 51.390 E20 38.367,20,18,2,40,44.8565,20.63945,2017-05-21
2017-06-05,Bolnica,N44 52.040 E20 39.165,70,14,0,84,44.8673333333333,20.65275,2017-05-21
2017-06-05,Fabrika stakla,N44 51.385 E20 39.450,82,14,1,97,44.8564166666667,20.6575,2017-05-21
2017-06-05,Vojlovica,N44 50.670 E20 40.240,338,18,3,359,44.8445,20.6706666666667,2017-05-21
2017-06-05,Star?evo,"N44 48,375 E20 42.362",65,11,1,77,44.80625,20.7060333333333,2017-05-21
2017-06-05,Omoljica,N44 45.190 E20 44.360,58,8,2,68,44.7531666666667,20.7393333333333,2017-05-21
2017-06-05,Ivanovo,N44 44.055 E20 42.140,45,150,4,199,44.73425,20.7023333333333,2017-05-21
2017-06-05,Banatski Brestovac,N44 43.565 E20 48.308,48,13,0,61,44.7260833333333,20.8051333333333,2017-05-21
2017-07-02,Rit ispod mosta,N44 52.581 E20 37.879,73,1,2,76,44.87635,20.6313166666667,2017-06-17
2017-07-02,Karaula,N44 53.400 E20 38.100,960,5,0,965,44.89,20.635,2017-06-17
2017-07-02,Jabuka ,N44 56.830 E20 36.110,550,5,0,555,44.9471666666667,20.6018333333333,2017-06-17
2017-07-02,Glogonj,N44 59 017 E20 31.365,800,12,7,819,44.9836166666667,20.52275,2017-06-17
2017-07-02,Ka?arevo ,N44 57.748 E20 42.773,1245,0,5,1250,44.9624666666667,20.7128833333333,2017-06-17
2017-07-02,Banatsko Novo Selo,N44 59.253 E20 46.888,1054,0,0,1054,44.98755,20.7814666666667,2017-06-17
2017-07-02,Pan?evo Nadel,N44 53.741 E20 40.850,415,0,0,415,44.8956833333333,20.6808333333333,2017-06-17
2017-07-02,Kudeljarski nasip Roda,N44 53.470 E20 40.109,950,0,5,955,44.8911666666667,20.6684833333333,2017-06-17
2017-07-02,SC na Misi,N44 52.860 E20 39.614,225,0,90,315,44.881,20.6602333333333,2017-06-17
2017-07-02,Valjevska ulica,N44 53.051 E20 38.538,250,0,10,260,44.8841833333333,20.6423,2017-06-17
2017-07-02,Brodoremont,N44 51.390 E20 38.367,155,86,12,253,44.8565,20.63945,2017-06-17
2017-07-02,Bolnica,N44 52.040 E20 39.165,92,0,2,94,44.8673333333333,20.65275,2017-06-17
2017-07-02,Fabrika stakla,N44 51.385 E20 39.450,500,2,3,505,44.8564166666667,20.6575,2017-06-17
2017-07-02,Vojlovica,N44 50.670 E20 40.240,650,0,1,651,44.8445,20.6706666666667,2017-06-17
2017-07-02,Star?evo,"N44 48,375 E20 42.362",350,0,2,352,44.80625,20.7060333333333,2017-06-17
2017-07-02,Omoljica,N44 45.190 E20 44.360,220,0,0,220,44.7531666666667,20.7393333333333,2017-06-17
2017-07-02,Ivanovo,N44 44.055 E20 42.140,410,5,6,421,44.73425,20.7023333333333,2017-06-17
2017-07-02,Banatski Brestovac,N44 43.565 E20 48.308,135,0,2,137,44.7260833333333,20.8051333333333,2017-06-17
2017-07-02,Stari Tami,N44 52.140 E20 45.818,1105,13,5,1123,44.869,20.7636333333333,2017-06-17
2017-07-02,Dolovo,N44 54.215 E20 52.885,100,0,3,103,44.9035833333333,20.8814166666667,2017-06-17
2017-07-07,Rit ispod mosta,N44 52.581 E20 37.879,614,3,2,619,44.87635,20.6313166666667,2017-06-22
2017-07-07,Karaula,N44 53.400 E20 38.100,830,6,0,836,44.89,20.635,2017-06-22
2017-07-07,Jabuka ,N44 56.830 E20 36.110,495,27,6,528,44.9471666666667,20.6018333333333,2017-06-22
2017-07-07,Glogonj,N44 59 017 E20 31.365,639,153,4,796,44.9836166666667,20.52275,2017-06-22
2017-07-07,Ka?arevo ,N44 57.748 E20 42.773,968,2,0,970,44.9624666666667,20.7128833333333,2017-06-22
2017-07-07,Banatsko Novo Selo,N44 59.253 E20 46.888,580,2,0,582,44.98755,20.7814666666667,2017-06-22
2017-07-07,Pan?evo Nadel,N44 53.741 E20 40.850,838,0,4,842,44.8956833333333,20.6808333333333,2017-06-22
2017-07-07,Kudeljarski nasip Roda,N44 53.470 E20 40.109,580,0,0,580,44.8911666666667,20.6684833333333,2017-06-22
2017-07-07,SC na Misi,N44 52.860 E20 39.614,40,8,2,50,44.881,20.6602333333333,2017-06-22
2017-07-07,Valjevska ulica,N44 53.051 E20 38.538,450,0,0,450,44.8841833333333,20.6423,2017-06-22
2017-07-07,Brodoremont,N44 51.390 E20 38.367,85,57,16,158,44.8565,20.63945,2017-06-22
2017-07-07,Bolnica,N44 52.040 E20 39.165,46,0,3,49,44.8673333333333,20.65275,2017-06-22
2017-07-07,Fabrika stakla,N44 51.385 E20 39.450,241,0,0,241,44.8564166666667,20.6575,2017-06-22
2017-07-07,Vojlovica,N44 50.670 E20 40.240,248,20,2,270,44.8445,20.6706666666667,2017-06-22
2017-07-07,Star?evo,"N44 48,375 E20 42.362",250,0,0,250,44.80625,20.7060333333333,2017-06-22
2017-07-07,Omoljica,N44 45.190 E20 44.360,30,3,0,33,44.7531666666667,20.7393333333333,2017-06-22
2017-07-07,Ivanovo,N44 44.055 E20 42.140,300,18,2,320,44.73425,20.7023333333333,2017-06-22
2017-07-07,Banatski Brestovac,N44 43.565 E20 48.308,135,10,5,150,44.7260833333333,20.8051333333333,2017-06-22
2017-07-07,Stari Tami,N44 52.140 E20 45.818,346,0,2,348,44.869,20.7636333333333,2017-06-22
2017-07-07,Dolovo,N44 54.215 E20 52.885,82,0,0,82,44.9035833333333,20.8814166666667,2017-06-22
2016-08-03,Rit ispod mosta,N44 52.581 E20 37.879,250,0,,250,44.87635,20.6313166666667,2016-07-19
2016-08-03,Karaula,N44 53.400 E20 38.100,158,0,,158,44.89,20.635,2016-07-19
2016-08-03,Jabuka ,N44 56.830 E20 36.110,149,43,,192,44.9471666666667,20.6018333333333,2016-07-19
2016-08-03,Glogonj,N44 59 017 E20 31.365,134,20,,154,44.9836166666667,20.52275,2016-07-19
2016-08-03,Ka?arevo ,N44 57.748 E20 42.773,178,8,,186,44.9624666666667,20.7128833333333,2016-07-19
2016-08-03,Banatsko Novo Selo,N44 59.253 E20 46.888,356,0,,356,44.98755,20.7814666666667,2016-07-19
2016-08-03,Pan?evo Nadel,N44 53.741 E20 40.850,123,4,,127,44.8956833333333,20.6808333333333,2016-07-19
2016-08-03,Kudeljarski nasip Roda,N44 53.470 E20 40.109,186,5,,191,44.8911666666667,20.6684833333333,2016-07-19
2016-08-03,SC na Misi,N44 52.860 E20 39.614,60,0,,60,44.881,20.6602333333333,2016-07-19
2016-08-03,Valjevska ulica,N44 53.051 E20 38.538,211,0,,211,44.8841833333333,20.6423,2016-07-19
2016-08-03,Brodoremont,N44 51.390 E20 38.367,424,512,,936,44.8565,20.63945,2016-07-19
2016-08-03,Bolnica,N44 52.040 E20 39.165,31,12,,43,44.8673333333333,20.65275,2016-07-19
2016-08-03,Fabrika stakla,N44 51.385 E20 39.450,483,0,,483,44.8564166666667,20.6575,2016-07-19
2016-08-03,Vojlovica,N44 50.670 E20 40.240,238,8,,246,44.8445,20.6706666666667,2016-07-19
2016-08-03,Star?evo,"N44 48,375 E20 42.362",180,6,,186,44.80625,20.7060333333333,2016-07-19
2016-08-03,Omoljica,N44 45.190 E20 44.360,49,0,,49,44.7531666666667,20.7393333333333,2016-07-19
2016-08-03,Ivanovo,N44 44.055 E20 42.140,112,10,,122,44.73425,20.7023333333333,2016-07-19
2016-08-03,Banatski Brestovac,N44 43.565 E20 48.308,85,50,,135,44.7260833333333,20.8051333333333,2016-07-19
2016-08-03,Stari Tami,N44 52.140 E20 45.818,78,0,,78,44.869,20.7636333333333,2016-07-19
2016-08-03,Dolovo,N44 54.215 E20 52.885,73,0,,73,44.9035833333333,20.8814166666667,2016-07-19
2015-06-17,Karaula,N44 53.400 E20 38.100,,,,512,44.89,20.635,2015-06-02
2015-06-17,Jabuka ,N44 56.830 E20 36.110,,,,828,44.9471666666667,20.6018333333333,2015-06-02
2015-06-17,Glogonj,N44 59 017 E20 31.365,,,,1085,44.9836166666667,20.52275,2015-06-02
2015-06-17,Ka?arevo ,N44 57.748 E20 42.773,,,,412,44.9624666666667,20.7128833333333,2015-06-02
2015-06-17,Banatsko Novo Selo,N44 59.253 E20 46.888,,,,470,44.98755,20.7814666666667,2015-06-02
2015-06-17,Pan?evo Nadel,N44 53.741 E20 40.850,,,,1323,44.8956833333333,20.6808333333333,2015-06-02
2015-06-17,SC na Misi,N44 52.860 E20 39.614,,,,82,44.881,20.6602333333333,2015-06-02
2015-06-17,Brodoremont,N44 51.390 E20 38.367,,,,210,44.8565,20.63945,2015-06-02
2015-06-17,Bolnica,N44 52.040 E20 39.165,,,,15,44.8673333333333,20.65275,2015-06-02
2015-06-17,Fabrika stakla,N44 51.385 E20 39.450,,,,680,44.8564166666667,20.6575,2015-06-02
2015-06-17,Vojlovica,N44 50.670 E20 40.240,,,,77,44.8445,20.6706666666667,2015-06-02
2015-06-17,Star?evo,"N44 48,375 E20 42.362",,,,267,44.80625,20.7060333333333,2015-06-02
2015-06-17,Omoljica,N44 45.190 E20 44.360,,,,116,44.7531666666667,20.7393333333333,2015-06-02
2015-06-17,Ivanovo,N44 44.055 E20 42.140,,,,130,44.73425,20.7023333333333,2015-06-02
2015-06-17,Banatski Brestovac,N44 43.565 E20 48.308,,,,30,44.7260833333333,20.8051333333333,2015-06-02
2015-06-17,Dolovo,N44 54.215 E20 52.885,,,,15,44.9035833333333,20.8814166666667,2015-06-02
2015-07-13,Rit ispod mosta,N44 52.581 E20 37.879,,,,95,44.87635,20.6313166666667,2015-06-28
2015-07-13,Karaula,N44 53.400 E20 38.100,,,,153,44.89,20.635,2015-06-28
2015-07-13,Jabuka ,N44 56.830 E20 36.110,,,,800,44.9471666666667,20.6018333333333,2015-06-28
2015-07-13,Glogonj,N44 59 017 E20 31.365,,,,452,44.9836166666667,20.52275,2015-06-28
2015-07-13,Ka?arevo ,N44 57.748 E20 42.773,,,,251,44.9624666666667,20.7128833333333,2015-06-28
2015-07-13,Banatsko Novo Selo,N44 59.253 E20 46.888,,,,263,44.98755,20.7814666666667,2015-06-28
2015-07-13,Pan?evo Nadel,N44 53.741 E20 40.850,,,,62,44.8956833333333,20.6808333333333,2015-06-28
2015-07-13,Kudeljarski nasip Roda,N44 53.470 E20 40.109,,,,304,44.8911666666667,20.6684833333333,2015-06-28
2015-07-13,SC na Misi,N44 52.860 E20 39.614,,,,136,44.881,20.6602333333333,2015-06-28
2015-07-13,Brodoremont,N44 51.390 E20 38.367,,,,480,44.8565,20.63945,2015-06-28
2015-07-13,Bolnica,N44 52.040 E20 39.165,,,,35,44.8673333333333,20.65275,2015-06-28
2015-07-13,Fabrika stakla,N44 51.385 E20 39.450,,,,630,44.8564166666667,20.6575,2015-06-28
2015-07-13,Vojlovica,N44 50.670 E20 40.240,,,,910,44.8445,20.6706666666667,2015-06-28
2015-07-13,Star?evo,"N44 48,375 E20 42.362",,,,575,44.80625,20.7060333333333,2015-06-28
2015-07-13,Omoljica,N44 45.190 E20 44.360,,,,115,44.7531666666667,20.7393333333333,2015-06-28
2015-07-13,Ivanovo,N44 44.055 E20 42.140,,,,552,44.73425,20.7023333333333,2015-06-28
2015-07-13,Banatski Brestovac,N44 43.565 E20 48.308,,,,326,44.7260833333333,20.8051333333333,2015-06-28
2015-07-13,Dolovo,N44 54.215 E20 52.885,,,,44,44.9035833333333,20.8814166666667,2015-06-28
2015-08-15,Rit ispod mosta,N44 52.581 E20 37.879,,,,134,44.87635,20.6313166666667,2015-07-31
2015-08-15,Karaula,N44 53.400 E20 38.100,,,,351,44.89,20.635,2015-07-31
2015-08-15,Jabuka ,N44 56.830 E20 36.110,,,,474,44.9471666666667,20.6018333333333,2015-07-31
2015-08-15,Glogonj,N44 59 017 E20 31.365,,,,306,44.9836166666667,20.52275,2015-07-31
2015-08-15,Ka?arevo ,N44 57.748 E20 42.773,,,,1143,44.9624666666667,20.7128833333333,2015-07-31
2015-08-15,Banatsko Novo Selo,N44 59.253 E20 46.888,,,,172,44.98755,20.7814666666667,2015-07-31
2015-08-15,Pan?evo Nadel,N44 53.741 E20 40.850,,,,810,44.8956833333333,20.6808333333333,2015-07-31
2015-08-15,Kudeljarski nasip Roda,N44 53.470 E20 40.109,,,,118,44.8911666666667,20.6684833333333,2015-07-31
2015-08-15,SC na Misi,N44 52.860 E20 39.614,,,,411,44.881,20.6602333333333,2015-07-31
2015-08-15,Valjevska ulica,N44 53.051 E20 38.538,,,,556,44.8841833333333,20.6423,2015-07-31
2015-08-15,Brodoremont,N44 51.390 E20 38.367,,,,61,44.8565,20.63945,2015-07-31
2015-08-15,Bolnica,N44 52.040 E20 39.165,,,,52,44.8673333333333,20.65275,2015-07-31
2015-08-15,Fabrika stakla,N44 51.385 E20 39.450,,,,136,44.8564166666667,20.6575,2015-07-31
2015-08-15,Vojlovica,N44 50.670 E20 40.240,,,,98,44.8445,20.6706666666667,2015-07-31
2015-08-15,Star?evo,"N44 48,375 E20 42.362",,,,223,44.80625,20.7060333333333,2015-07-31
2015-08-15,Omoljica,N44 45.190 E20 44.360,,,,117,44.7531666666667,20.7393333333333,2015-07-31
2015-08-15,Ivanovo,N44 44.055 E20 42.140,,,,153,44.73425,20.7023333333333,2015-07-31
2015-08-15,Banatski Brestovac,N44 43.565 E20 48.308,,,,84,44.7260833333333,20.8051333333333,2015-07-31
2015-08-15,Dolovo,N44 54.215 E20 52.885,,,,89,44.9035833333333,20.8814166666667,2015-07-31
2015-08-27,Karaula,N44 53.400 E20 38.100,,,,185,44.89,20.635,2015-08-12
2015-08-27,Jabuka ,N44 56.830 E20 36.110,,,,133,44.9471666666667,20.6018333333333,2015-08-12
2015-08-27,Glogonj,N44 59 017 E20 31.365,,,,38,44.9836166666667,20.52275,2015-08-12
2015-08-27,Ka?arevo ,N44 57.748 E20 42.773,,,,246,44.9624666666667,20.7128833333333,2015-08-12
2015-08-27,Pan?evo Nadel,N44 53.741 E20 40.850,,,,100,44.8956833333333,20.6808333333333,2015-08-12
2015-08-27,SC na Misi,N44 52.860 E20 39.614,,,,230,44.881,20.6602333333333,2015-08-12
2015-08-27,Star?evo,"N44 48,375 E20 42.362",,,,142,44.80625,20.7060333333333,2015-08-12
